runId,label,operation,requestId,phase,t,status,errorCode,classification,reasonClient,reasonApi,stageApi,apiPresent,providerDispatched,e2eMs
E01-s7-initial-e10e1416-e8fb-437a-84a1-bca9da4f99b5,E01 r2,profile,profile-1050,warmup,-84.999,503,1503,technical_error,hard_deadline,hard_deadline,consent,True,False,754
E01-s7-initial-e10e1416-e8fb-437a-84a1-bca9da4f99b5,E01 r2,quote,quote-9016,measured,8.801,503,1503,technical_error,hard_deadline,hard_deadline,consent,True,False,749
E07-s7-initial-f9876597-457e-40da-9f2e-7055eca4c9b7,E07 ausente r1,quote,quote-29236,measured,297.652,503,1503,technical_error,hard_deadline,hard_deadline,consent,True,False,748
E03-s7-initial-e3107ea3-23d3-45c5-ad8e-9dfdcbffd908,E03 r1,quote,quote-11713,measured,47.326,503,1503,technical_error,hard_deadline,hard_deadline,consent,True,False,755
E03-s7-initial-e3107ea3-23d3-45c5-ad8e-9dfdcbffd908,E03 r1,profile,profile-11404,measured,260.128,503,1503,technical_error,hard_deadline,hard_deadline,snapshot,True,False,752
E04-s7-initial-7011d0cd-2b3f-4dff-bede-dd61ddb547e8,E04 r2,quote,quote-11172,measured,39.6,503,1503,technical_error,hard_deadline,hard_deadline,consent,True,False,752
E03-s7-initial-a17bc42f-5905-4b43-bce2-cba0b2f89a12,E03 r2,quote,quote-26488,measured,258.391,503,1503,technical_error,hard_deadline,hard_deadline,snapshot,True,False,755
E07-s7-initial-3cadfecb-4eab-435f-b54b-7e186f16671d,E07 vencido r1,quote,quote-3719,warmup,-66.872,503,1503,technical_error,hard_deadline,hard_deadline,snapshot,True,False,753
E07-s7-initial-3cadfecb-4eab-435f-b54b-7e186f16671d,E07 vencido r1,quote,quote-3721,warmup,-66.843,503,1503,technical_error,hard_deadline,hard_deadline,snapshot,True,False,754
E07-s7-initial-3cadfecb-4eab-435f-b54b-7e186f16671d,E07 vencido r1,quote,quote-3722,warmup,-66.829,503,1503,technical_error,hard_deadline,hard_deadline,snapshot,True,False,769
E07-s7-initial-3cadfecb-4eab-435f-b54b-7e186f16671d,E07 vencido r1,quote,quote-3725,warmup,-66.787,503,1503,technical_error,hard_deadline,hard_deadline,consent,True,False,766
E07-s7-initial-3cadfecb-4eab-435f-b54b-7e186f16671d,E07 vencido r1,quote,quote-3737,warmup,-66.615,503,1503,technical_error,hard_deadline,hard_deadline,snapshot,True,False,756
E07-s7-initial-3cadfecb-4eab-435f-b54b-7e186f16671d,E07 vencido r1,profile,profile-1602,warmup,-66.601,503,1503,technical_error,hard_deadline,hard_deadline,snapshot,True,False,754
E07-s7-initial-3cadfecb-4eab-435f-b54b-7e186f16671d,E07 vencido r1,quote,quote-3743,warmup,-66.53,503,1503,technical_error,hard_deadline,hard_deadline,consent,True,False,753
E07-s7-initial-3cadfecb-4eab-435f-b54b-7e186f16671d,E07 vencido r1,quote,quote-3751,warmup,-66.415,503,1503,technical_error,hard_deadline,hard_deadline,consent,True,False,753
E07-s7-initial-3cadfecb-4eab-435f-b54b-7e186f16671d,E07 vencido r1,profile,profile-1617,warmup,-66.101,503,1503,technical_error,hard_deadline,hard_deadline,consent,True,False,751
E07-s7-initial-3cadfecb-4eab-435f-b54b-7e186f16671d,E07 vencido r1,profile,profile-1621,warmup,-65.967,503,1503,technical_error,hard_deadline,hard_deadline,snapshot,True,False,758
E07-s7-initial-3cadfecb-4eab-435f-b54b-7e186f16671d,E07 vencido r1,quote,quote-3816,warmup,-65.486,503,1503,technical_error,hard_deadline,hard_deadline,snapshot,True,False,756
E07-s7-initial-3cadfecb-4eab-435f-b54b-7e186f16671d,E07 vencido r1,quote,quote-3837,warmup,-65.186,503,1503,technical_error,hard_deadline,hard_deadline,snapshot,True,False,755
E07-s7-initial-9729c51a-b891-414f-97ae-786f7c866da4,E07 vencido r3,quote,quote-29376,measured,299.646,503,1503,technical_error,hard_deadline,hard_deadline,consent,True,False,753
E04-s7-initial-87c004a6-7d82-48ff-84ba-0588a03c2629,E04 r1,quote,quote-14145,measured,82.072,503,1503,technical_error,hard_deadline,hard_deadline,consent,True,False,756
E04-s7-initial-87c004a6-7d82-48ff-84ba-0588a03c2629,E04 r1,profile,profile-7271,measured,122.367,503,1503,technical_error,hard_deadline,hard_deadline,snapshot,True,False,755
E04-s7-initial-87c004a6-7d82-48ff-84ba-0588a03c2629,E04 r1,quote,quote-17339,measured,127.701,503,1503,technical_error,hard_deadline,hard_deadline,consent,True,False,750
E04-s7-initial-87c004a6-7d82-48ff-84ba-0588a03c2629,E04 r1,quote,quote-18659,measured,146.558,503,1503,technical_error,hard_deadline,hard_deadline,consent,True,False,751
E04-s7-initial-87c004a6-7d82-48ff-84ba-0588a03c2629,E04 r1,quote,quote-18662,measured,146.601,503,1503,technical_error,hard_deadline,hard_deadline,consent,True,False,756
E08-s7-initial-984e8fcb-a22f-4f5b-939c-b2f85ad09001,E08 revocado r2,profile,profile-2691,warmup,-30.299,503,1503,technical_error,hard_deadline,hard_deadline,consent,True,False,750
E08-s7-initial-984e8fcb-a22f-4f5b-939c-b2f85ad09001,E08 revocado r2,quote,quote-13069,measured,66.701,503,1503,technical_error,hard_deadline,hard_deadline,consent,True,False,750
E08-s7-initial-984e8fcb-a22f-4f5b-939c-b2f85ad09001,E08 revocado r2,quote,quote-13077,measured,66.815,503,1503,technical_error,hard_deadline,hard_deadline,consent,True,False,751
E02-s7-initial-93efbd85-ba07-4f15-ad77-f35f48fe115d,E02 r1,quote,quote-9693,measured,18.47,503,1503,technical_error,hard_deadline,hard_deadline,consent,True,False,751
E02-s7-initial-93efbd85-ba07-4f15-ad77-f35f48fe115d,E02 r1,profile,profile-11846,measured,274.862,503,1503,technical_error,hard_deadline,hard_deadline,consent,True,False,750
E08-s7-initial-25ccb11e-021d-4a31-b025-aa9947582770,E08 revocado r3,quote,quote-5730,warmup,-38.143,503,1503,technical_error,hard_deadline,hard_deadline,consent,True,False,751
E08-s7-initial-25ccb11e-021d-4a31-b025-aa9947582770,E08 revocado r3,profile,profile-11019,measured,247.296,503,1503,technical_error,hard_deadline,hard_deadline,consent,True,False,755
E07-s7-initial-0323826e-20d0-4a86-811e-065902815d3e,E07 vencido r2,quote,quote-20826,measured,177.51,503,1503,technical_error,hard_deadline,hard_deadline,consent,True,False,751
E07-s7-initial-d6ee825c-243a-43e9-825a-129dd1470d21,E07 ausente r2,profile,profile-6091,measured,83.03,503,1503,technical_error,hard_deadline,hard_deadline,consent,True,False,773
E07-s7-initial-d6ee825c-243a-43e9-825a-129dd1470d21,E07 ausente r2,profile,profile-6109,measured,83.63,503,1503,technical_error,hard_deadline,hard_deadline,snapshot,True,False,755
E04-s7-initial-38fc9da2-7803-4965-bf73-c771adef8732,E04 r3,quote,quote-11457,measured,43.675,503,1503,technical_error,hard_deadline,hard_deadline,snapshot,True,False,753
E08-s7-initial-4fb8bfec-855d-44fe-965d-32802c675f24,E08 revocado r1,quote,quote-27803,measured,277.181,503,1503,technical_error,hard_deadline,hard_deadline,consent,True,False,749
E06-s7-initial-7018cf53-40c6-46a0-a182-d70c26e9f552,E06 r2,quote,quote-14162,measured,22.311,503,1503,technical_error,hard_deadline,hard_deadline,snapshot,True,False,753
E06-s7-initial-7018cf53-40c6-46a0-a182-d70c26e9f552,E06 r2,quote,quote-14508,measured,27.254,503,1503,technical_error,hard_deadline,hard_deadline,snapshot,True,False,757
E06-s7-initial-7018cf53-40c6-46a0-a182-d70c26e9f552,E06 r2,quote,quote-14577,measured,28.239,503,1503,technical_error,hard_deadline,hard_deadline,snapshot,True,False,757
E06-s7-initial-7018cf53-40c6-46a0-a182-d70c26e9f552,E06 r2,profile,profile-6475,measured,35.829,503,1503,technical_error,hard_deadline,hard_deadline,snapshot,True,False,752
E06-s7-initial-7018cf53-40c6-46a0-a182-d70c26e9f552,E06 r2,profile,profile-6522,measured,37.396,503,1503,technical_error,hard_deadline,hard_deadline,snapshot,True,False,753
E06-s7-initial-7018cf53-40c6-46a0-a182-d70c26e9f552,E06 r2,profile,profile-6599,measured,39.963,503,1503,technical_error,hard_deadline,hard_deadline,snapshot,True,False,751
E06-s7-initial-7018cf53-40c6-46a0-a182-d70c26e9f552,E06 r2,quote,quote-15478,measured,41.11,503,1503,technical_error,hard_deadline,hard_deadline,snapshot,True,False,753
E06-s7-initial-7018cf53-40c6-46a0-a182-d70c26e9f552,E06 r2,quote,quote-15621,measured,43.153,503,1503,technical_error,hard_deadline,hard_deadline,snapshot,True,False,756
E06-s7-initial-7018cf53-40c6-46a0-a182-d70c26e9f552,E06 r2,quote,quote-15628,measured,43.253,503,1503,technical_error,hard_deadline,hard_deadline,snapshot,True,False,754
E06-s7-initial-7018cf53-40c6-46a0-a182-d70c26e9f552,E06 r2,quote,quote-15711,measured,44.439,503,1503,technical_error,hard_deadline,hard_deadline,snapshot,True,False,753
E06-s7-initial-7018cf53-40c6-46a0-a182-d70c26e9f552,E06 r2,profile,profile-6737,measured,44.563,503,1503,technical_error,hard_deadline,hard_deadline,snapshot,True,False,752
E06-s7-initial-7018cf53-40c6-46a0-a182-d70c26e9f552,E06 r2,quote,quote-15818,measured,45.967,503,1503,technical_error,hard_deadline,hard_deadline,snapshot,True,False,756
E06-s7-initial-7018cf53-40c6-46a0-a182-d70c26e9f552,E06 r2,quote,quote-15853,measured,46.467,503,1503,technical_error,hard_deadline,hard_deadline,snapshot,True,False,755
E06-s7-initial-7018cf53-40c6-46a0-a182-d70c26e9f552,E06 r2,quote,quote-17333,measured,67.611,503,1503,technical_error,hard_deadline,hard_deadline,snapshot,True,False,756
E05-s7-initial-365e75c7-46ba-4204-bbae-4ae59d9ef5fa,E05 r1,profile,profile-4063,measured,15.431,503,1503,technical_error,hard_deadline,hard_deadline,snapshot,True,False,755
E05-s7-initial-365e75c7-46ba-4204-bbae-4ae59d9ef5fa,E05 r1,quote,quote-9658,measured,17.97,503,1503,technical_error,hard_deadline,hard_deadline,snapshot,True,False,762
E05-s7-initial-365e75c7-46ba-4204-bbae-4ae59d9ef5fa,E05 r1,profile,profile-4153,measured,18.432,503,1503,technical_error,hard_deadline,hard_deadline,snapshot,True,False,754
E05-s7-initial-365e75c7-46ba-4204-bbae-4ae59d9ef5fa,E05 r1,quote,quote-9852,measured,20.741,503,1503,technical_error,hard_deadline,hard_deadline,snapshot,True,False,756
E05-s7-initial-365e75c7-46ba-4204-bbae-4ae59d9ef5fa,E05 r1,quote,quote-9860,measured,20.855,503,1503,technical_error,hard_deadline,hard_deadline,snapshot,True,False,754
E05-s7-initial-365e75c7-46ba-4204-bbae-4ae59d9ef5fa,E05 r1,quote,quote-9893,measured,21.327,503,1503,technical_error,hard_deadline,hard_deadline,snapshot,True,False,754
E05-s7-initial-365e75c7-46ba-4204-bbae-4ae59d9ef5fa,E05 r1,profile,profile-4371,measured,25.698,503,1503,technical_error,hard_deadline,hard_deadline,snapshot,True,False,753
E05-s7-initial-365e75c7-46ba-4204-bbae-4ae59d9ef5fa,E05 r1,quote,quote-14797,measured,91.382,503,1503,technical_error,hard_deadline,hard_deadline,consent,True,False,751
E05-s7-initial-365e75c7-46ba-4204-bbae-4ae59d9ef5fa,E05 r1,quote,quote-15820,measured,105.997,503,1503,technical_error,hard_deadline,hard_deadline,snapshot,True,False,753
E09-s7-initial-3ac5e9c9-a9ae-4929-b535-fb8d4534a036,E09 r1,quote,quote-21550,measured,187.863,0,1050,technical_error,,provider_error,completed,True,True,2002
E09-s7-initial-3ac5e9c9-a9ae-4929-b535-fb8d4534a036,E09 r1,quote,quote-21551,measured,187.892,0,1050,technical_error,,provider_error,completed,True,True,2000
E09-s7-initial-3ac5e9c9-a9ae-4929-b535-fb8d4534a036,E09 r1,quote,quote-21552,measured,187.92,0,1050,technical_error,,,,False,,2001
E09-s7-initial-3ac5e9c9-a9ae-4929-b535-fb8d4534a036,E09 r1,quote,quote-21554,measured,187.977,0,1050,technical_error,,provider_error,completed,True,True,2000
E09-s7-initial-3ac5e9c9-a9ae-4929-b535-fb8d4534a036,E09 r1,quote,quote-21564,measured,188.12,0,1050,technical_error,,provider_error,completed,True,True,2000
E09-s7-initial-3ac5e9c9-a9ae-4929-b535-fb8d4534a036,E09 r1,quote,quote-21565,measured,188.149,0,1050,technical_error,,provider_error,completed,True,True,2000
E09-s7-initial-3ac5e9c9-a9ae-4929-b535-fb8d4534a036,E09 r1,quote,quote-21566,measured,188.177,0,1050,technical_error,,provider_error,completed,True,True,2000
E09-s7-initial-3ac5e9c9-a9ae-4929-b535-fb8d4534a036,E09 r1,quote,quote-21567,measured,188.206,0,1050,technical_error,,provider_error,completed,True,True,2000
E09-s7-initial-3ac5e9c9-a9ae-4929-b535-fb8d4534a036,E09 r1,quote,quote-21568,measured,188.235,0,1050,technical_error,,provider_error,completed,True,True,2000
E09-s7-initial-3ac5e9c9-a9ae-4929-b535-fb8d4534a036,E09 r1,profile,profile-9247,measured,188.258,0,1050,technical_error,,provider_error,completed,True,True,2000
E09-s7-initial-3ac5e9c9-a9ae-4929-b535-fb8d4534a036,E09 r1,profile,profile-9264,measured,188.825,0,1050,technical_error,,provider_error,completed,True,True,2000
E09-s7-initial-3ac5e9c9-a9ae-4929-b535-fb8d4534a036,E09 r1,profile,profile-9265,measured,188.858,0,1050,technical_error,,provider_error,completed,True,True,2000
E09-s7-initial-3ac5e9c9-a9ae-4929-b535-fb8d4534a036,E09 r1,quote,quote-21612,measured,188.877,0,1050,technical_error,,provider_error,completed,True,True,2001
E09-s7-initial-3ac5e9c9-a9ae-4929-b535-fb8d4534a036,E09 r1,quote,quote-21613,measured,188.906,0,1050,technical_error,,provider_error,completed,True,True,2000
E09-s7-initial-3ac5e9c9-a9ae-4929-b535-fb8d4534a036,E09 r1,quote,quote-21614,measured,188.934,0,1050,technical_error,,provider_error,completed,True,True,2000
E09-s7-initial-3ac5e9c9-a9ae-4929-b535-fb8d4534a036,E09 r1,profile,profile-9268,measured,188.959,0,1050,technical_error,,provider_error,completed,True,True,2000
E09-s7-initial-3ac5e9c9-a9ae-4929-b535-fb8d4534a036,E09 r1,quote,quote-21615,measured,188.963,0,1050,technical_error,,provider_error,completed,True,True,2001
E09-s7-initial-3ac5e9c9-a9ae-4929-b535-fb8d4534a036,E09 r1,profile,profile-9269,measured,188.991,0,1050,technical_error,,provider_error,completed,True,True,2001
E09-s7-initial-3ac5e9c9-a9ae-4929-b535-fb8d4534a036,E09 r1,quote,quote-21616,measured,188.991,0,1050,technical_error,,provider_error,completed,True,True,2001
E09-s7-initial-3ac5e9c9-a9ae-4929-b535-fb8d4534a036,E09 r1,quote,quote-21617,measured,189.006,0,1050,technical_error,,provider_error,completed,True,True,2000
E09-s7-initial-3ac5e9c9-a9ae-4929-b535-fb8d4534a036,E09 r1,quote,quote-21620,measured,189.049,0,1050,technical_error,,provider_error,completed,True,True,2000
E09-s7-initial-3ac5e9c9-a9ae-4929-b535-fb8d4534a036,E09 r1,quote,quote-21622,measured,189.092,0,1050,technical_error,,provider_error,completed,True,True,2000
E09-s7-initial-3ac5e9c9-a9ae-4929-b535-fb8d4534a036,E09 r1,quote,quote-21623,measured,189.12,0,1050,technical_error,,,,False,,2000
E09-s7-initial-3ac5e9c9-a9ae-4929-b535-fb8d4534a036,E09 r1,quote,quote-21624,measured,189.149,0,1050,technical_error,,provider_error,completed,True,True,2000
E09-s7-initial-3ac5e9c9-a9ae-4929-b535-fb8d4534a036,E09 r1,quote,quote-21625,measured,189.177,0,1050,technical_error,,provider_error,completed,True,True,2001
E09-s7-initial-3ac5e9c9-a9ae-4929-b535-fb8d4534a036,E09 r1,quote,quote-21626,measured,189.206,0,1050,technical_error,,provider_error,completed,True,True,2000
E09-s7-initial-3ac5e9c9-a9ae-4929-b535-fb8d4534a036,E09 r1,profile,profile-9275,measured,189.225,0,1050,technical_error,,provider_error,completed,True,True,2000
E09-s7-initial-3ac5e9c9-a9ae-4929-b535-fb8d4534a036,E09 r1,quote,quote-21627,measured,189.234,0,1050,technical_error,,provider_error,completed,True,True,2001
E09-s7-initial-3ac5e9c9-a9ae-4929-b535-fb8d4534a036,E09 r1,quote,quote-21628,measured,189.263,0,1050,technical_error,,provider_error,completed,True,True,2000
E09-s7-initial-3ac5e9c9-a9ae-4929-b535-fb8d4534a036,E09 r1,profile,profile-9276,measured,189.292,0,1050,technical_error,,provider_error,completed,True,True,2000
E09-s7-initial-3ac5e9c9-a9ae-4929-b535-fb8d4534a036,E09 r1,quote,quote-21629,measured,189.292,0,1050,technical_error,,provider_error,completed,True,True,2000
E09-s7-initial-3ac5e9c9-a9ae-4929-b535-fb8d4534a036,E09 r1,quote,quote-21630,measured,189.306,0,1050,technical_error,,provider_error,completed,True,True,2000
E09-s7-initial-3ac5e9c9-a9ae-4929-b535-fb8d4534a036,E09 r1,quote,quote-21631,measured,189.32,0,1050,technical_error,,provider_error,completed,True,True,2000
E09-s7-initial-3ac5e9c9-a9ae-4929-b535-fb8d4534a036,E09 r1,quote,quote-21632,measured,189.334,0,1050,technical_error,,provider_error,completed,True,True,2001
E09-s7-initial-3ac5e9c9-a9ae-4929-b535-fb8d4534a036,E09 r1,quote,quote-21633,measured,189.349,0,1050,technical_error,,provider_error,completed,True,True,2000
E09-s7-initial-3ac5e9c9-a9ae-4929-b535-fb8d4534a036,E09 r1,profile,profile-9278,measured,189.358,0,1050,technical_error,,provider_error,completed,True,True,2000
E09-s7-initial-3ac5e9c9-a9ae-4929-b535-fb8d4534a036,E09 r1,quote,quote-21634,measured,189.363,0,1050,technical_error,,provider_error,completed,True,True,2000
E09-s7-initial-3ac5e9c9-a9ae-4929-b535-fb8d4534a036,E09 r1,quote,quote-21635,measured,189.377,0,1050,technical_error,,provider_error,completed,True,True,2001
E09-s7-initial-3ac5e9c9-a9ae-4929-b535-fb8d4534a036,E09 r1,profile,profile-9279,measured,189.392,0,1050,technical_error,,provider_error,completed,True,True,2000
E09-s7-initial-3ac5e9c9-a9ae-4929-b535-fb8d4534a036,E09 r1,quote,quote-21637,measured,189.406,0,1050,technical_error,,provider_error,completed,True,True,2000
E09-s7-initial-3ac5e9c9-a9ae-4929-b535-fb8d4534a036,E09 r1,profile,profile-9280,measured,189.425,0,1050,technical_error,,provider_error,completed,True,True,2000
E09-s7-initial-3ac5e9c9-a9ae-4929-b535-fb8d4534a036,E09 r1,quote,quote-21639,measured,189.435,0,1050,technical_error,,provider_error,completed,True,True,2000
E09-s7-initial-3ac5e9c9-a9ae-4929-b535-fb8d4534a036,E09 r1,quote,quote-21640,measured,189.449,0,1050,technical_error,,provider_error,completed,True,True,2000
E09-s7-initial-3ac5e9c9-a9ae-4929-b535-fb8d4534a036,E09 r1,profile,profile-9281,measured,189.458,0,1050,technical_error,,provider_error,completed,True,True,2001
E09-s7-initial-3ac5e9c9-a9ae-4929-b535-fb8d4534a036,E09 r1,quote,quote-21641,measured,189.463,0,1050,technical_error,,provider_error,completed,True,True,2000
E09-s7-initial-3ac5e9c9-a9ae-4929-b535-fb8d4534a036,E09 r1,quote,quote-21642,measured,189.477,0,1050,technical_error,,provider_error,completed,True,True,2001
E09-s7-initial-3ac5e9c9-a9ae-4929-b535-fb8d4534a036,E09 r1,profile,profile-9282,measured,189.492,0,1050,technical_error,,provider_error,completed,True,True,2000
E09-s7-initial-3ac5e9c9-a9ae-4929-b535-fb8d4534a036,E09 r1,quote,quote-21643,measured,189.506,0,1050,technical_error,,provider_error,completed,True,True,2000
E09-s7-initial-3ac5e9c9-a9ae-4929-b535-fb8d4534a036,E09 r1,quote,quote-21644,measured,189.534,0,1050,technical_error,,provider_error,completed,True,True,2001
E09-s7-initial-3ac5e9c9-a9ae-4929-b535-fb8d4534a036,E09 r1,profile,profile-9283,measured,189.558,0,1050,technical_error,,provider_error,completed,True,True,2000
E09-s7-initial-3ac5e9c9-a9ae-4929-b535-fb8d4534a036,E09 r1,quote,quote-21645,measured,189.563,0,1050,technical_error,,provider_error,completed,True,True,2000
E09-s7-initial-3ac5e9c9-a9ae-4929-b535-fb8d4534a036,E09 r1,quote,quote-21646,measured,189.592,0,1050,technical_error,,provider_error,completed,True,True,2000
E09-s7-initial-3ac5e9c9-a9ae-4929-b535-fb8d4534a036,E09 r1,quote,quote-21647,measured,189.62,0,1050,technical_error,,provider_error,completed,True,True,2000
E09-s7-initial-3ac5e9c9-a9ae-4929-b535-fb8d4534a036,E09 r1,profile,profile-9284,measured,189.625,0,1050,technical_error,,provider_error,completed,True,True,2000
E09-s7-initial-3ac5e9c9-a9ae-4929-b535-fb8d4534a036,E09 r1,quote,quote-21648,measured,189.635,0,1050,technical_error,,provider_error,completed,True,True,2001
E09-s7-initial-3ac5e9c9-a9ae-4929-b535-fb8d4534a036,E09 r1,quote,quote-21649,measured,189.649,0,1050,technical_error,,provider_error,completed,True,True,2001
E09-s7-initial-3ac5e9c9-a9ae-4929-b535-fb8d4534a036,E09 r1,profile,profile-9285,measured,189.658,0,1050,technical_error,,provider_error,completed,True,True,2001
E09-s7-initial-3ac5e9c9-a9ae-4929-b535-fb8d4534a036,E09 r1,quote,quote-21658,measured,189.777,0,1050,technical_error,,provider_error,completed,True,True,2001
E09-s7-initial-3ac5e9c9-a9ae-4929-b535-fb8d4534a036,E09 r1,quote,quote-21664,measured,189.863,0,1050,technical_error,,provider_error,completed,True,True,2000
E09-s7-initial-3ac5e9c9-a9ae-4929-b535-fb8d4534a036,E09 r1,quote,quote-21667,measured,189.906,0,1050,technical_error,,provider_error,completed,True,True,2000
E09-s7-initial-3ac5e9c9-a9ae-4929-b535-fb8d4534a036,E09 r1,quote,quote-21671,measured,189.977,0,1050,technical_error,,provider_error,completed,True,True,2001
E09-s7-initial-3ac5e9c9-a9ae-4929-b535-fb8d4534a036,E09 r1,quote,quote-21673,measured,190.006,0,1050,technical_error,,provider_error,completed,True,True,2000
E09-s7-initial-3ac5e9c9-a9ae-4929-b535-fb8d4534a036,E09 r1,quote,quote-21674,measured,190.02,0,1050,technical_error,,provider_error,completed,True,True,2001
E09-s7-initial-3ac5e9c9-a9ae-4929-b535-fb8d4534a036,E09 r1,profile,profile-9296,measured,190.025,0,1050,technical_error,,provider_error,completed,True,True,2001
E09-s7-initial-3ac5e9c9-a9ae-4929-b535-fb8d4534a036,E09 r1,quote,quote-21675,measured,190.034,0,1050,technical_error,,provider_error,completed,True,True,2001
E09-s7-initial-3ac5e9c9-a9ae-4929-b535-fb8d4534a036,E09 r1,quote,quote-21676,measured,190.049,0,1050,technical_error,,provider_error,completed,True,True,2000
E09-s7-initial-3ac5e9c9-a9ae-4929-b535-fb8d4534a036,E09 r1,quote,quote-21677,measured,190.063,0,1050,technical_error,,provider_error,completed,True,True,2001
E09-s7-initial-3ac5e9c9-a9ae-4929-b535-fb8d4534a036,E09 r1,quote,quote-21678,measured,190.077,0,1050,technical_error,,provider_error,completed,True,True,2001
E09-s7-initial-3ac5e9c9-a9ae-4929-b535-fb8d4534a036,E09 r1,quote,quote-21679,measured,190.091,0,1050,technical_error,,provider_error,completed,True,True,2000
E09-s7-initial-3ac5e9c9-a9ae-4929-b535-fb8d4534a036,E09 r1,profile,profile-9298,measured,190.091,0,1050,technical_error,,provider_error,completed,True,True,2000
E09-s7-initial-3ac5e9c9-a9ae-4929-b535-fb8d4534a036,E09 r1,quote,quote-21680,measured,190.106,0,1050,technical_error,,provider_error,completed,True,True,2001
E09-s7-initial-3ac5e9c9-a9ae-4929-b535-fb8d4534a036,E09 r1,quote,quote-21681,measured,190.12,0,1050,technical_error,,provider_error,completed,True,True,2000
E09-s7-initial-3ac5e9c9-a9ae-4929-b535-fb8d4534a036,E09 r1,quote,quote-21682,measured,190.134,0,1050,technical_error,,provider_error,completed,True,True,2000
E09-s7-initial-3ac5e9c9-a9ae-4929-b535-fb8d4534a036,E09 r1,quote,quote-21683,measured,190.149,0,1050,technical_error,,provider_error,completed,True,True,2000
E09-s7-initial-3ac5e9c9-a9ae-4929-b535-fb8d4534a036,E09 r1,quote,quote-21684,measured,190.163,0,1050,technical_error,,provider_error,completed,True,True,2000
E09-s7-initial-3ac5e9c9-a9ae-4929-b535-fb8d4534a036,E09 r1,quote,quote-21685,measured,190.177,0,1050,technical_error,,provider_error,completed,True,True,2001
E09-s7-initial-3ac5e9c9-a9ae-4929-b535-fb8d4534a036,E09 r1,quote,quote-21686,measured,190.192,0,1050,technical_error,,provider_error,completed,True,True,2000
E09-s7-initial-3ac5e9c9-a9ae-4929-b535-fb8d4534a036,E09 r1,profile,profile-9301,measured,190.192,0,1050,technical_error,,provider_error,completed,True,True,2000
E09-s7-initial-3ac5e9c9-a9ae-4929-b535-fb8d4534a036,E09 r1,quote,quote-21687,measured,190.206,0,1050,technical_error,,provider_error,completed,True,True,2001
E09-s7-initial-3ac5e9c9-a9ae-4929-b535-fb8d4534a036,E09 r1,profile,profile-9302,measured,190.225,0,1050,technical_error,,provider_error,completed,True,True,2000
E09-s7-initial-3ac5e9c9-a9ae-4929-b535-fb8d4534a036,E09 r1,quote,quote-21689,measured,190.234,0,1050,technical_error,,provider_error,completed,True,True,2000
E09-s7-initial-3ac5e9c9-a9ae-4929-b535-fb8d4534a036,E09 r1,quote,quote-21690,measured,190.249,0,1050,technical_error,,provider_error,completed,True,True,2000
E09-s7-initial-3ac5e9c9-a9ae-4929-b535-fb8d4534a036,E09 r1,profile,profile-9304,measured,190.292,0,1050,technical_error,,provider_error,completed,True,True,2000
E09-s7-initial-3ac5e9c9-a9ae-4929-b535-fb8d4534a036,E09 r1,quote,quote-21693,measured,190.306,0,1050,technical_error,,provider_error,completed,True,True,2001
E09-s7-initial-3ac5e9c9-a9ae-4929-b535-fb8d4534a036,E09 r1,quote,quote-21694,measured,190.334,0,1050,technical_error,,provider_error,completed,True,True,2001
E09-s7-initial-3ac5e9c9-a9ae-4929-b535-fb8d4534a036,E09 r1,quote,quote-21695,measured,190.363,0,1050,technical_error,,provider_error,completed,True,True,2000
E09-s7-initial-3ac5e9c9-a9ae-4929-b535-fb8d4534a036,E09 r1,quote,quote-21696,measured,190.392,0,1050,technical_error,,provider_error,completed,True,True,2000
E09-s7-initial-3ac5e9c9-a9ae-4929-b535-fb8d4534a036,E09 r1,quote,quote-21697,measured,190.421,0,1050,technical_error,,provider_error,completed,True,True,2000
E09-s7-initial-3ac5e9c9-a9ae-4929-b535-fb8d4534a036,E09 r1,profile,profile-9307,measured,190.425,0,1050,technical_error,,provider_error,completed,True,True,2000
E09-s7-initial-3ac5e9c9-a9ae-4929-b535-fb8d4534a036,E09 r1,quote,quote-21698,measured,190.449,0,1050,technical_error,,provider_error,completed,True,True,2000
E09-s7-initial-3ac5e9c9-a9ae-4929-b535-fb8d4534a036,E09 r1,quote,quote-21699,measured,190.477,0,1050,technical_error,,provider_error,completed,True,True,2001
E09-s7-initial-3ac5e9c9-a9ae-4929-b535-fb8d4534a036,E09 r1,profile,profile-9308,measured,190.491,0,1050,technical_error,,provider_error,completed,True,True,2001
E09-s7-initial-3ac5e9c9-a9ae-4929-b535-fb8d4534a036,E09 r1,quote,quote-21700,measured,190.506,0,1050,technical_error,,provider_error,completed,True,True,2000
E09-s7-initial-3ac5e9c9-a9ae-4929-b535-fb8d4534a036,E09 r1,quote,quote-21701,measured,190.535,0,1050,technical_error,,provider_error,completed,True,True,2000
E09-s7-initial-3ac5e9c9-a9ae-4929-b535-fb8d4534a036,E09 r1,profile,profile-9309,measured,190.558,0,1050,technical_error,,provider_error,completed,True,True,2000
E09-s7-initial-3ac5e9c9-a9ae-4929-b535-fb8d4534a036,E09 r1,quote,quote-21702,measured,190.563,0,1050,technical_error,,provider_error,completed,True,True,2000
E09-s7-initial-3ac5e9c9-a9ae-4929-b535-fb8d4534a036,E09 r1,quote,quote-21703,measured,190.592,0,1050,technical_error,,provider_error,completed,True,True,2000
E09-s7-initial-3ac5e9c9-a9ae-4929-b535-fb8d4534a036,E09 r1,quote,quote-21704,measured,190.62,0,1050,technical_error,,provider_error,completed,True,True,2001
E09-s7-initial-3ac5e9c9-a9ae-4929-b535-fb8d4534a036,E09 r1,profile,profile-9310,measured,190.625,0,1050,technical_error,,,,False,,2000
E09-s7-initial-3ac5e9c9-a9ae-4929-b535-fb8d4534a036,E09 r1,quote,quote-21705,measured,190.648,0,1050,technical_error,,provider_error,completed,True,True,2001
E09-s7-initial-3ac5e9c9-a9ae-4929-b535-fb8d4534a036,E09 r1,quote,quote-21706,measured,190.677,0,1050,technical_error,,provider_error,completed,True,True,2001
E09-s7-initial-3ac5e9c9-a9ae-4929-b535-fb8d4534a036,E09 r1,profile,profile-9311,measured,190.692,0,1050,technical_error,,provider_error,completed,True,True,2000
E09-s7-initial-3ac5e9c9-a9ae-4929-b535-fb8d4534a036,E09 r1,quote,quote-21707,measured,190.706,0,1050,technical_error,,,,False,,2000
E09-s7-initial-3ac5e9c9-a9ae-4929-b535-fb8d4534a036,E09 r1,quote,quote-21708,measured,190.735,0,1050,technical_error,,,,False,,2000
E09-s7-initial-3ac5e9c9-a9ae-4929-b535-fb8d4534a036,E09 r1,profile,profile-9312,measured,190.758,0,1050,technical_error,,provider_error,completed,True,True,2001
E09-s7-initial-3ac5e9c9-a9ae-4929-b535-fb8d4534a036,E09 r1,quote,quote-21709,measured,190.763,0,1050,technical_error,,,,False,,2000
E09-s7-initial-3ac5e9c9-a9ae-4929-b535-fb8d4534a036,E09 r1,quote,quote-21710,measured,190.792,0,1050,technical_error,,provider_error,completed,True,True,2000
E09-s7-initial-3ac5e9c9-a9ae-4929-b535-fb8d4534a036,E09 r1,quote,quote-21711,measured,190.82,0,1050,technical_error,,provider_error,completed,True,True,2000
E09-s7-initial-3ac5e9c9-a9ae-4929-b535-fb8d4534a036,E09 r1,profile,profile-9313,measured,190.825,0,1050,technical_error,,provider_error,completed,True,True,2000
E09-s7-initial-3ac5e9c9-a9ae-4929-b535-fb8d4534a036,E09 r1,quote,quote-21712,measured,190.849,0,1050,technical_error,,,,False,,2001
E09-s7-initial-3ac5e9c9-a9ae-4929-b535-fb8d4534a036,E09 r1,profile,profile-9314,measured,190.858,0,1050,technical_error,,provider_error,completed,True,True,2001
E09-s7-initial-3ac5e9c9-a9ae-4929-b535-fb8d4534a036,E09 r1,quote,quote-21713,measured,190.877,0,1050,technical_error,,provider_error,completed,True,True,2001
E09-s7-initial-3ac5e9c9-a9ae-4929-b535-fb8d4534a036,E09 r1,profile,profile-9315,measured,190.891,0,1050,technical_error,,provider_error,completed,True,True,2001
E09-s7-initial-3ac5e9c9-a9ae-4929-b535-fb8d4534a036,E09 r1,quote,quote-21715,measured,190.906,0,1050,technical_error,,provider_error,completed,True,True,2001
E09-s7-initial-3ac5e9c9-a9ae-4929-b535-fb8d4534a036,E09 r1,quote,quote-21716,measured,190.92,0,1050,technical_error,,provider_error,completed,True,True,2000
E09-s7-initial-3ac5e9c9-a9ae-4929-b535-fb8d4534a036,E09 r1,quote,quote-21718,measured,190.949,0,1050,technical_error,,provider_error,completed,True,True,2001
E09-s7-initial-3ac5e9c9-a9ae-4929-b535-fb8d4534a036,E09 r1,profile,profile-9317,measured,190.958,0,1050,technical_error,,provider_error,completed,True,True,2001
E09-s7-initial-3ac5e9c9-a9ae-4929-b535-fb8d4534a036,E09 r1,quote,quote-21719,measured,190.963,0,1050,technical_error,,provider_error,completed,True,True,2000
E09-s7-initial-3ac5e9c9-a9ae-4929-b535-fb8d4534a036,E09 r1,profile,profile-9318,measured,190.991,0,1050,technical_error,,provider_error,completed,True,True,2001
E09-s7-initial-3ac5e9c9-a9ae-4929-b535-fb8d4534a036,E09 r1,quote,quote-21723,measured,191.02,0,1050,technical_error,,provider_error,completed,True,True,2000
E09-s7-initial-3ac5e9c9-a9ae-4929-b535-fb8d4534a036,E09 r1,profile,profile-9319,measured,191.025,0,1050,technical_error,,provider_error,completed,True,True,2001
E09-s7-initial-3ac5e9c9-a9ae-4929-b535-fb8d4534a036,E09 r1,quote,quote-21724,measured,191.049,0,1050,technical_error,,provider_error,completed,True,True,2001
E09-s7-initial-3ac5e9c9-a9ae-4929-b535-fb8d4534a036,E09 r1,profile,profile-9320,measured,191.058,0,1050,technical_error,,provider_error,completed,True,True,2001
E09-s7-initial-3ac5e9c9-a9ae-4929-b535-fb8d4534a036,E09 r1,profile,profile-9321,measured,191.091,0,1050,technical_error,,provider_error,completed,True,True,2001
E09-s7-initial-3ac5e9c9-a9ae-4929-b535-fb8d4534a036,E09 r1,quote,quote-21726,measured,191.091,0,1050,technical_error,,,,False,,2001
E09-s7-initial-3ac5e9c9-a9ae-4929-b535-fb8d4534a036,E09 r1,profile,profile-9322,measured,191.125,0,1050,technical_error,,provider_error,completed,True,True,2000
E09-s7-initial-3ac5e9c9-a9ae-4929-b535-fb8d4534a036,E09 r1,quote,quote-21728,measured,191.134,0,1050,technical_error,,provider_error,completed,True,True,2001
E09-s7-initial-3ac5e9c9-a9ae-4929-b535-fb8d4534a036,E09 r1,quote,quote-21729,measured,191.149,0,1050,technical_error,,provider_error,completed,True,True,2000
E09-s7-initial-3ac5e9c9-a9ae-4929-b535-fb8d4534a036,E09 r1,quote,quote-21730,measured,191.163,0,1050,technical_error,,provider_error,completed,True,True,2000
E09-s7-initial-3ac5e9c9-a9ae-4929-b535-fb8d4534a036,E09 r1,profile,profile-9324,measured,191.225,0,1050,technical_error,,,,False,,2000
E09-s7-initial-3ac5e9c9-a9ae-4929-b535-fb8d4534a036,E09 r1,quote,quote-21735,measured,191.235,0,1050,technical_error,,provider_error,completed,True,True,2000
E09-s7-initial-3ac5e9c9-a9ae-4929-b535-fb8d4534a036,E09 r1,profile,profile-9325,measured,191.258,0,1050,technical_error,,provider_error,completed,True,True,2001
E09-s7-initial-3ac5e9c9-a9ae-4929-b535-fb8d4534a036,E09 r1,quote,quote-21738,measured,191.277,0,1050,technical_error,,provider_error,completed,True,True,2001
E09-s7-initial-3ac5e9c9-a9ae-4929-b535-fb8d4534a036,E09 r1,quote,quote-21740,measured,191.32,0,1050,technical_error,,,,False,,2001
E09-s7-initial-3ac5e9c9-a9ae-4929-b535-fb8d4534a036,E09 r1,profile,profile-9327,measured,191.358,0,1050,technical_error,,provider_error,completed,True,True,2001
E09-s7-initial-3ac5e9c9-a9ae-4929-b535-fb8d4534a036,E09 r1,quote,quote-21743,measured,191.363,0,1050,technical_error,,provider_error,completed,True,True,2000
E09-s7-initial-3ac5e9c9-a9ae-4929-b535-fb8d4534a036,E09 r1,quote,quote-21744,measured,191.377,0,1050,technical_error,,provider_error,completed,True,True,2001
E09-s7-initial-3ac5e9c9-a9ae-4929-b535-fb8d4534a036,E09 r1,quote,quote-21745,measured,191.392,0,1050,technical_error,,provider_error,completed,True,True,2000
E09-s7-initial-3ac5e9c9-a9ae-4929-b535-fb8d4534a036,E09 r1,profile,profile-9328,measured,191.392,0,1050,technical_error,,provider_error,completed,True,True,2000
E09-s7-initial-3ac5e9c9-a9ae-4929-b535-fb8d4534a036,E09 r1,quote,quote-21748,measured,191.449,0,1050,technical_error,,provider_error,completed,True,True,2000
E09-s7-initial-3ac5e9c9-a9ae-4929-b535-fb8d4534a036,E09 r1,profile,profile-9330,measured,191.459,0,1050,technical_error,,provider_error,completed,True,True,1999
E09-s7-initial-3ac5e9c9-a9ae-4929-b535-fb8d4534a036,E09 r1,quote,quote-21749,measured,191.463,0,1050,technical_error,,provider_error,completed,True,True,2001
E09-s7-initial-3ac5e9c9-a9ae-4929-b535-fb8d4534a036,E09 r1,quote,quote-21750,measured,191.477,0,1050,technical_error,,provider_error,completed,True,True,2000
E09-s7-initial-3ac5e9c9-a9ae-4929-b535-fb8d4534a036,E09 r1,quote,quote-21751,measured,191.492,0,1050,technical_error,,provider_error,completed,True,True,2000
E09-s7-initial-3ac5e9c9-a9ae-4929-b535-fb8d4534a036,E09 r1,profile,profile-9331,measured,191.492,0,1050,technical_error,,provider_error,completed,True,True,2000
E09-s7-initial-3ac5e9c9-a9ae-4929-b535-fb8d4534a036,E09 r1,quote,quote-21760,measured,191.62,0,1050,technical_error,,provider_error,completed,True,True,2000
E09-s7-initial-3ac5e9c9-a9ae-4929-b535-fb8d4534a036,E09 r1,quote,quote-21769,measured,191.749,0,1050,technical_error,,provider_error,completed,True,True,2000
E09-s7-initial-3ac5e9c9-a9ae-4929-b535-fb8d4534a036,E09 r1,quote,quote-21770,measured,191.763,0,1050,technical_error,,provider_error,completed,True,True,2000
E09-s7-initial-3ac5e9c9-a9ae-4929-b535-fb8d4534a036,E09 r1,quote,quote-21771,measured,191.777,0,1050,technical_error,,provider_error,completed,True,True,2001
E09-s7-initial-3ac5e9c9-a9ae-4929-b535-fb8d4534a036,E09 r1,profile,profile-9340,measured,191.792,0,1050,technical_error,,provider_error,completed,True,True,2000
E09-s7-initial-3ac5e9c9-a9ae-4929-b535-fb8d4534a036,E09 r1,quote,quote-21772,measured,191.792,0,1050,technical_error,,provider_error,completed,True,True,2000
E09-s7-initial-3ac5e9c9-a9ae-4929-b535-fb8d4534a036,E09 r1,profile,profile-9342,measured,191.858,0,1050,technical_error,,provider_error,completed,True,True,2000
E09-s7-initial-3ac5e9c9-a9ae-4929-b535-fb8d4534a036,E09 r1,quote,quote-21777,measured,191.863,0,1050,technical_error,,provider_error,completed,True,True,2000
E09-s7-initial-3ac5e9c9-a9ae-4929-b535-fb8d4534a036,E09 r1,quote,quote-21780,measured,191.92,0,1050,technical_error,,provider_error,completed,True,True,2000
E09-s7-initial-3ac5e9c9-a9ae-4929-b535-fb8d4534a036,E09 r1,quote,quote-21781,measured,191.934,0,1050,technical_error,,provider_error,completed,True,True,2001
E09-s7-initial-3ac5e9c9-a9ae-4929-b535-fb8d4534a036,E09 r1,quote,quote-21782,measured,191.963,0,1050,technical_error,,provider_error,completed,True,True,2001
E09-s7-initial-3ac5e9c9-a9ae-4929-b535-fb8d4534a036,E09 r1,quote,quote-21783,measured,191.992,0,1050,technical_error,,provider_error,completed,True,True,2000
E09-s7-initial-3ac5e9c9-a9ae-4929-b535-fb8d4534a036,E09 r1,profile,profile-9346,measured,192.025,0,1050,technical_error,,,,False,,2001
E09-s7-initial-3ac5e9c9-a9ae-4929-b535-fb8d4534a036,E09 r1,quote,quote-21786,measured,192.034,0,1050,technical_error,,provider_error,completed,True,True,2001
E09-s7-initial-3ac5e9c9-a9ae-4929-b535-fb8d4534a036,E09 r1,quote,quote-21788,measured,192.063,0,1050,technical_error,,provider_error,completed,True,True,2001
E09-s7-initial-3ac5e9c9-a9ae-4929-b535-fb8d4534a036,E09 r1,profile,profile-9348,measured,192.125,0,1050,technical_error,,provider_error,completed,True,True,2000
E09-s7-initial-3ac5e9c9-a9ae-4929-b535-fb8d4534a036,E09 r1,quote,quote-21793,measured,192.134,0,1050,technical_error,,provider_error,completed,True,True,2001
E09-s7-initial-3ac5e9c9-a9ae-4929-b535-fb8d4534a036,E09 r1,quote,quote-21794,measured,192.149,0,1050,technical_error,,provider_error,completed,True,True,2000
E09-s7-initial-3ac5e9c9-a9ae-4929-b535-fb8d4534a036,E09 r1,quote,quote-21795,measured,192.163,0,1050,technical_error,,provider_error,completed,True,True,2000
E09-s7-initial-3ac5e9c9-a9ae-4929-b535-fb8d4534a036,E09 r1,quote,quote-21796,measured,192.178,0,1050,technical_error,,provider_error,completed,True,True,2000
E09-s7-initial-3ac5e9c9-a9ae-4929-b535-fb8d4534a036,E09 r1,quote,quote-21797,measured,192.192,0,1050,technical_error,,provider_error,completed,True,True,2000
E09-s7-initial-3ac5e9c9-a9ae-4929-b535-fb8d4534a036,E09 r1,quote,quote-21798,measured,192.206,0,1050,technical_error,,provider_error,completed,True,True,2000
E09-s7-initial-3ac5e9c9-a9ae-4929-b535-fb8d4534a036,E09 r1,quote,quote-21799,measured,192.22,0,1050,technical_error,,provider_error,completed,True,True,2001
E09-s7-initial-3ac5e9c9-a9ae-4929-b535-fb8d4534a036,E09 r1,profile,profile-9350,measured,192.225,0,1050,technical_error,,provider_error,completed,True,True,2000
E09-s7-initial-3ac5e9c9-a9ae-4929-b535-fb8d4534a036,E09 r1,quote,quote-21800,measured,192.234,0,1050,technical_error,,provider_error,completed,True,True,2000
E09-s7-initial-3ac5e9c9-a9ae-4929-b535-fb8d4534a036,E09 r1,quote,quote-21801,measured,192.249,0,1050,technical_error,,provider_error,completed,True,True,2000
E09-s7-initial-3ac5e9c9-a9ae-4929-b535-fb8d4534a036,E09 r1,quote,quote-21803,measured,192.277,0,1050,technical_error,,provider_error,completed,True,True,2000
E09-s7-initial-3ac5e9c9-a9ae-4929-b535-fb8d4534a036,E09 r1,quote,quote-21804,measured,192.291,0,1050,technical_error,,provider_error,completed,True,True,2000
E09-s7-initial-3ac5e9c9-a9ae-4929-b535-fb8d4534a036,E09 r1,quote,quote-21805,measured,192.306,0,1050,technical_error,,provider_error,completed,True,True,2000
E09-s7-initial-3ac5e9c9-a9ae-4929-b535-fb8d4534a036,E09 r1,quote,quote-21806,measured,192.32,0,1050,technical_error,,provider_error,completed,True,True,2000
E09-s7-initial-3ac5e9c9-a9ae-4929-b535-fb8d4534a036,E09 r1,profile,profile-9353,measured,192.325,0,1050,technical_error,,provider_error,completed,True,True,2000
E09-s7-initial-3ac5e9c9-a9ae-4929-b535-fb8d4534a036,E09 r1,quote,quote-21814,measured,192.463,0,1050,technical_error,,provider_error,completed,True,True,2000
E09-s7-initial-3ac5e9c9-a9ae-4929-b535-fb8d4534a036,E09 r1,quote,quote-21815,measured,192.477,0,1050,technical_error,,provider_error,completed,True,True,2001
E09-s7-initial-3ac5e9c9-a9ae-4929-b535-fb8d4534a036,E09 r1,quote,quote-21816,measured,192.492,0,1050,technical_error,,provider_error,completed,True,True,2000
E09-s7-initial-3ac5e9c9-a9ae-4929-b535-fb8d4534a036,E09 r1,quote,quote-21842,measured,192.92,0,1050,technical_error,,provider_error,completed,True,True,2000
E09-s7-initial-3ac5e9c9-a9ae-4929-b535-fb8d4534a036,E09 r1,quote,quote-26444,measured,258.661,0,1050,technical_error,,provider_error,completed,True,True,2001
E09-s7-initial-3ac5e9c9-a9ae-4929-b535-fb8d4534a036,E09 r1,quote,quote-26454,measured,258.804,0,1050,technical_error,,provider_error,completed,True,True,2001
E09-s7-initial-3ac5e9c9-a9ae-4929-b535-fb8d4534a036,E09 r1,quote,quote-26458,measured,258.861,0,1050,technical_error,,provider_error,completed,True,True,2001
E09-s7-initial-3ac5e9c9-a9ae-4929-b535-fb8d4534a036,E09 r1,quote,quote-26462,measured,258.918,0,1050,technical_error,,provider_error,completed,True,True,2001
E09-s7-initial-3ac5e9c9-a9ae-4929-b535-fb8d4534a036,E09 r1,profile,profile-11347,measured,258.923,0,1050,technical_error,,provider_error,completed,True,True,2001
E09-s7-initial-3ac5e9c9-a9ae-4929-b535-fb8d4534a036,E09 r1,quote,quote-26463,measured,258.933,0,1050,technical_error,,provider_error,completed,True,True,2000
E09-s7-initial-3ac5e9c9-a9ae-4929-b535-fb8d4534a036,E09 r1,profile,profile-11348,measured,258.957,0,1050,technical_error,,provider_error,completed,True,True,2000
E09-s7-initial-3ac5e9c9-a9ae-4929-b535-fb8d4534a036,E09 r1,quote,quote-26467,measured,258.99,0,1050,technical_error,,provider_error,completed,True,True,2001
E09-s7-initial-3ac5e9c9-a9ae-4929-b535-fb8d4534a036,E09 r1,quote,quote-26469,measured,259.018,0,1050,technical_error,,provider_error,completed,True,True,2001
E09-s7-initial-3ac5e9c9-a9ae-4929-b535-fb8d4534a036,E09 r1,profile,profile-11351,measured,259.057,0,1050,technical_error,,provider_error,completed,True,True,2000
E09-s7-initial-3ac5e9c9-a9ae-4929-b535-fb8d4534a036,E09 r1,quote,quote-26472,measured,259.061,0,1050,technical_error,,provider_error,completed,True,True,2000
E09-s7-initial-3ac5e9c9-a9ae-4929-b535-fb8d4534a036,E09 r1,quote,quote-26473,measured,259.075,0,1050,technical_error,,provider_error,completed,True,True,2000
E09-s7-initial-3ac5e9c9-a9ae-4929-b535-fb8d4534a036,E09 r1,quote,quote-26476,measured,259.119,0,1050,technical_error,,provider_error,completed,True,True,2000
E09-s7-initial-3ac5e9c9-a9ae-4929-b535-fb8d4534a036,E09 r1,quote,quote-26478,measured,259.147,0,1050,technical_error,,provider_error,completed,True,True,2001
E09-s7-initial-3ac5e9c9-a9ae-4929-b535-fb8d4534a036,E09 r1,quote,quote-26479,measured,259.161,0,1050,technical_error,,provider_error,completed,True,True,2001
E09-s7-initial-3ac5e9c9-a9ae-4929-b535-fb8d4534a036,E09 r1,quote,quote-26480,measured,259.176,0,1050,technical_error,,provider_error,completed,True,True,2000
E09-s7-initial-3ac5e9c9-a9ae-4929-b535-fb8d4534a036,E09 r1,quote,quote-26482,measured,259.204,0,1050,technical_error,,provider_error,completed,True,True,2000
E09-s7-initial-3ac5e9c9-a9ae-4929-b535-fb8d4534a036,E09 r1,quote,quote-26484,measured,259.233,0,1050,technical_error,,provider_error,completed,True,True,2000
E09-s7-initial-3ac5e9c9-a9ae-4929-b535-fb8d4534a036,E09 r1,profile,profile-11358,measured,259.29,0,1050,technical_error,,provider_error,completed,True,True,2000
E09-s7-initial-3ac5e9c9-a9ae-4929-b535-fb8d4534a036,E09 r1,quote,quote-26491,measured,259.333,0,1050,technical_error,,provider_error,completed,True,True,2000
E09-s7-initial-3ac5e9c9-a9ae-4929-b535-fb8d4534a036,E09 r1,quote,quote-26492,measured,259.347,0,1050,technical_error,,provider_error,completed,True,True,2000
E09-s7-initial-3ac5e9c9-a9ae-4929-b535-fb8d4534a036,E09 r1,profile,profile-11362,measured,259.423,0,1050,technical_error,,provider_error,completed,True,True,2000
E09-s7-initial-3ac5e9c9-a9ae-4929-b535-fb8d4534a036,E09 r1,quote,quote-26499,measured,259.447,0,1050,technical_error,,provider_error,completed,True,True,2000
E09-s7-initial-3ac5e9c9-a9ae-4929-b535-fb8d4534a036,E09 r1,quote,quote-26501,measured,259.475,0,1050,technical_error,,provider_error,completed,True,True,2001
E09-s7-initial-3ac5e9c9-a9ae-4929-b535-fb8d4534a036,E09 r1,profile,profile-11365,measured,259.523,0,1050,technical_error,,provider_error,completed,True,True,2000
E09-s7-initial-3ac5e9c9-a9ae-4929-b535-fb8d4534a036,E09 r1,quote,quote-26506,measured,259.547,0,1050,technical_error,,provider_error,completed,True,True,2000
E09-s7-initial-3ac5e9c9-a9ae-4929-b535-fb8d4534a036,E09 r1,profile,profile-11370,measured,259.69,0,1050,technical_error,,provider_error,completed,True,True,2000
E09-s7-initial-3ac5e9c9-a9ae-4929-b535-fb8d4534a036,E09 r1,quote,quote-26520,measured,259.747,0,1050,technical_error,,provider_error,completed,True,True,2000
E09-s7-initial-3ac5e9c9-a9ae-4929-b535-fb8d4534a036,E09 r1,profile,profile-11372,measured,259.757,0,1050,technical_error,,provider_error,completed,True,True,2000
E09-s7-initial-3ac5e9c9-a9ae-4929-b535-fb8d4534a036,E09 r1,quote,quote-26522,measured,259.775,0,1050,technical_error,,provider_error,completed,True,True,2001
E09-s7-initial-3ac5e9c9-a9ae-4929-b535-fb8d4534a036,E09 r1,quote,quote-26523,measured,259.79,0,1050,technical_error,,provider_error,completed,True,True,2000
E09-s7-initial-3ac5e9c9-a9ae-4929-b535-fb8d4534a036,E09 r1,quote,quote-26529,measured,259.876,0,1050,technical_error,,provider_error,completed,True,True,2000
E09-s7-initial-3ac5e9c9-a9ae-4929-b535-fb8d4534a036,E09 r1,profile,profile-11376,measured,259.889,0,1050,technical_error,,provider_error,completed,True,True,2001
E09-s7-initial-3ac5e9c9-a9ae-4929-b535-fb8d4534a036,E09 r1,quote,quote-26530,measured,259.889,0,1050,technical_error,,provider_error,completed,True,True,2001
E09-s7-initial-3ac5e9c9-a9ae-4929-b535-fb8d4534a036,E09 r1,quote,quote-26531,measured,259.904,0,1050,technical_error,,provider_error,completed,True,True,2001
E09-s7-initial-3ac5e9c9-a9ae-4929-b535-fb8d4534a036,E09 r1,profile,profile-11377,measured,259.923,0,1050,technical_error,,provider_error,completed,True,True,2000
E09-s7-initial-3ac5e9c9-a9ae-4929-b535-fb8d4534a036,E09 r1,quote,quote-26534,measured,259.947,0,1050,technical_error,,provider_error,completed,True,True,2000
E09-s7-initial-3ac5e9c9-a9ae-4929-b535-fb8d4534a036,E09 r1,profile,profile-11378,measured,259.956,0,1050,technical_error,,provider_error,completed,True,True,2000
E09-s7-initial-3ac5e9c9-a9ae-4929-b535-fb8d4534a036,E09 r1,quote,quote-26535,measured,259.961,0,1050,technical_error,,provider_error,completed,True,True,2000
E09-s7-initial-3ac5e9c9-a9ae-4929-b535-fb8d4534a036,E09 r1,quote,quote-26536,measured,259.975,0,1050,technical_error,,provider_error,completed,True,True,2001
E09-s7-initial-3ac5e9c9-a9ae-4929-b535-fb8d4534a036,E09 r1,quote,quote-26539,measured,260.018,0,1050,technical_error,,provider_error,completed,True,True,2001
E09-s7-initial-3ac5e9c9-a9ae-4929-b535-fb8d4534a036,E09 r1,quote,quote-26540,measured,260.032,0,1050,technical_error,,provider_error,completed,True,True,2000
E09-s7-initial-3ac5e9c9-a9ae-4929-b535-fb8d4534a036,E09 r1,quote,quote-26541,measured,260.047,0,1050,technical_error,,provider_error,completed,True,True,2000
E09-s7-initial-3ac5e9c9-a9ae-4929-b535-fb8d4534a036,E09 r1,profile,profile-11381,measured,260.056,0,1050,technical_error,,provider_error,completed,True,True,2001
E09-s7-initial-3ac5e9c9-a9ae-4929-b535-fb8d4534a036,E09 r1,quote,quote-26543,measured,260.076,0,1050,technical_error,,provider_error,completed,True,True,2000
E09-s7-initial-3ac5e9c9-a9ae-4929-b535-fb8d4534a036,E09 r1,profile,profile-11382,measured,260.089,0,1050,technical_error,,provider_error,completed,True,True,2001
E09-s7-initial-3ac5e9c9-a9ae-4929-b535-fb8d4534a036,E09 r1,quote,quote-26545,measured,260.104,0,1050,technical_error,,provider_error,completed,True,True,2001
E09-s7-initial-3ac5e9c9-a9ae-4929-b535-fb8d4534a036,E09 r1,quote,quote-26546,measured,260.118,0,1050,technical_error,,provider_error,completed,True,True,2000
E09-s7-initial-3ac5e9c9-a9ae-4929-b535-fb8d4534a036,E09 r1,quote,quote-26547,measured,260.132,0,1050,technical_error,,provider_error,completed,True,True,2000
E09-s7-initial-3ac5e9c9-a9ae-4929-b535-fb8d4534a036,E09 r1,quote,quote-26548,measured,260.147,0,1050,technical_error,,provider_error,completed,True,True,2000
E09-s7-initial-3ac5e9c9-a9ae-4929-b535-fb8d4534a036,E09 r1,profile,profile-11384,measured,260.157,0,1050,technical_error,,provider_error,completed,True,True,2000
E09-s7-initial-3ac5e9c9-a9ae-4929-b535-fb8d4534a036,E09 r1,quote,quote-26551,measured,260.19,0,1050,technical_error,,provider_error,completed,True,True,2000
E09-s7-initial-3ac5e9c9-a9ae-4929-b535-fb8d4534a036,E09 r1,profile,profile-11385,measured,260.191,0,1050,technical_error,,provider_error,completed,True,True,2001
E09-s7-initial-3ac5e9c9-a9ae-4929-b535-fb8d4534a036,E09 r1,quote,quote-26552,measured,260.204,0,1050,technical_error,,provider_error,completed,True,True,2000
E09-s7-initial-3ac5e9c9-a9ae-4929-b535-fb8d4534a036,E09 r1,profile,profile-11386,measured,260.223,0,1050,technical_error,,provider_error,completed,True,True,2000
E09-s7-initial-3ac5e9c9-a9ae-4929-b535-fb8d4534a036,E09 r1,quote,quote-26556,measured,260.261,0,1050,technical_error,,provider_error,completed,True,True,2000
E09-s7-initial-3ac5e9c9-a9ae-4929-b535-fb8d4534a036,E09 r1,quote,quote-26558,measured,260.29,0,1050,technical_error,,provider_error,completed,True,True,2000
E09-s7-initial-3ac5e9c9-a9ae-4929-b535-fb8d4534a036,E09 r1,profile,profile-11389,measured,260.323,0,1050,technical_error,,provider_error,completed,True,True,2000
E09-s7-initial-3ac5e9c9-a9ae-4929-b535-fb8d4534a036,E09 r1,quote,quote-26561,measured,260.332,0,1050,technical_error,,provider_error,completed,True,True,2001
E09-s7-initial-3ac5e9c9-a9ae-4929-b535-fb8d4534a036,E09 r1,quote,quote-26562,measured,260.347,0,1050,technical_error,,provider_error,completed,True,True,2000
E09-s7-initial-3ac5e9c9-a9ae-4929-b535-fb8d4534a036,E09 r1,quote,quote-26565,measured,260.389,0,1050,technical_error,,provider_error,completed,True,True,2001
E09-s7-initial-3ac5e9c9-a9ae-4929-b535-fb8d4534a036,E09 r1,quote,quote-26567,measured,260.418,0,1050,technical_error,,provider_error,completed,True,True,2000
E09-s7-initial-3ac5e9c9-a9ae-4929-b535-fb8d4534a036,E09 r1,profile,profile-11393,measured,260.456,0,1050,technical_error,,provider_error,completed,True,True,2001
E09-s7-initial-3ac5e9c9-a9ae-4929-b535-fb8d4534a036,E09 r1,quote,quote-26571,measured,260.475,0,1050,technical_error,,provider_error,completed,True,True,2001
E09-s7-initial-3ac5e9c9-a9ae-4929-b535-fb8d4534a036,E09 r1,profile,profile-11394,measured,260.489,0,1050,technical_error,,provider_error,completed,True,True,2001
E09-s7-initial-3ac5e9c9-a9ae-4929-b535-fb8d4534a036,E09 r1,quote,quote-26572,measured,260.489,0,1050,technical_error,,provider_error,completed,True,True,2001
E09-s7-initial-3ac5e9c9-a9ae-4929-b535-fb8d4534a036,E09 r1,quote,quote-26574,measured,260.518,0,1050,technical_error,,provider_error,completed,True,True,2001
E09-s7-initial-3ac5e9c9-a9ae-4929-b535-fb8d4534a036,E09 r1,quote,quote-26575,measured,260.533,0,1050,technical_error,,provider_error,completed,True,True,2000
E09-s7-initial-3ac5e9c9-a9ae-4929-b535-fb8d4534a036,E09 r1,quote,quote-26576,measured,260.547,0,1050,technical_error,,provider_error,completed,True,True,2001
E09-s7-initial-3ac5e9c9-a9ae-4929-b535-fb8d4534a036,E09 r1,quote,quote-26577,measured,260.561,0,1050,technical_error,,provider_error,completed,True,True,2000
E09-s7-initial-3ac5e9c9-a9ae-4929-b535-fb8d4534a036,E09 r1,quote,quote-26578,measured,260.575,0,1050,technical_error,,provider_error,completed,True,True,2001
E09-s7-initial-3ac5e9c9-a9ae-4929-b535-fb8d4534a036,E09 r1,quote,quote-26580,measured,260.604,0,1050,technical_error,,provider_error,completed,True,True,2001
E09-s7-initial-3ac5e9c9-a9ae-4929-b535-fb8d4534a036,E09 r1,quote,quote-26581,measured,260.619,0,1050,technical_error,,provider_error,completed,True,True,2000
E09-s7-initial-3ac5e9c9-a9ae-4929-b535-fb8d4534a036,E09 r1,quote,quote-26582,measured,260.632,0,1050,technical_error,,provider_error,completed,True,True,2001
E09-s7-initial-3ac5e9c9-a9ae-4929-b535-fb8d4534a036,E09 r1,quote,quote-26583,measured,260.647,0,1050,technical_error,,provider_error,completed,True,True,2000
E09-s7-initial-3ac5e9c9-a9ae-4929-b535-fb8d4534a036,E09 r1,profile,profile-11399,measured,260.657,0,1050,technical_error,,provider_error,completed,True,True,2000
E09-s7-initial-3ac5e9c9-a9ae-4929-b535-fb8d4534a036,E09 r1,quote,quote-26584,measured,260.661,0,1050,technical_error,,deadline,completed,True,True,2001
E09-s7-initial-3ac5e9c9-a9ae-4929-b535-fb8d4534a036,E09 r1,quote,quote-26585,measured,260.675,0,1050,technical_error,,provider_error,completed,True,True,2001
E09-s7-initial-3ac5e9c9-a9ae-4929-b535-fb8d4534a036,E09 r1,profile,profile-11400,measured,260.69,0,1050,technical_error,,provider_error,completed,True,True,2000
E09-s7-initial-3ac5e9c9-a9ae-4929-b535-fb8d4534a036,E09 r1,quote,quote-26586,measured,260.69,0,1050,technical_error,,provider_error,completed,True,True,2000
E09-s7-initial-3ac5e9c9-a9ae-4929-b535-fb8d4534a036,E09 r1,quote,quote-26587,measured,260.704,0,1050,technical_error,,provider_error,completed,True,True,2001
E09-s7-initial-3ac5e9c9-a9ae-4929-b535-fb8d4534a036,E09 r1,quote,quote-26588,measured,260.718,0,1050,technical_error,,provider_error,completed,True,True,2001
E09-s7-initial-3ac5e9c9-a9ae-4929-b535-fb8d4534a036,E09 r1,profile,profile-11401,measured,260.723,0,1050,technical_error,,provider_error,completed,True,True,2001
E09-s7-initial-3ac5e9c9-a9ae-4929-b535-fb8d4534a036,E09 r1,quote,quote-26589,measured,260.732,0,1050,technical_error,,provider_error,completed,True,True,2001
E09-s7-initial-3ac5e9c9-a9ae-4929-b535-fb8d4534a036,E09 r1,quote,quote-26590,measured,260.747,0,1050,technical_error,,provider_error,completed,True,True,2000
E09-s7-initial-3ac5e9c9-a9ae-4929-b535-fb8d4534a036,E09 r1,profile,profile-11402,measured,260.756,0,1050,technical_error,,provider_error,completed,True,True,2001
E09-s7-initial-3ac5e9c9-a9ae-4929-b535-fb8d4534a036,E09 r1,quote,quote-26591,measured,260.761,0,1050,technical_error,,provider_error,completed,True,True,2001
E09-s7-initial-3ac5e9c9-a9ae-4929-b535-fb8d4534a036,E09 r1,quote,quote-26593,measured,260.79,0,1050,technical_error,,provider_error,completed,True,True,2000
E09-s7-initial-3ac5e9c9-a9ae-4929-b535-fb8d4534a036,E09 r1,profile,profile-11403,measured,260.79,0,1050,technical_error,,provider_error,completed,True,True,2000
E09-s7-initial-3ac5e9c9-a9ae-4929-b535-fb8d4534a036,E09 r1,quote,quote-26595,measured,260.818,0,1050,technical_error,,provider_error,completed,True,True,2001
E09-s7-initial-3ac5e9c9-a9ae-4929-b535-fb8d4534a036,E09 r1,profile,profile-11404,measured,260.823,0,1050,technical_error,,provider_error,completed,True,True,2000
E09-s7-initial-3ac5e9c9-a9ae-4929-b535-fb8d4534a036,E09 r1,quote,quote-26596,measured,260.833,0,1050,technical_error,,provider_error,completed,True,True,2000
E09-s7-initial-3ac5e9c9-a9ae-4929-b535-fb8d4534a036,E09 r1,quote,quote-26597,measured,260.847,0,1050,technical_error,,provider_error,completed,True,True,2000
E09-s7-initial-3ac5e9c9-a9ae-4929-b535-fb8d4534a036,E09 r1,profile,profile-11405,measured,260.856,0,1050,technical_error,,provider_error,completed,True,True,2001
E09-s7-initial-3ac5e9c9-a9ae-4929-b535-fb8d4534a036,E09 r1,quote,quote-26600,measured,260.89,0,1050,technical_error,,provider_error,completed,True,True,2001
E09-s7-initial-3ac5e9c9-a9ae-4929-b535-fb8d4534a036,E09 r1,profile,profile-11406,measured,260.89,0,1050,technical_error,,provider_error,completed,True,True,2001
E09-s7-initial-3ac5e9c9-a9ae-4929-b535-fb8d4534a036,E09 r1,quote,quote-26601,measured,260.904,0,1050,technical_error,,provider_error,completed,True,True,2000
E09-s7-initial-3ac5e9c9-a9ae-4929-b535-fb8d4534a036,E09 r1,profile,profile-11407,measured,260.923,0,1050,technical_error,,provider_error,completed,True,True,2000
E09-s7-initial-3ac5e9c9-a9ae-4929-b535-fb8d4534a036,E09 r1,quote,quote-26606,measured,260.976,0,1050,technical_error,,provider_error,completed,True,True,2000
E09-s7-initial-3ac5e9c9-a9ae-4929-b535-fb8d4534a036,E09 r1,quote,quote-26607,measured,260.99,0,1050,technical_error,,provider_error,completed,True,True,2000
E09-s7-initial-3ac5e9c9-a9ae-4929-b535-fb8d4534a036,E09 r1,quote,quote-26609,measured,261.018,0,1050,technical_error,,provider_error,completed,True,True,2001
E09-s7-initial-3ac5e9c9-a9ae-4929-b535-fb8d4534a036,E09 r1,quote,quote-26611,measured,261.047,0,1050,technical_error,,provider_error,completed,True,True,2000
E09-s7-initial-3ac5e9c9-a9ae-4929-b535-fb8d4534a036,E09 r1,quote,quote-26612,measured,261.061,0,1050,technical_error,,provider_error,completed,True,True,2001
E09-s7-initial-3ac5e9c9-a9ae-4929-b535-fb8d4534a036,E09 r1,quote,quote-26614,measured,261.09,0,1050,technical_error,,provider_error,completed,True,True,2000
E09-s7-initial-3ac5e9c9-a9ae-4929-b535-fb8d4534a036,E09 r1,profile,profile-11412,measured,261.09,0,1050,technical_error,,provider_error,completed,True,True,2000
E09-s7-initial-3ac5e9c9-a9ae-4929-b535-fb8d4534a036,E09 r1,quote,quote-26615,measured,261.104,0,1050,technical_error,,provider_error,completed,True,True,2001
E09-s7-initial-3ac5e9c9-a9ae-4929-b535-fb8d4534a036,E09 r1,quote,quote-26616,measured,261.118,0,1050,technical_error,,provider_error,completed,True,True,2000
E09-s7-initial-3ac5e9c9-a9ae-4929-b535-fb8d4534a036,E09 r1,quote,quote-26618,measured,261.147,0,1050,technical_error,,provider_error,completed,True,True,2000
E09-s7-initial-3ac5e9c9-a9ae-4929-b535-fb8d4534a036,E09 r1,profile,profile-11414,measured,261.156,0,1050,technical_error,,provider_error,completed,True,True,2001
E09-s7-initial-3ac5e9c9-a9ae-4929-b535-fb8d4534a036,E09 r1,quote,quote-26619,measured,261.161,0,1050,technical_error,,provider_error,completed,True,True,2000
E09-s7-initial-3ac5e9c9-a9ae-4929-b535-fb8d4534a036,E09 r1,quote,quote-26620,measured,261.176,0,1050,technical_error,,provider_error,completed,True,True,2000
E09-s7-initial-3ac5e9c9-a9ae-4929-b535-fb8d4534a036,E09 r1,profile,profile-11415,measured,261.19,0,1050,technical_error,,provider_error,completed,True,True,2000
E09-s7-initial-3ac5e9c9-a9ae-4929-b535-fb8d4534a036,E09 r1,quote,quote-26621,measured,261.19,0,1050,technical_error,,provider_error,completed,True,True,2000
E09-s7-initial-3ac5e9c9-a9ae-4929-b535-fb8d4534a036,E09 r1,profile,profile-11416,measured,261.223,0,1050,technical_error,,provider_error,completed,True,True,2000
E09-s7-initial-3ac5e9c9-a9ae-4929-b535-fb8d4534a036,E09 r1,quote,quote-26624,measured,261.232,0,1050,technical_error,,provider_error,completed,True,True,2001
E09-s7-initial-3ac5e9c9-a9ae-4929-b535-fb8d4534a036,E09 r1,quote,quote-26625,measured,261.247,0,1050,technical_error,,provider_error,completed,True,True,2000
E09-s7-initial-3ac5e9c9-a9ae-4929-b535-fb8d4534a036,E09 r1,profile,profile-11417,measured,261.256,0,1050,technical_error,,provider_error,completed,True,True,2001
E09-s7-initial-3ac5e9c9-a9ae-4929-b535-fb8d4534a036,E09 r1,quote,quote-26626,measured,261.261,0,1050,technical_error,,provider_error,completed,True,True,2001
E09-s7-initial-3ac5e9c9-a9ae-4929-b535-fb8d4534a036,E09 r1,quote,quote-26627,measured,261.275,0,1050,technical_error,,provider_error,completed,True,True,2001
E09-s7-initial-3ac5e9c9-a9ae-4929-b535-fb8d4534a036,E09 r1,quote,quote-26628,measured,261.29,0,1050,technical_error,,provider_error,completed,True,True,2000
E09-s7-initial-3ac5e9c9-a9ae-4929-b535-fb8d4534a036,E09 r1,quote,quote-26629,measured,261.304,0,1050,technical_error,,provider_error,completed,True,True,2001
E09-s7-initial-3ac5e9c9-a9ae-4929-b535-fb8d4534a036,E09 r1,profile,profile-11419,measured,261.323,0,1050,technical_error,,provider_error,completed,True,True,2001
E09-s7-initial-3ac5e9c9-a9ae-4929-b535-fb8d4534a036,E09 r1,quote,quote-26630,measured,261.333,0,1050,technical_error,,,,False,,2000
E09-s7-initial-3ac5e9c9-a9ae-4929-b535-fb8d4534a036,E09 r1,profile,profile-11420,measured,261.357,0,1050,technical_error,,provider_error,completed,True,True,2000
E09-s7-initial-3ac5e9c9-a9ae-4929-b535-fb8d4534a036,E09 r1,quote,quote-26632,measured,261.362,0,1050,technical_error,,provider_error,completed,True,True,2001
E09-s7-initial-3ac5e9c9-a9ae-4929-b535-fb8d4534a036,E09 r1,quote,quote-26633,measured,261.375,0,1050,technical_error,,provider_error,completed,True,True,2001
E09-s7-initial-3ac5e9c9-a9ae-4929-b535-fb8d4534a036,E09 r1,quote,quote-26634,measured,261.39,0,1050,technical_error,,provider_error,completed,True,True,2000
E09-s7-initial-3ac5e9c9-a9ae-4929-b535-fb8d4534a036,E09 r1,profile,profile-11421,measured,261.39,0,1050,technical_error,,provider_error,completed,True,True,2002
E09-s7-initial-3ac5e9c9-a9ae-4929-b535-fb8d4534a036,E09 r1,quote,quote-26639,measured,261.461,0,1050,technical_error,,provider_error,completed,True,True,2000
E09-s7-initial-3ac5e9c9-a9ae-4929-b535-fb8d4534a036,E09 r1,quote,quote-26644,measured,261.532,0,1050,technical_error,,provider_error,completed,True,True,2000
E09-s7-initial-3ac5e9c9-a9ae-4929-b535-fb8d4534a036,E09 r1,quote,quote-26645,measured,261.547,0,1050,technical_error,,provider_error,completed,True,True,2000
E09-s7-initial-3ac5e9c9-a9ae-4929-b535-fb8d4534a036,E09 r1,quote,quote-26646,measured,261.561,0,1050,technical_error,,provider_error,completed,True,True,2000
E09-s7-initial-3ac5e9c9-a9ae-4929-b535-fb8d4534a036,E09 r1,quote,quote-26648,measured,261.59,0,1050,technical_error,,provider_error,completed,True,True,2001
E09-s7-initial-3ac5e9c9-a9ae-4929-b535-fb8d4534a036,E09 r1,quote,quote-26650,measured,261.618,0,1050,technical_error,,provider_error,completed,True,True,2001
E09-s7-initial-3ac5e9c9-a9ae-4929-b535-fb8d4534a036,E09 r1,quote,quote-26652,measured,261.647,0,1050,technical_error,,provider_error,completed,True,True,2000
E09-s7-initial-3ac5e9c9-a9ae-4929-b535-fb8d4534a036,E09 r1,quote,quote-26653,measured,261.661,0,1050,technical_error,,provider_error,completed,True,True,2001
E09-s7-initial-3ac5e9c9-a9ae-4929-b535-fb8d4534a036,E09 r1,quote,quote-26654,measured,261.675,0,1050,technical_error,,provider_error,completed,True,True,2001
E09-s7-initial-3ac5e9c9-a9ae-4929-b535-fb8d4534a036,E09 r1,profile,profile-11430,measured,261.69,0,1050,technical_error,,provider_error,completed,True,True,2000
E09-s7-initial-3ac5e9c9-a9ae-4929-b535-fb8d4534a036,E09 r1,quote,quote-26656,measured,261.704,0,1050,technical_error,,provider_error,completed,True,True,2000
E09-s7-initial-3ac5e9c9-a9ae-4929-b535-fb8d4534a036,E09 r1,quote,quote-26657,measured,261.718,0,1050,technical_error,,provider_error,completed,True,True,2000
E09-s7-initial-3ac5e9c9-a9ae-4929-b535-fb8d4534a036,E09 r1,profile,profile-11431,measured,261.723,0,1050,technical_error,,provider_error,completed,True,True,2000
E09-s7-initial-3ac5e9c9-a9ae-4929-b535-fb8d4534a036,E09 r1,quote,quote-26658,measured,261.747,0,1050,technical_error,,,,False,,2001
E09-s7-initial-3ac5e9c9-a9ae-4929-b535-fb8d4534a036,E09 r1,quote,quote-26660,measured,261.79,0,1050,technical_error,,,,False,,2000
E09-s7-initial-3ac5e9c9-a9ae-4929-b535-fb8d4534a036,E09 r1,quote,quote-26663,measured,261.847,0,1050,technical_error,,,,False,,2000
E09-s7-initial-3ac5e9c9-a9ae-4929-b535-fb8d4534a036,E09 r1,quote,quote-26664,measured,261.875,0,1050,technical_error,,,,False,,2001
E09-s7-initial-3ac5e9c9-a9ae-4929-b535-fb8d4534a036,E09 r1,quote,quote-26665,measured,261.89,0,1050,technical_error,,provider_error,completed,True,True,2001
E09-s7-initial-3ac5e9c9-a9ae-4929-b535-fb8d4534a036,E09 r1,quote,quote-26666,measured,261.904,0,1050,technical_error,,provider_error,completed,True,True,2000
E09-s7-initial-3ac5e9c9-a9ae-4929-b535-fb8d4534a036,E09 r1,quote,quote-26667,measured,261.918,0,1050,technical_error,,provider_error,completed,True,True,2001
E09-s7-initial-3ac5e9c9-a9ae-4929-b535-fb8d4534a036,E09 r1,profile,profile-11437,measured,261.923,0,1050,technical_error,,provider_error,completed,True,True,2000
E09-s7-initial-3ac5e9c9-a9ae-4929-b535-fb8d4534a036,E09 r1,quote,quote-26668,measured,261.932,0,1050,technical_error,,provider_error,completed,True,True,2001
E09-s7-initial-3ac5e9c9-a9ae-4929-b535-fb8d4534a036,E09 r1,profile,profile-11439,measured,261.99,0,1050,technical_error,,provider_error,completed,True,True,2000
E09-s7-initial-3ac5e9c9-a9ae-4929-b535-fb8d4534a036,E09 r1,quote,quote-26673,measured,262.004,0,1050,technical_error,,provider_error,completed,True,True,2000
E09-s7-initial-3ac5e9c9-a9ae-4929-b535-fb8d4534a036,E09 r1,profile,profile-11440,measured,262.023,0,1050,technical_error,,provider_error,completed,True,True,2000
E09-s7-initial-3ac5e9c9-a9ae-4929-b535-fb8d4534a036,E09 r1,quote,quote-26675,measured,262.032,0,1050,technical_error,,provider_error,completed,True,True,2000
E09-s7-initial-3ac5e9c9-a9ae-4929-b535-fb8d4534a036,E09 r1,profile,profile-11441,measured,262.056,0,1050,technical_error,,provider_error,completed,True,True,2000
E09-s7-initial-3ac5e9c9-a9ae-4929-b535-fb8d4534a036,E09 r1,quote,quote-26677,measured,262.061,0,1050,technical_error,,provider_error,completed,True,True,2000
E09-s7-initial-3ac5e9c9-a9ae-4929-b535-fb8d4534a036,E09 r1,quote,quote-26678,measured,262.076,0,1050,technical_error,,provider_error,completed,True,True,2000
E09-s7-initial-3ac5e9c9-a9ae-4929-b535-fb8d4534a036,E09 r1,quote,quote-26679,measured,262.089,0,1050,technical_error,,provider_error,completed,True,True,2001
E09-s7-initial-3ac5e9c9-a9ae-4929-b535-fb8d4534a036,E09 r1,quote,quote-26680,measured,262.104,0,1050,technical_error,,provider_error,completed,True,True,2001
E09-s7-initial-3ac5e9c9-a9ae-4929-b535-fb8d4534a036,E09 r1,quote,quote-26681,measured,262.118,0,1050,technical_error,,provider_error,completed,True,True,2000
E09-s7-initial-3ac5e9c9-a9ae-4929-b535-fb8d4534a036,E09 r1,profile,profile-11443,measured,262.123,0,1050,technical_error,,provider_error,completed,True,True,2000
E09-s7-initial-3ac5e9c9-a9ae-4929-b535-fb8d4534a036,E09 r1,quote,quote-26682,measured,262.132,0,1050,technical_error,,provider_error,completed,True,True,2002
E09-s7-initial-3ac5e9c9-a9ae-4929-b535-fb8d4534a036,E09 r1,quote,quote-26685,measured,262.175,0,1050,technical_error,,provider_error,completed,True,True,2001
E09-s7-initial-3ac5e9c9-a9ae-4929-b535-fb8d4534a036,E09 r1,quote,quote-26686,measured,262.19,0,1050,technical_error,,provider_error,completed,True,True,2000
E09-s7-initial-3ac5e9c9-a9ae-4929-b535-fb8d4534a036,E09 r1,quote,quote-26687,measured,262.204,0,1050,technical_error,,provider_error,completed,True,True,2001
E09-s7-initial-3ac5e9c9-a9ae-4929-b535-fb8d4534a036,E09 r1,quote,quote-26688,measured,262.218,0,1050,technical_error,,provider_error,completed,True,True,2001
E09-s7-initial-3ac5e9c9-a9ae-4929-b535-fb8d4534a036,E09 r1,profile,profile-11446,measured,262.223,0,1050,technical_error,,provider_error,completed,True,True,2000
E09-s7-initial-3ac5e9c9-a9ae-4929-b535-fb8d4534a036,E09 r1,quote,quote-26689,measured,262.233,0,1050,technical_error,,provider_error,completed,True,True,2000
E09-s7-initial-3ac5e9c9-a9ae-4929-b535-fb8d4534a036,E09 r1,profile,profile-11447,measured,262.256,0,1050,technical_error,,provider_error,completed,True,True,2001
E09-s7-initial-3ac5e9c9-a9ae-4929-b535-fb8d4534a036,E09 r1,profile,profile-11448,measured,262.289,0,1050,technical_error,,provider_error,completed,True,True,2001
E09-s7-initial-3ac5e9c9-a9ae-4929-b535-fb8d4534a036,E09 r1,quote,quote-26700,measured,262.389,0,1050,technical_error,,provider_error,completed,True,True,2001
E09-s7-initial-3ac5e9c9-a9ae-4929-b535-fb8d4534a036,E09 r1,quote,quote-26701,measured,262.404,0,1050,technical_error,,provider_error,completed,True,True,2000
E09-s7-initial-3ac5e9c9-a9ae-4929-b535-fb8d4534a036,E09 r1,profile,profile-11453,measured,262.456,0,1050,technical_error,,provider_error,completed,True,True,2000
E09-s7-initial-3ac5e9c9-a9ae-4929-b535-fb8d4534a036,E09 r1,quote,quote-26704,measured,262.461,0,1050,technical_error,,,,False,,2001
E09-s7-initial-3ac5e9c9-a9ae-4929-b535-fb8d4534a036,E09 r1,quote,quote-26705,measured,262.489,0,1050,technical_error,,,,False,,2001
E09-s7-initial-3ac5e9c9-a9ae-4929-b535-fb8d4534a036,E09 r1,profile,profile-11454,measured,262.489,0,1050,technical_error,,provider_error,completed,True,True,2001
E09-s7-initial-3ac5e9c9-a9ae-4929-b535-fb8d4534a036,E09 r1,quote,quote-26706,measured,262.504,0,1050,technical_error,,provider_error,completed,True,True,2000
E09-s7-initial-3ac5e9c9-a9ae-4929-b535-fb8d4534a036,E09 r1,quote,quote-26707,measured,262.518,0,1050,technical_error,,provider_error,completed,True,True,2001
E09-s7-initial-3ac5e9c9-a9ae-4929-b535-fb8d4534a036,E09 r1,profile,profile-11455,measured,262.523,0,1050,technical_error,,provider_error,completed,True,True,2001
E09-s7-initial-3ac5e9c9-a9ae-4929-b535-fb8d4534a036,E09 r1,quote,quote-26709,measured,262.547,0,1050,technical_error,,provider_error,completed,True,True,2000
E09-s7-initial-3ac5e9c9-a9ae-4929-b535-fb8d4534a036,E09 r1,profile,profile-11456,measured,262.556,0,1050,technical_error,,provider_error,completed,True,True,2001
E09-s7-initial-3ac5e9c9-a9ae-4929-b535-fb8d4534a036,E09 r1,quote,quote-26711,measured,262.575,0,1050,technical_error,,provider_error,completed,True,True,2000
E09-s7-initial-3ac5e9c9-a9ae-4929-b535-fb8d4534a036,E09 r1,quote,quote-26713,measured,262.604,0,1050,technical_error,,provider_error,completed,True,True,2000
E09-s7-initial-3ac5e9c9-a9ae-4929-b535-fb8d4534a036,E09 r1,quote,quote-26715,measured,262.633,0,1050,technical_error,,provider_error,completed,True,True,2000
E09-s7-initial-3ac5e9c9-a9ae-4929-b535-fb8d4534a036,E09 r1,profile,profile-11459,measured,262.69,0,1050,technical_error,,provider_error,completed,True,True,2000
E09-s7-initial-3ac5e9c9-a9ae-4929-b535-fb8d4534a036,E09 r1,quote,quote-26720,measured,262.704,0,1050,technical_error,,provider_error,completed,True,True,2000
E09-s7-initial-3ac5e9c9-a9ae-4929-b535-fb8d4534a036,E09 r1,quote,quote-26721,measured,262.719,0,1050,technical_error,,provider_error,completed,True,True,2000
E09-s7-initial-3ac5e9c9-a9ae-4929-b535-fb8d4534a036,E09 r1,profile,profile-11460,measured,262.723,0,1050,technical_error,,,,False,,2000
E09-s7-initial-3ac5e9c9-a9ae-4929-b535-fb8d4534a036,E09 r1,quote,quote-26722,measured,262.732,0,1050,technical_error,,provider_error,completed,True,True,2001
E09-s7-initial-3ac5e9c9-a9ae-4929-b535-fb8d4534a036,E09 r1,quote,quote-26723,measured,262.747,0,1050,technical_error,,provider_error,completed,True,True,2000
E09-s7-initial-3ac5e9c9-a9ae-4929-b535-fb8d4534a036,E09 r1,profile,profile-11461,measured,262.757,0,1050,technical_error,,provider_error,completed,True,True,2000
E09-s7-initial-3ac5e9c9-a9ae-4929-b535-fb8d4534a036,E09 r1,quote,quote-26724,measured,262.761,0,1050,technical_error,,provider_error,completed,True,True,2000
E09-s7-initial-3ac5e9c9-a9ae-4929-b535-fb8d4534a036,E09 r1,quote,quote-26725,measured,262.775,0,1050,technical_error,,provider_error,completed,True,True,2000
E09-s7-initial-3ac5e9c9-a9ae-4929-b535-fb8d4534a036,E09 r1,quote,quote-26727,measured,262.804,0,1050,technical_error,,provider_error,completed,True,True,2000
E09-s7-initial-3ac5e9c9-a9ae-4929-b535-fb8d4534a036,E09 r1,profile,profile-11463,measured,262.823,0,1050,technical_error,,provider_error,completed,True,True,2000
E09-s7-initial-3ac5e9c9-a9ae-4929-b535-fb8d4534a036,E09 r1,quote,quote-26729,measured,262.832,0,1050,technical_error,,provider_error,completed,True,True,2000
E09-s7-initial-3ac5e9c9-a9ae-4929-b535-fb8d4534a036,E09 r1,profile,profile-11464,measured,262.856,0,1050,technical_error,,provider_error,completed,True,True,2000
E09-s7-initial-3ac5e9c9-a9ae-4929-b535-fb8d4534a036,E09 r1,quote,quote-26731,measured,262.861,0,1050,technical_error,,provider_error,completed,True,True,2000
E09-s7-initial-3ac5e9c9-a9ae-4929-b535-fb8d4534a036,E09 r1,quote,quote-26732,measured,262.875,0,1050,technical_error,,provider_error,completed,True,True,2001
E09-s7-initial-3ac5e9c9-a9ae-4929-b535-fb8d4534a036,E09 r1,profile,profile-11465,measured,262.89,0,1050,technical_error,,provider_error,completed,True,True,2000
E09-s7-initial-3ac5e9c9-a9ae-4929-b535-fb8d4534a036,E09 r1,quote,quote-26743,measured,263.032,0,1050,technical_error,,provider_error,completed,True,True,2001
E09-s7-initial-3ac5e9c9-a9ae-4929-b535-fb8d4534a036,E09 r1,quote,quote-26748,measured,263.104,0,1050,technical_error,,provider_error,completed,True,True,2000
E09-s7-initial-3ac5e9c9-a9ae-4929-b535-fb8d4534a036,E09 r1,quote,quote-26749,measured,263.118,0,1050,technical_error,,provider_error,completed,True,True,2000
E09-s7-initial-3ac5e9c9-a9ae-4929-b535-fb8d4534a036,E09 r1,profile,profile-11472,measured,263.123,0,1050,technical_error,,provider_error,completed,True,True,2000
E09-s7-initial-3ac5e9c9-a9ae-4929-b535-fb8d4534a036,E09 r1,profile,profile-11473,measured,263.156,0,1050,technical_error,,provider_error,completed,True,True,2001
E09-s7-initial-3ac5e9c9-a9ae-4929-b535-fb8d4534a036,E09 r1,profile,profile-11474,measured,263.19,0,1050,technical_error,,provider_error,completed,True,True,2001
E09-s7-initial-3ac5e9c9-a9ae-4929-b535-fb8d4534a036,E09 r1,profile,profile-11475,measured,263.223,0,1050,technical_error,,provider_error,completed,True,True,2000
E09-s7-initial-3ac5e9c9-a9ae-4929-b535-fb8d4534a036,E09 r1,quote,quote-26760,measured,263.29,0,1050,technical_error,,provider_error,completed,True,True,2000
E09-s7-initial-3ac5e9c9-a9ae-4929-b535-fb8d4534a036,E09 r1,quote,quote-26762,measured,263.318,0,1050,technical_error,,provider_error,completed,True,True,2001
E09-s7-initial-3ac5e9c9-a9ae-4929-b535-fb8d4534a036,E09 r1,quote,quote-26764,measured,263.347,0,1050,technical_error,,provider_error,completed,True,True,2000
E09-s7-initial-3ac5e9c9-a9ae-4929-b535-fb8d4534a036,E09 r1,quote,quote-26770,measured,263.433,0,1050,technical_error,,provider_error,completed,True,True,2000
E09-s7-initial-3ac5e9c9-a9ae-4929-b535-fb8d4534a036,E09 r1,quote,quote-26772,measured,263.461,0,1050,technical_error,,provider_error,completed,True,True,2000
E09-s7-initial-3ac5e9c9-a9ae-4929-b535-fb8d4534a036,E09 r1,quote,quote-26785,measured,263.661,0,1050,technical_error,,provider_error,completed,True,True,2000
E09-s7-initial-3ac5e9c9-a9ae-4929-b535-fb8d4534a036,E09 r1,quote,quote-26787,measured,263.689,0,1050,technical_error,,provider_error,completed,True,True,2002
E07-s7-initial-9f441662-e360-44ee-9faf-14a80afac612,E07 ausente r3,profile,profile-1796,warmup,-60.134,503,1503,technical_error,hard_deadline,hard_deadline,snapshot,True,False,756
E09-s7-initial-3d00ce45-ef7c-4201-89ec-7722508474a9,E09 r2,quote,quote-28295,measured,284.214,0,1050,technical_error,,provider_error,completed,True,True,2002
E09-s7-initial-3d00ce45-ef7c-4201-89ec-7722508474a9,E09 r2,quote,quote-28298,measured,284.257,0,1050,technical_error,,provider_error,completed,True,True,2001
E09-s7-initial-3d00ce45-ef7c-4201-89ec-7722508474a9,E09 r2,quote,quote-28306,measured,284.372,0,1050,degraded,provider_error,provider_error,completed,True,True,2000
E09-s7-initial-3d00ce45-ef7c-4201-89ec-7722508474a9,E09 r2,profile,profile-12135,measured,284.5,0,1050,technical_error,,provider_error,completed,True,True,2001
E09-s7-initial-3d00ce45-ef7c-4201-89ec-7722508474a9,E09 r2,quote,quote-28316,measured,284.529,0,1050,technical_error,,provider_error,completed,True,True,2000
E09-s7-initial-3d00ce45-ef7c-4201-89ec-7722508474a9,E09 r2,profile,profile-12136,measured,284.533,0,1050,technical_error,,provider_error,completed,True,True,2001
E09-s7-initial-3d00ce45-ef7c-4201-89ec-7722508474a9,E09 r2,quote,quote-28317,measured,284.557,0,1050,technical_error,,provider_error,completed,True,True,2000
E09-s7-initial-3d00ce45-ef7c-4201-89ec-7722508474a9,E09 r2,profile,profile-12137,measured,284.567,0,1050,degraded,provider_error,provider_error,completed,True,True,2000
E09-s7-initial-3d00ce45-ef7c-4201-89ec-7722508474a9,E09 r2,quote,quote-28318,measured,284.586,0,1050,technical_error,,,,False,,2000
E09-s7-initial-3d00ce45-ef7c-4201-89ec-7722508474a9,E09 r2,quote,quote-28319,measured,284.614,0,1050,technical_error,,provider_error,completed,True,True,2001
E09-s7-initial-3d00ce45-ef7c-4201-89ec-7722508474a9,E09 r2,quote,quote-28322,measured,284.671,0,1050,technical_error,,provider_error,completed,True,True,2001
E09-s7-initial-3d00ce45-ef7c-4201-89ec-7722508474a9,E09 r2,quote,quote-28324,measured,284.729,0,1050,technical_error,,provider_error,completed,True,True,2000
E09-s7-initial-3d00ce45-ef7c-4201-89ec-7722508474a9,E09 r2,quote,quote-28325,measured,284.757,0,1050,technical_error,,,,False,,2001
E09-s7-initial-3d00ce45-ef7c-4201-89ec-7722508474a9,E09 r2,quote,quote-28326,measured,284.786,0,1050,technical_error,,provider_error,completed,True,True,2000
E09-s7-initial-3d00ce45-ef7c-4201-89ec-7722508474a9,E09 r2,profile,profile-12143,measured,284.8,0,1050,technical_error,,provider_error,completed,True,True,2001
E09-s7-initial-3d00ce45-ef7c-4201-89ec-7722508474a9,E09 r2,quote,quote-28327,measured,284.814,0,1050,technical_error,,,,False,,2001
E09-s7-initial-3d00ce45-ef7c-4201-89ec-7722508474a9,E09 r2,quote,quote-28328,measured,284.843,0,1050,technical_error,,provider_error,completed,True,True,2001
E09-s7-initial-3d00ce45-ef7c-4201-89ec-7722508474a9,E09 r2,profile,profile-12144,measured,284.867,0,1050,technical_error,,provider_error,completed,True,True,2000
E09-s7-initial-3d00ce45-ef7c-4201-89ec-7722508474a9,E09 r2,quote,quote-28329,measured,284.871,0,1050,technical_error,,provider_error,completed,True,True,2001
E09-s7-initial-3d00ce45-ef7c-4201-89ec-7722508474a9,E09 r2,quote,quote-28330,measured,284.9,0,1050,technical_error,,provider_error,completed,True,True,2000
E09-s7-initial-3d00ce45-ef7c-4201-89ec-7722508474a9,E09 r2,quote,quote-28331,measured,284.914,0,1050,degraded,provider_error,provider_error,completed,True,True,2001
E09-s7-initial-3d00ce45-ef7c-4201-89ec-7722508474a9,E09 r2,profile,profile-12145,measured,284.933,0,1050,technical_error,,deadline,completed,True,True,2000
E09-s7-initial-3d00ce45-ef7c-4201-89ec-7722508474a9,E09 r2,profile,profile-12146,measured,284.966,0,1050,technical_error,,provider_error,completed,True,True,2001
E09-s7-initial-3d00ce45-ef7c-4201-89ec-7722508474a9,E09 r2,quote,quote-28335,measured,284.972,0,1050,technical_error,,provider_error,completed,True,True,2000
E09-s7-initial-3d00ce45-ef7c-4201-89ec-7722508474a9,E09 r2,quote,quote-28339,measured,285.029,0,1050,technical_error,,provider_error,completed,True,True,2004
E09-s7-initial-3d00ce45-ef7c-4201-89ec-7722508474a9,E09 r2,profile,profile-12148,measured,285.033,0,1050,degraded,provider_error,provider_error,completed,True,True,2001
E09-s7-initial-3d00ce45-ef7c-4201-89ec-7722508474a9,E09 r2,quote,quote-28341,measured,285.057,0,1050,technical_error,,provider_error,completed,True,True,2000
E09-s7-initial-3d00ce45-ef7c-4201-89ec-7722508474a9,E09 r2,quote,quote-28343,measured,285.086,0,1050,technical_error,,provider_error,completed,True,True,2001
E09-s7-initial-3d00ce45-ef7c-4201-89ec-7722508474a9,E09 r2,quote,quote-28344,measured,285.1,0,1050,technical_error,,provider_error,completed,True,True,2000
E09-s7-initial-3d00ce45-ef7c-4201-89ec-7722508474a9,E09 r2,quote,quote-28345,measured,285.114,0,1050,technical_error,,provider_error,completed,True,True,2000
E09-s7-initial-3d00ce45-ef7c-4201-89ec-7722508474a9,E09 r2,profile,profile-12150,measured,285.133,0,1050,technical_error,,provider_error,completed,True,True,2001
E09-s7-initial-3d00ce45-ef7c-4201-89ec-7722508474a9,E09 r2,quote,quote-28348,measured,285.171,0,1050,technical_error,,provider_error,completed,True,True,2001
E09-s7-initial-3d00ce45-ef7c-4201-89ec-7722508474a9,E09 r2,profile,profile-12151,measured,285.2,0,1050,technical_error,,provider_error,completed,True,True,2000
E09-s7-initial-3d00ce45-ef7c-4201-89ec-7722508474a9,E09 r2,quote,quote-28349,measured,285.2,0,1050,technical_error,,provider_error,completed,True,True,2000
E09-s7-initial-3d00ce45-ef7c-4201-89ec-7722508474a9,E09 r2,quote,quote-28350,measured,285.228,0,1050,technical_error,,provider_error,completed,True,True,2001
E09-s7-initial-3d00ce45-ef7c-4201-89ec-7722508474a9,E09 r2,quote,quote-28354,measured,285.286,0,1050,technical_error,,provider_error,completed,True,True,2000
E09-s7-initial-3d00ce45-ef7c-4201-89ec-7722508474a9,E09 r2,quote,quote-28357,measured,285.329,0,1050,technical_error,,provider_error,completed,True,True,2000
E09-s7-initial-3d00ce45-ef7c-4201-89ec-7722508474a9,E09 r2,quote,quote-28360,measured,285.386,0,1050,technical_error,,provider_error,completed,True,True,2001
E09-s7-initial-3d00ce45-ef7c-4201-89ec-7722508474a9,E09 r2,quote,quote-28361,measured,285.414,0,1050,technical_error,,,,False,,2000
E09-s7-initial-3d00ce45-ef7c-4201-89ec-7722508474a9,E09 r2,quote,quote-28362,measured,285.443,0,1050,technical_error,,,,False,,2000
E09-s7-initial-3d00ce45-ef7c-4201-89ec-7722508474a9,E09 r2,quote,quote-28363,measured,285.471,0,1050,technical_error,,,,False,,2001
E09-s7-initial-3d00ce45-ef7c-4201-89ec-7722508474a9,E09 r2,quote,quote-28364,measured,285.5,0,1050,technical_error,,provider_error,completed,True,True,2001
E09-s7-initial-3d00ce45-ef7c-4201-89ec-7722508474a9,E09 r2,quote,quote-28365,measured,285.528,0,1050,technical_error,,provider_error,completed,True,True,2001
E09-s7-initial-3d00ce45-ef7c-4201-89ec-7722508474a9,E09 r2,profile,profile-12161,measured,285.533,0,1050,technical_error,,provider_error,completed,True,True,2001
E09-s7-initial-3d00ce45-ef7c-4201-89ec-7722508474a9,E09 r2,profile,profile-12162,measured,285.567,0,1050,technical_error,,provider_error,completed,True,True,2000
E09-s7-initial-3d00ce45-ef7c-4201-89ec-7722508474a9,E09 r2,quote,quote-28371,measured,285.614,0,1050,technical_error,,provider_error,completed,True,True,2001
E09-s7-initial-3d00ce45-ef7c-4201-89ec-7722508474a9,E09 r2,quote,quote-28372,measured,285.629,0,1050,degraded,provider_error,provider_error,completed,True,True,2000
E09-s7-initial-3d00ce45-ef7c-4201-89ec-7722508474a9,E09 r2,profile,profile-12164,measured,285.633,0,1050,technical_error,,provider_error,completed,True,True,2001
E09-s7-initial-3d00ce45-ef7c-4201-89ec-7722508474a9,E09 r2,quote,quote-28373,measured,285.643,0,1050,technical_error,,provider_error,completed,True,True,2000
E09-s7-initial-3d00ce45-ef7c-4201-89ec-7722508474a9,E09 r2,quote,quote-28376,measured,285.686,0,1050,degraded,provider_error,provider_error,completed,True,True,2000
E09-s7-initial-3d00ce45-ef7c-4201-89ec-7722508474a9,E09 r2,profile,profile-12166,measured,285.7,0,1050,technical_error,,provider_error,completed,True,True,2000
E09-s7-initial-3d00ce45-ef7c-4201-89ec-7722508474a9,E09 r2,quote,quote-28378,measured,285.715,0,1050,degraded,provider_error,provider_error,completed,True,True,2000
E09-s7-initial-3d00ce45-ef7c-4201-89ec-7722508474a9,E09 r2,quote,quote-28379,measured,285.743,0,1050,technical_error,,provider_error,completed,True,True,2000
E09-s7-initial-3d00ce45-ef7c-4201-89ec-7722508474a9,E09 r2,profile,profile-12168,measured,285.767,0,1050,technical_error,,provider_error,completed,True,True,2000
E09-s7-initial-3d00ce45-ef7c-4201-89ec-7722508474a9,E09 r2,quote,quote-28380,measured,285.771,0,1050,technical_error,,,,False,,2001
E09-s7-initial-3d00ce45-ef7c-4201-89ec-7722508474a9,E09 r2,quote,quote-28381,measured,285.8,0,1050,technical_error,,provider_error,completed,True,True,2000
E09-s7-initial-3d00ce45-ef7c-4201-89ec-7722508474a9,E09 r2,quote,quote-28382,measured,285.829,0,1050,technical_error,,,,False,,2000
E09-s7-initial-3d00ce45-ef7c-4201-89ec-7722508474a9,E09 r2,quote,quote-28383,measured,285.843,0,1050,technical_error,,provider_error,completed,True,True,2000
E09-s7-initial-3d00ce45-ef7c-4201-89ec-7722508474a9,E09 r2,quote,quote-28384,measured,285.858,0,1050,degraded,provider_error,provider_error,completed,True,True,2000
E09-s7-initial-3d00ce45-ef7c-4201-89ec-7722508474a9,E09 r2,profile,profile-12172,measured,285.9,0,1050,technical_error,,provider_error,completed,True,True,2000
E09-s7-initial-3d00ce45-ef7c-4201-89ec-7722508474a9,E09 r2,quote,quote-28389,measured,285.929,0,1050,degraded,provider_error,provider_error,completed,True,True,2001
E09-s7-initial-3d00ce45-ef7c-4201-89ec-7722508474a9,E09 r2,profile,profile-12173,measured,285.933,0,1050,technical_error,,provider_error,completed,True,True,2001
E09-s7-initial-3d00ce45-ef7c-4201-89ec-7722508474a9,E09 r2,quote,quote-28390,measured,285.943,0,1050,technical_error,,provider_error,completed,True,True,2000
E09-s7-initial-3d00ce45-ef7c-4201-89ec-7722508474a9,E09 r2,quote,quote-28391,measured,285.957,0,1050,technical_error,,provider_error,completed,True,True,2001
E09-s7-initial-3d00ce45-ef7c-4201-89ec-7722508474a9,E09 r2,quote,quote-28392,measured,285.986,0,1050,technical_error,,provider_error,completed,True,True,2000
E09-s7-initial-3d00ce45-ef7c-4201-89ec-7722508474a9,E09 r2,profile,profile-12174,measured,286.0,0,1050,technical_error,,provider_error,completed,True,True,2000
E09-s7-initial-3d00ce45-ef7c-4201-89ec-7722508474a9,E09 r2,quote,quote-28394,measured,286.043,0,1050,technical_error,,provider_error,completed,True,True,2000
E09-s7-initial-3d00ce45-ef7c-4201-89ec-7722508474a9,E09 r2,quote,quote-28395,measured,286.071,0,1050,technical_error,,provider_error,completed,True,True,2001
E09-s7-initial-3d00ce45-ef7c-4201-89ec-7722508474a9,E09 r2,quote,quote-28396,measured,286.1,0,1050,technical_error,,provider_error,completed,True,True,2000
E09-s7-initial-3d00ce45-ef7c-4201-89ec-7722508474a9,E09 r2,quote,quote-28397,measured,286.129,0,1050,technical_error,,,,False,,2000
E09-s7-initial-3d00ce45-ef7c-4201-89ec-7722508474a9,E09 r2,quote,quote-28401,measured,286.186,0,1050,technical_error,,provider_error,completed,True,True,2000
E09-s7-initial-3d00ce45-ef7c-4201-89ec-7722508474a9,E09 r2,quote,quote-28402,measured,286.2,0,1050,technical_error,,provider_error,completed,True,True,2000
E09-s7-initial-3d00ce45-ef7c-4201-89ec-7722508474a9,E09 r2,quote,quote-28403,measured,286.215,0,1050,technical_error,,provider_error,completed,True,True,2001
E09-s7-initial-3d00ce45-ef7c-4201-89ec-7722508474a9,E09 r2,quote,quote-28404,measured,286.229,0,1050,technical_error,,provider_error,completed,True,True,2000
E09-s7-initial-3d00ce45-ef7c-4201-89ec-7722508474a9,E09 r2,profile,profile-12178,measured,286.234,0,1050,technical_error,,provider_error,completed,True,True,2000
E09-s7-initial-3d00ce45-ef7c-4201-89ec-7722508474a9,E09 r2,quote,quote-28405,measured,286.257,0,1050,technical_error,,provider_error,completed,True,True,2001
E09-s7-initial-3d00ce45-ef7c-4201-89ec-7722508474a9,E09 r2,quote,quote-28406,measured,286.272,0,1050,technical_error,,provider_error,completed,True,True,2000
E09-s7-initial-3d00ce45-ef7c-4201-89ec-7722508474a9,E09 r2,quote,quote-28407,measured,286.3,0,1050,technical_error,,provider_error,completed,True,True,2000
E09-s7-initial-3d00ce45-ef7c-4201-89ec-7722508474a9,E09 r2,profile,profile-12179,measured,286.3,0,1050,technical_error,,provider_error,completed,True,True,2000
E09-s7-initial-3d00ce45-ef7c-4201-89ec-7722508474a9,E09 r2,quote,quote-28408,measured,286.328,0,1050,technical_error,,provider_error,completed,True,True,2001
E09-s7-initial-3d00ce45-ef7c-4201-89ec-7722508474a9,E09 r2,quote,quote-28409,measured,286.357,0,1050,technical_error,,provider_error,completed,True,True,2000
E09-s7-initial-3d00ce45-ef7c-4201-89ec-7722508474a9,E09 r2,profile,profile-12180,measured,286.367,0,1050,technical_error,,provider_error,completed,True,True,2000
E09-s7-initial-3d00ce45-ef7c-4201-89ec-7722508474a9,E09 r2,quote,quote-28410,measured,286.386,0,1050,technical_error,,,,False,,2000
E09-s7-initial-3d00ce45-ef7c-4201-89ec-7722508474a9,E09 r2,quote,quote-28411,measured,286.4,0,1050,technical_error,,provider_error,completed,True,True,2000
E09-s7-initial-3d00ce45-ef7c-4201-89ec-7722508474a9,E09 r2,quote,quote-28412,measured,286.429,0,1050,technical_error,,,,False,,2000
E09-s7-initial-3d00ce45-ef7c-4201-89ec-7722508474a9,E09 r2,profile,profile-12181,measured,286.433,0,1050,technical_error,,provider_error,completed,True,True,2001
E09-s7-initial-3d00ce45-ef7c-4201-89ec-7722508474a9,E09 r2,quote,quote-28413,measured,286.443,0,1050,technical_error,,provider_error,completed,True,True,2001
E09-s7-initial-3d00ce45-ef7c-4201-89ec-7722508474a9,E09 r2,quote,quote-28414,measured,286.457,0,1050,technical_error,,provider_error,completed,True,True,2001
E09-s7-initial-3d00ce45-ef7c-4201-89ec-7722508474a9,E09 r2,profile,profile-12182,measured,286.466,0,1050,technical_error,,provider_error,completed,True,True,2001
E09-s7-initial-3d00ce45-ef7c-4201-89ec-7722508474a9,E09 r2,quote,quote-28418,measured,286.528,0,1050,technical_error,,provider_error,completed,True,True,2001
E09-s7-initial-3d00ce45-ef7c-4201-89ec-7722508474a9,E09 r2,quote,quote-28419,measured,286.543,0,1050,technical_error,,provider_error,completed,True,True,2000
E09-s7-initial-3d00ce45-ef7c-4201-89ec-7722508474a9,E09 r2,quote,quote-28420,measured,286.571,0,1050,technical_error,,provider_error,completed,True,True,2001
E09-s7-initial-3d00ce45-ef7c-4201-89ec-7722508474a9,E09 r2,quote,quote-28421,measured,286.586,0,1050,technical_error,,provider_error,completed,True,True,2000
E09-s7-initial-3d00ce45-ef7c-4201-89ec-7722508474a9,E09 r2,quote,quote-28422,measured,286.6,0,1050,technical_error,,provider_error,completed,True,True,2000
E09-s7-initial-3d00ce45-ef7c-4201-89ec-7722508474a9,E09 r2,quote,quote-28423,measured,286.629,0,1050,technical_error,,provider_error,completed,True,True,2000
E09-s7-initial-3d00ce45-ef7c-4201-89ec-7722508474a9,E09 r2,profile,profile-12187,measured,286.634,0,1050,technical_error,,provider_error,completed,True,True,2001
E09-s7-initial-3d00ce45-ef7c-4201-89ec-7722508474a9,E09 r2,quote,quote-28424,measured,286.643,0,1050,technical_error,,provider_error,completed,True,True,2000
E09-s7-initial-3d00ce45-ef7c-4201-89ec-7722508474a9,E09 r2,profile,profile-12188,measured,286.667,0,1050,technical_error,,provider_error,completed,True,True,2000
E09-s7-initial-3d00ce45-ef7c-4201-89ec-7722508474a9,E09 r2,quote,quote-28425,measured,286.671,0,1050,technical_error,,provider_error,completed,True,True,2001
E09-s7-initial-3d00ce45-ef7c-4201-89ec-7722508474a9,E09 r2,quote,quote-28426,measured,286.686,0,1050,technical_error,,provider_error,completed,True,True,2000
E09-s7-initial-3d00ce45-ef7c-4201-89ec-7722508474a9,E09 r2,profile,profile-12189,measured,286.733,0,1050,technical_error,,provider_error,completed,True,True,2000
E09-s7-initial-3d00ce45-ef7c-4201-89ec-7722508474a9,E09 r2,quote,quote-28438,measured,286.886,0,1050,technical_error,,provider_error,completed,True,True,2001
E09-s7-initial-3d00ce45-ef7c-4201-89ec-7722508474a9,E09 r2,profile,profile-12197,measured,287.0,0,1050,technical_error,,provider_error,completed,True,True,2000
E09-s7-initial-3d00ce45-ef7c-4201-89ec-7722508474a9,E09 r2,profile,profile-12198,measured,287.033,0,1050,technical_error,,provider_error,completed,True,True,2001
E09-s7-initial-3d00ce45-ef7c-4201-89ec-7722508474a9,E09 r2,quote,quote-28454,measured,287.114,0,1050,technical_error,,provider_error,completed,True,True,2000
E09-s7-initial-3d00ce45-ef7c-4201-89ec-7722508474a9,E09 r2,quote,quote-28457,measured,287.157,0,1050,technical_error,,provider_error,completed,True,True,2000
E09-s7-initial-3d00ce45-ef7c-4201-89ec-7722508474a9,E09 r2,quote,quote-28458,measured,287.172,0,1050,technical_error,,provider_error,completed,True,True,2000
E09-s7-initial-3d00ce45-ef7c-4201-89ec-7722508474a9,E09 r2,quote,quote-28459,measured,287.186,0,1050,technical_error,,provider_error,completed,True,True,2000
E09-s7-initial-3d00ce45-ef7c-4201-89ec-7722508474a9,E09 r2,quote,quote-28461,measured,287.229,0,1050,technical_error,,provider_error,completed,True,True,2000
E09-s7-initial-3d00ce45-ef7c-4201-89ec-7722508474a9,E09 r2,quote,quote-28462,measured,287.243,0,1050,technical_error,,provider_error,completed,True,True,2001
E09-s7-initial-3d00ce45-ef7c-4201-89ec-7722508474a9,E09 r2,quote,quote-28489,measured,287.757,0,1050,technical_error,,provider_error,completed,True,True,2001
E09-s7-initial-3d00ce45-ef7c-4201-89ec-7722508474a9,E09 r2,quote,quote-28510,measured,288.057,0,1050,technical_error,,provider_error,completed,True,True,2001
E09-s7-initial-3d00ce45-ef7c-4201-89ec-7722508474a9,E09 r2,quote,quote-28532,measured,288.372,0,1050,technical_error,,provider_error,completed,True,True,2000
E09-s7-initial-3d00ce45-ef7c-4201-89ec-7722508474a9,E09 r2,quote,quote-28565,measured,288.843,0,1050,technical_error,,provider_error,completed,True,True,2000
E09-s7-initial-3d00ce45-ef7c-4201-89ec-7722508474a9,E09 r2,profile,profile-12270,measured,289.5,0,1050,technical_error,,provider_error,completed,True,True,2000
E05-s7-initial-239f7732-5212-4d43-971d-fd2ba47a7709,E05 r3,quote,quote-2595,warmup,-82.909,0,1050,technical_error,,,,False,,2001
E05-s7-initial-239f7732-5212-4d43-971d-fd2ba47a7709,E05 r3,quote,quote-2596,warmup,-82.881,0,1050,technical_error,,provider_ok,completed,True,True,2001
E05-s7-initial-239f7732-5212-4d43-971d-fd2ba47a7709,E05 r3,quote,quote-2597,warmup,-82.852,0,1050,technical_error,,provider_ok,completed,True,True,2000
E05-s7-initial-239f7732-5212-4d43-971d-fd2ba47a7709,E05 r3,quote,quote-2598,warmup,-82.823,0,1050,technical_error,,provider_ok,completed,True,True,2000
E05-s7-initial-239f7732-5212-4d43-971d-fd2ba47a7709,E05 r3,quote,quote-2599,warmup,-82.795,0,1050,technical_error,,provider_ok,completed,True,True,2000
E05-s7-initial-239f7732-5212-4d43-971d-fd2ba47a7709,E05 r3,quote,quote-2600,warmup,-82.766,0,1050,technical_error,,provider_ok,completed,True,True,2000
E05-s7-initial-239f7732-5212-4d43-971d-fd2ba47a7709,E05 r3,quote,quote-2601,warmup,-82.738,0,1050,technical_error,,,,False,,2001
E05-s7-initial-239f7732-5212-4d43-971d-fd2ba47a7709,E05 r3,quote,quote-2602,warmup,-82.724,0,1050,technical_error,,provider_ok,completed,True,True,2001
E05-s7-initial-239f7732-5212-4d43-971d-fd2ba47a7709,E05 r3,quote,quote-2603,warmup,-82.709,0,1050,technical_error,,provider_ok,completed,True,True,2000
E05-s7-initial-239f7732-5212-4d43-971d-fd2ba47a7709,E05 r3,quote,quote-2618,warmup,-82.481,0,1050,technical_error,,provider_ok,completed,True,True,2000
E05-s7-initial-239f7732-5212-4d43-971d-fd2ba47a7709,E05 r3,quote,quote-2619,warmup,-82.453,0,1050,technical_error,,provider_ok,completed,True,True,2001
E05-s7-initial-239f7732-5212-4d43-971d-fd2ba47a7709,E05 r3,quote,quote-2625,warmup,-82.366,0,1050,technical_error,,provider_ok,completed,True,True,2000
E05-s7-initial-239f7732-5212-4d43-971d-fd2ba47a7709,E05 r3,quote,quote-2626,warmup,-82.352,0,1050,technical_error,,provider_ok,completed,True,True,2000
E05-s7-initial-239f7732-5212-4d43-971d-fd2ba47a7709,E05 r3,quote,quote-2627,warmup,-82.338,0,1050,technical_error,,provider_ok,completed,True,True,2001
E05-s7-initial-239f7732-5212-4d43-971d-fd2ba47a7709,E05 r3,quote,quote-2634,warmup,-82.224,0,1050,technical_error,,provider_ok,completed,True,True,2001
E05-s7-initial-239f7732-5212-4d43-971d-fd2ba47a7709,E05 r3,quote,quote-2635,warmup,-82.195,0,1050,technical_error,,provider_ok,completed,True,True,2000
E05-s7-initial-239f7732-5212-4d43-971d-fd2ba47a7709,E05 r3,quote,quote-2636,warmup,-82.167,0,1050,technical_error,,provider_ok,completed,True,True,2001
E05-s7-initial-239f7732-5212-4d43-971d-fd2ba47a7709,E05 r3,profile,profile-1134,warmup,-82.162,0,1050,technical_error,,provider_ok,completed,True,True,2000
E05-s7-initial-239f7732-5212-4d43-971d-fd2ba47a7709,E05 r3,quote,quote-2638,warmup,-82.138,0,1050,technical_error,,provider_ok,completed,True,True,2000
E05-s7-initial-239f7732-5212-4d43-971d-fd2ba47a7709,E05 r3,quote,quote-2639,warmup,-82.124,0,1050,technical_error,,provider_ok,completed,True,True,2001
E05-s7-initial-239f7732-5212-4d43-971d-fd2ba47a7709,E05 r3,quote,quote-2660,warmup,-81.795,0,1050,technical_error,,provider_ok,completed,True,True,2000
E05-s7-initial-239f7732-5212-4d43-971d-fd2ba47a7709,E05 r3,quote,quote-2661,warmup,-81.766,0,1050,technical_error,,provider_ok,completed,True,True,2000
E05-s7-initial-239f7732-5212-4d43-971d-fd2ba47a7709,E05 r3,quote,quote-2662,warmup,-81.738,0,1050,technical_error,,provider_ok,completed,True,True,2001
E05-s7-initial-239f7732-5212-4d43-971d-fd2ba47a7709,E05 r3,quote,quote-2663,warmup,-81.709,0,1050,technical_error,,,,False,,2000
E05-s7-initial-239f7732-5212-4d43-971d-fd2ba47a7709,E05 r3,quote,quote-2664,warmup,-81.681,0,1050,technical_error,,provider_ok,completed,True,True,2001
E05-s7-initial-239f7732-5212-4d43-971d-fd2ba47a7709,E05 r3,quote,quote-2665,warmup,-81.652,0,1050,technical_error,,provider_ok,completed,True,True,2000
E05-s7-initial-239f7732-5212-4d43-971d-fd2ba47a7709,E05 r3,quote,quote-2666,warmup,-81.624,0,1050,technical_error,,provider_ok,completed,True,True,2001
E05-s7-initial-239f7732-5212-4d43-971d-fd2ba47a7709,E05 r3,quote,quote-2667,warmup,-81.595,0,1050,technical_error,,,,False,,2000
E05-s7-initial-239f7732-5212-4d43-971d-fd2ba47a7709,E05 r3,quote,quote-2668,warmup,-81.566,0,1050,technical_error,,,,False,,2000
E05-s7-initial-239f7732-5212-4d43-971d-fd2ba47a7709,E05 r3,quote,quote-2670,warmup,-81.538,0,1050,technical_error,,provider_ok,completed,True,True,2000
E05-s7-initial-239f7732-5212-4d43-971d-fd2ba47a7709,E05 r3,quote,quote-2686,warmup,-81.295,0,1050,technical_error,,provider_ok,completed,True,True,2000
E05-s7-initial-239f7732-5212-4d43-971d-fd2ba47a7709,E05 r3,quote,quote-2698,warmup,-81.109,0,1050,technical_error,,provider_ok,completed,True,True,2001
E05-s7-initial-239f7732-5212-4d43-971d-fd2ba47a7709,E05 r3,quote,quote-2699,warmup,-81.081,0,1050,technical_error,,,,False,,2001
E05-s7-initial-239f7732-5212-4d43-971d-fd2ba47a7709,E05 r3,quote,quote-2700,warmup,-81.052,0,1050,technical_error,,provider_ok,completed,True,True,2001
E05-s7-initial-239f7732-5212-4d43-971d-fd2ba47a7709,E05 r3,quote,quote-2701,warmup,-81.024,0,1050,technical_error,,provider_ok,completed,True,True,2001
E05-s7-initial-239f7732-5212-4d43-971d-fd2ba47a7709,E05 r3,quote,quote-2702,warmup,-80.995,0,1050,technical_error,,provider_ok,completed,True,True,2000
E05-s7-initial-239f7732-5212-4d43-971d-fd2ba47a7709,E05 r3,quote,quote-2703,warmup,-80.966,0,1050,technical_error,,provider_ok,completed,True,True,2000
E05-s7-initial-239f7732-5212-4d43-971d-fd2ba47a7709,E05 r3,quote,quote-2725,warmup,-80.652,0,1050,technical_error,,provider_ok,completed,True,True,2000
E05-s7-initial-239f7732-5212-4d43-971d-fd2ba47a7709,E05 r3,quote,quote-2726,warmup,-80.638,0,1050,technical_error,,provider_ok,completed,True,True,2000
E05-s7-initial-239f7732-5212-4d43-971d-fd2ba47a7709,E05 r3,quote,quote-2736,warmup,-80.438,0,1050,technical_error,,provider_ok,completed,True,True,2000
E05-s7-initial-239f7732-5212-4d43-971d-fd2ba47a7709,E05 r3,profile,profile-5325,measured,57.638,503,1503,technical_error,hard_deadline,hard_deadline,snapshot,True,False,780
E09-s7-initial-d3741a37-33c6-4315-b958-62057e5c5dc9,E09 r3,profile,profile-4913,measured,43.765,503,1503,technical_error,hard_deadline,hard_deadline,snapshot,True,True,778
E09-s7-initial-d3741a37-33c6-4315-b958-62057e5c5dc9,E09 r3,quote,quote-28803,measured,291.466,503,1503,technical_error,hard_deadline,hard_deadline,provider,True,True,772
E09-s7-initial-d3741a37-33c6-4315-b958-62057e5c5dc9,E09 r3,quote,quote-28806,measured,291.508,503,1503,technical_error,hard_deadline,hard_deadline,snapshot,True,True,779
E09-s7-initial-d3741a37-33c6-4315-b958-62057e5c5dc9,E09 r3,quote,quote-28813,measured,291.608,503,1503,technical_error,hard_deadline,hard_deadline,consent,True,False,767
E09-s7-initial-d3741a37-33c6-4315-b958-62057e5c5dc9,E09 r3,quote,quote-28816,measured,291.651,503,1503,technical_error,hard_deadline,hard_deadline,snapshot,True,True,775
E09-s7-initial-d3741a37-33c6-4315-b958-62057e5c5dc9,E09 r3,profile,profile-12350,measured,291.66,503,1503,technical_error,hard_deadline,hard_deadline,consent,True,False,771
E09-s7-initial-d3741a37-33c6-4315-b958-62057e5c5dc9,E09 r3,quote,quote-28817,measured,291.665,503,1503,technical_error,hard_deadline,hard_deadline,consent,True,False,768
E09-s7-initial-d3741a37-33c6-4315-b958-62057e5c5dc9,E09 r3,quote,quote-28837,measured,291.951,503,1503,technical_error,hard_deadline,hard_deadline,provider,True,True,775
E09-s7-initial-d3741a37-33c6-4315-b958-62057e5c5dc9,E09 r3,profile,profile-12361,measured,292.027,503,1503,technical_error,hard_deadline,hard_deadline,provider,True,True,771
E09-s7-initial-d3741a37-33c6-4315-b958-62057e5c5dc9,E09 r3,profile,profile-12362,measured,292.061,503,1503,technical_error,hard_deadline,hard_deadline,consent,True,False,766
E09-s7-initial-d3741a37-33c6-4315-b958-62057e5c5dc9,E09 r3,quote,quote-28845,measured,292.065,503,1503,technical_error,hard_deadline,hard_deadline,provider,True,True,776
E09-s7-initial-d3741a37-33c6-4315-b958-62057e5c5dc9,E09 r3,quote,quote-28847,measured,292.094,503,1503,technical_error,hard_deadline,hard_deadline,consent,True,False,765
E09-s7-initial-d3741a37-33c6-4315-b958-62057e5c5dc9,E09 r3,quote,quote-28849,measured,292.123,503,1503,technical_error,hard_deadline,hard_deadline,consent,True,False,764
E09-s7-initial-d3741a37-33c6-4315-b958-62057e5c5dc9,E09 r3,quote,quote-28857,measured,292.236,503,1503,technical_error,hard_deadline,hard_deadline,snapshot,True,True,790
E09-s7-initial-d3741a37-33c6-4315-b958-62057e5c5dc9,E09 r3,quote,quote-28859,measured,292.265,503,1503,technical_error,hard_deadline,hard_deadline,snapshot,True,True,776
E09-s7-initial-d3741a37-33c6-4315-b958-62057e5c5dc9,E09 r3,quote,quote-28862,measured,292.308,503,1503,technical_error,hard_deadline,hard_deadline,snapshot,True,True,786
E09-s7-initial-d3741a37-33c6-4315-b958-62057e5c5dc9,E09 r3,profile,profile-12385,measured,292.827,503,1503,technical_error,hard_deadline,hard_deadline,consent,True,False,767
E09-s7-initial-d3741a37-33c6-4315-b958-62057e5c5dc9,E09 r3,quote,quote-28901,measured,292.865,503,1503,technical_error,hard_deadline,hard_deadline,consent,True,False,765
E09-s7-initial-d3741a37-33c6-4315-b958-62057e5c5dc9,E09 r3,quote,quote-28903,measured,292.894,503,1503,technical_error,hard_deadline,hard_deadline,consent,True,False,763
E09-s7-initial-d3741a37-33c6-4315-b958-62057e5c5dc9,E09 r3,quote,quote-28913,measured,293.037,503,1503,technical_error,hard_deadline,hard_deadline,consent,True,False,761
E09-s7-initial-d3741a37-33c6-4315-b958-62057e5c5dc9,E09 r3,quote,quote-28915,measured,293.065,503,1503,technical_error,hard_deadline,hard_deadline,snapshot,True,True,778
E09-s7-initial-d3741a37-33c6-4315-b958-62057e5c5dc9,E09 r3,profile,profile-12394,measured,293.127,503,1503,technical_error,hard_deadline,hard_deadline,provider,True,True,771
E09-s7-initial-d3741a37-33c6-4315-b958-62057e5c5dc9,E09 r3,quote,quote-28920,measured,293.137,503,1503,technical_error,hard_deadline,hard_deadline,snapshot,True,True,779
E09-s7-initial-d3741a37-33c6-4315-b958-62057e5c5dc9,E09 r3,quote,quote-28922,measured,293.165,503,1503,technical_error,hard_deadline,hard_deadline,consent,True,False,766
E09-s7-initial-d3741a37-33c6-4315-b958-62057e5c5dc9,E09 r3,quote,quote-28934,measured,293.337,503,1503,technical_error,hard_deadline,hard_deadline,consent,True,False,763
E09-s7-initial-d3741a37-33c6-4315-b958-62057e5c5dc9,E09 r3,quote,quote-28937,measured,293.381,503,1503,technical_error,hard_deadline,hard_deadline,consent,True,False,765
E09-s7-initial-d3741a37-33c6-4315-b958-62057e5c5dc9,E09 r3,quote,quote-28939,measured,293.408,503,1503,technical_error,hard_deadline,hard_deadline,consent,True,False,770
E09-s7-initial-d3741a37-33c6-4315-b958-62057e5c5dc9,E09 r3,quote,quote-28942,measured,293.451,503,1503,technical_error,hard_deadline,hard_deadline,consent,True,False,768
E09-s7-initial-d3741a37-33c6-4315-b958-62057e5c5dc9,E09 r3,profile,profile-12404,measured,293.461,503,1503,technical_error,hard_deadline,hard_deadline,consent,True,False,765
E09-s7-initial-d3741a37-33c6-4315-b958-62057e5c5dc9,E09 r3,quote,quote-28945,measured,293.494,503,1503,technical_error,hard_deadline,hard_deadline,consent,True,False,765
E09-s7-initial-d3741a37-33c6-4315-b958-62057e5c5dc9,E09 r3,quote,quote-28947,measured,293.522,503,1503,technical_error,hard_deadline,hard_deadline,consent,True,False,766
E09-s7-initial-d3741a37-33c6-4315-b958-62057e5c5dc9,E09 r3,quote,quote-28950,measured,293.565,503,1503,technical_error,hard_deadline,hard_deadline,snapshot,True,True,775
E09-s7-initial-d3741a37-33c6-4315-b958-62057e5c5dc9,E09 r3,quote,quote-28951,measured,293.579,503,1503,technical_error,hard_deadline,hard_deadline,consent,True,False,770
E09-s7-initial-d3741a37-33c6-4315-b958-62057e5c5dc9,E09 r3,quote,quote-28953,measured,293.608,503,1503,technical_error,hard_deadline,hard_deadline,consent,True,False,767
E09-s7-initial-d3741a37-33c6-4315-b958-62057e5c5dc9,E09 r3,quote,quote-28955,measured,293.637,503,1503,technical_error,hard_deadline,hard_deadline,consent,True,False,760
E09-s7-initial-d3741a37-33c6-4315-b958-62057e5c5dc9,E09 r3,quote,quote-28960,measured,293.708,503,1503,technical_error,hard_deadline,hard_deadline,consent,True,False,766
E09-s7-initial-d3741a37-33c6-4315-b958-62057e5c5dc9,E09 r3,profile,profile-12412,measured,293.727,503,1503,technical_error,hard_deadline,hard_deadline,snapshot,True,True,783
E09-s7-initial-d3741a37-33c6-4315-b958-62057e5c5dc9,E09 r3,quote,quote-28963,measured,293.751,503,1503,technical_error,hard_deadline,hard_deadline,consent,True,False,767
E09-s7-initial-d3741a37-33c6-4315-b958-62057e5c5dc9,E09 r3,quote,quote-28964,measured,293.765,503,1503,technical_error,hard_deadline,hard_deadline,consent,True,False,767
E09-s7-initial-d3741a37-33c6-4315-b958-62057e5c5dc9,E09 r3,profile,profile-12416,measured,293.86,503,1503,technical_error,hard_deadline,hard_deadline,consent,True,False,769
E09-s7-initial-d3741a37-33c6-4315-b958-62057e5c5dc9,E09 r3,quote,quote-28977,measured,293.951,503,1503,technical_error,hard_deadline,hard_deadline,consent,True,False,766
E09-s7-initial-d3741a37-33c6-4315-b958-62057e5c5dc9,E09 r3,quote,quote-28986,measured,294.08,503,1503,technical_error,hard_deadline,hard_deadline,consent,True,False,764
E09-s7-initial-d3741a37-33c6-4315-b958-62057e5c5dc9,E09 r3,quote,quote-28988,measured,294.108,503,1503,technical_error,hard_deadline,hard_deadline,consent,True,False,766
E09-s7-initial-d3741a37-33c6-4315-b958-62057e5c5dc9,E09 r3,quote,quote-28989,measured,294.122,503,1503,technical_error,hard_deadline,hard_deadline,consent,True,False,765
E09-s7-initial-d3741a37-33c6-4315-b958-62057e5c5dc9,E09 r3,quote,quote-28990,measured,294.136,503,1503,technical_error,hard_deadline,hard_deadline,consent,True,False,766
E09-s7-initial-d3741a37-33c6-4315-b958-62057e5c5dc9,E09 r3,profile,profile-12428,measured,294.26,503,1503,technical_error,hard_deadline,hard_deadline,consent,True,False,764
E09-s7-initial-d3741a37-33c6-4315-b958-62057e5c5dc9,E09 r3,quote,quote-28999,measured,294.265,503,1503,technical_error,hard_deadline,hard_deadline,consent,True,False,765
E09-s7-initial-d3741a37-33c6-4315-b958-62057e5c5dc9,E09 r3,profile,profile-12430,measured,294.327,503,1503,technical_error,hard_deadline,hard_deadline,consent,True,False,764
E09-s7-initial-d3741a37-33c6-4315-b958-62057e5c5dc9,E09 r3,quote,quote-29004,measured,294.337,503,1503,technical_error,hard_deadline,hard_deadline,consent,True,False,762
E09-s7-initial-d3741a37-33c6-4315-b958-62057e5c5dc9,E09 r3,quote,quote-29007,measured,294.38,503,1503,technical_error,hard_deadline,hard_deadline,consent,True,False,763
E09-s7-initial-d3741a37-33c6-4315-b958-62057e5c5dc9,E09 r3,profile,profile-12432,measured,294.393,503,1503,technical_error,hard_deadline,hard_deadline,consent,True,False,768
E09-s7-initial-d3741a37-33c6-4315-b958-62057e5c5dc9,E09 r3,profile,profile-12433,measured,294.427,503,1503,technical_error,hard_deadline,hard_deadline,consent,True,False,755
E09-s7-initial-d3741a37-33c6-4315-b958-62057e5c5dc9,E09 r3,quote,quote-29014,measured,294.479,503,1503,technical_error,hard_deadline,hard_deadline,consent,True,False,767
E09-s7-initial-d3741a37-33c6-4315-b958-62057e5c5dc9,E09 r3,profile,profile-12438,measured,294.594,503,1503,technical_error,hard_deadline,hard_deadline,consent,True,False,763
E09-s7-initial-d3741a37-33c6-4315-b958-62057e5c5dc9,E09 r3,quote,quote-29024,measured,294.622,503,1503,technical_error,hard_deadline,hard_deadline,consent,True,False,763
E09-s7-initial-d3741a37-33c6-4315-b958-62057e5c5dc9,E09 r3,quote,quote-29025,measured,294.637,503,1503,technical_error,hard_deadline,hard_deadline,consent,True,False,767
E09-s7-initial-d3741a37-33c6-4315-b958-62057e5c5dc9,E09 r3,quote,quote-29037,measured,294.808,503,1503,technical_error,hard_deadline,hard_deadline,provider,True,True,761
E09-s7-initial-d3741a37-33c6-4315-b958-62057e5c5dc9,E09 r3,profile,profile-12445,measured,294.827,503,1503,technical_error,hard_deadline,hard_deadline,consent,True,False,766
E09-s7-initial-d3741a37-33c6-4315-b958-62057e5c5dc9,E09 r3,quote,quote-29041,measured,294.865,503,1503,technical_error,hard_deadline,hard_deadline,provider,True,True,771
E09-s7-initial-d3741a37-33c6-4315-b958-62057e5c5dc9,E09 r3,profile,profile-12447,measured,294.894,503,1503,technical_error,hard_deadline,hard_deadline,consent,True,False,763
E09-s7-initial-d3741a37-33c6-4315-b958-62057e5c5dc9,E09 r3,quote,quote-29047,measured,294.951,503,1503,technical_error,hard_deadline,hard_deadline,snapshot,True,True,777
E09-s7-initial-d3741a37-33c6-4315-b958-62057e5c5dc9,E09 r3,profile,profile-12450,measured,294.994,503,1503,technical_error,hard_deadline,hard_deadline,snapshot,True,True,793
E09-s7-initial-d3741a37-33c6-4315-b958-62057e5c5dc9,E09 r3,profile,profile-12460,measured,295.327,503,1503,technical_error,hard_deadline,hard_deadline,snapshot,True,True,775
E09-s7-initial-d3741a37-33c6-4315-b958-62057e5c5dc9,E09 r3,quote,quote-29076,measured,295.365,503,1503,technical_error,hard_deadline,hard_deadline,snapshot,True,True,772
E09-s7-initial-d3741a37-33c6-4315-b958-62057e5c5dc9,E09 r3,quote,quote-29083,measured,295.465,503,1503,technical_error,hard_deadline,hard_deadline,snapshot,True,True,776
E09-s7-initial-d3741a37-33c6-4315-b958-62057e5c5dc9,E09 r3,quote,quote-29084,measured,295.479,503,1503,technical_error,hard_deadline,hard_deadline,snapshot,True,True,775
E09-s7-initial-d3741a37-33c6-4315-b958-62057e5c5dc9,E09 r3,quote,quote-29085,measured,295.494,503,1503,technical_error,hard_deadline,hard_deadline,snapshot,True,True,778
E09-s7-initial-d3741a37-33c6-4315-b958-62057e5c5dc9,E09 r3,quote,quote-29088,measured,295.537,503,1503,technical_error,hard_deadline,hard_deadline,snapshot,True,True,776
E09-s7-initial-d3741a37-33c6-4315-b958-62057e5c5dc9,E09 r3,profile,profile-12467,measured,295.56,503,1503,technical_error,hard_deadline,hard_deadline,provider,True,True,771
E09-s7-initial-d3741a37-33c6-4315-b958-62057e5c5dc9,E09 r3,quote,quote-29090,measured,295.565,503,1503,technical_error,hard_deadline,hard_deadline,snapshot,True,True,782
E09-s7-initial-d3741a37-33c6-4315-b958-62057e5c5dc9,E09 r3,quote,quote-29092,measured,295.594,503,1503,technical_error,hard_deadline,hard_deadline,provider,True,True,772
E09-s7-initial-d3741a37-33c6-4315-b958-62057e5c5dc9,E09 r3,quote,quote-29095,measured,295.636,503,1503,technical_error,hard_deadline,hard_deadline,provider,True,True,771
E09-s7-initial-d3741a37-33c6-4315-b958-62057e5c5dc9,E09 r3,quote,quote-29098,measured,295.68,503,1503,technical_error,hard_deadline,hard_deadline,provider,True,True,765
E09-s7-initial-d3741a37-33c6-4315-b958-62057e5c5dc9,E09 r3,quote,quote-29102,measured,295.736,503,1503,technical_error,hard_deadline,hard_deadline,provider,True,True,774
E09-s7-initial-d3741a37-33c6-4315-b958-62057e5c5dc9,E09 r3,quote,quote-29107,measured,295.808,503,1503,technical_error,hard_deadline,hard_deadline,snapshot,True,True,777
E09-s7-initial-d3741a37-33c6-4315-b958-62057e5c5dc9,E09 r3,quote,quote-29109,measured,295.837,503,1503,technical_error,hard_deadline,hard_deadline,consent,True,False,765
E09-s7-initial-d3741a37-33c6-4315-b958-62057e5c5dc9,E09 r3,quote,quote-29113,measured,295.894,503,1503,technical_error,hard_deadline,hard_deadline,provider,True,True,771
E09-s7-initial-d3741a37-33c6-4315-b958-62057e5c5dc9,E09 r3,profile,profile-12482,measured,296.06,503,1503,technical_error,hard_deadline,hard_deadline,provider,True,True,776
E09-s7-initial-d3741a37-33c6-4315-b958-62057e5c5dc9,E09 r3,profile,profile-12483,measured,296.094,503,1503,technical_error,hard_deadline,hard_deadline,provider,True,True,772
E09-s7-initial-d3741a37-33c6-4315-b958-62057e5c5dc9,E09 r3,quote,quote-29133,measured,296.18,503,1503,technical_error,hard_deadline,hard_deadline,consent,True,False,764
E09-s7-initial-d3741a37-33c6-4315-b958-62057e5c5dc9,E09 r3,profile,profile-12490,measured,296.327,503,1503,technical_error,hard_deadline,hard_deadline,snapshot,True,True,780
E09-s7-initial-d3741a37-33c6-4315-b958-62057e5c5dc9,E09 r3,quote,quote-29147,measured,296.379,503,1503,technical_error,hard_deadline,hard_deadline,provider,True,True,773
E09-s7-initial-d3741a37-33c6-4315-b958-62057e5c5dc9,E09 r3,profile,profile-12495,measured,296.494,503,1503,technical_error,hard_deadline,hard_deadline,provider,True,True,772
E09-s7-initial-d3741a37-33c6-4315-b958-62057e5c5dc9,E09 r3,quote,quote-29164,measured,296.623,503,1503,technical_error,hard_deadline,hard_deadline,snapshot,True,True,785
E09-s7-initial-d3741a37-33c6-4315-b958-62057e5c5dc9,E09 r3,quote,quote-29169,measured,296.694,503,1503,technical_error,hard_deadline,hard_deadline,snapshot,True,True,776
E09-s7-initial-d3741a37-33c6-4315-b958-62057e5c5dc9,E09 r3,quote,quote-29171,measured,296.722,503,1503,technical_error,hard_deadline,hard_deadline,provider,True,True,769
E09-s7-initial-d3741a37-33c6-4315-b958-62057e5c5dc9,E09 r3,quote,quote-29177,measured,296.808,503,1503,technical_error,hard_deadline,hard_deadline,snapshot,True,True,776
E09-s7-initial-d3741a37-33c6-4315-b958-62057e5c5dc9,E09 r3,profile,profile-12508,measured,296.927,503,1503,technical_error,hard_deadline,hard_deadline,consent,True,False,765
E09-s7-initial-d3741a37-33c6-4315-b958-62057e5c5dc9,E09 r3,profile,profile-12514,measured,297.127,503,1503,technical_error,hard_deadline,hard_deadline,snapshot,True,True,764
E09-s7-initial-d3741a37-33c6-4315-b958-62057e5c5dc9,E09 r3,quote,quote-29199,measured,297.123,503,1503,technical_error,hard_deadline,hard_deadline,snapshot,True,True,778
E09-s7-initial-d3741a37-33c6-4315-b958-62057e5c5dc9,E09 r3,profile,profile-12516,measured,297.193,503,1503,technical_error,hard_deadline,hard_deadline,snapshot,True,True,779
E09-s7-initial-d3741a37-33c6-4315-b958-62057e5c5dc9,E09 r3,quote,quote-29209,measured,297.266,503,1503,technical_error,hard_deadline,hard_deadline,provider,True,True,760
E09-s7-initial-d3741a37-33c6-4315-b958-62057e5c5dc9,E09 r3,quote,quote-29208,measured,297.254,503,1503,technical_error,hard_deadline,hard_deadline,snapshot,True,True,776
E09-s7-initial-d3741a37-33c6-4315-b958-62057e5c5dc9,E09 r3,quote,quote-29223,measured,297.465,503,1503,technical_error,hard_deadline,hard_deadline,consent,True,False,756
E09-s7-initial-d3741a37-33c6-4315-b958-62057e5c5dc9,E09 r3,quote,quote-29224,measured,297.48,503,1503,technical_error,hard_deadline,hard_deadline,provider,True,True,767
E09-s7-initial-d3741a37-33c6-4315-b958-62057e5c5dc9,E09 r3,quote,quote-29225,measured,297.494,503,1503,technical_error,hard_deadline,hard_deadline,consent,True,False,767
E09-s7-initial-d3741a37-33c6-4315-b958-62057e5c5dc9,E09 r3,quote,quote-29227,measured,297.522,503,1503,technical_error,hard_deadline,hard_deadline,consent,True,False,763
E09-s7-initial-d3741a37-33c6-4315-b958-62057e5c5dc9,E09 r3,quote,quote-29229,measured,297.551,503,1503,technical_error,hard_deadline,hard_deadline,consent,True,False,762
E09-s7-initial-d3741a37-33c6-4315-b958-62057e5c5dc9,E09 r3,quote,quote-29232,measured,297.594,503,1503,technical_error,hard_deadline,hard_deadline,consent,True,False,768
E09-s7-initial-d3741a37-33c6-4315-b958-62057e5c5dc9,E09 r3,quote,quote-29234,measured,297.622,503,1503,technical_error,hard_deadline,hard_deadline,consent,True,False,768
E09-s7-initial-d3741a37-33c6-4315-b958-62057e5c5dc9,E09 r3,profile,profile-12530,measured,297.661,503,1503,technical_error,hard_deadline,hard_deadline,provider,True,True,774
E09-s7-initial-d3741a37-33c6-4315-b958-62057e5c5dc9,E09 r3,profile,profile-12531,measured,297.694,503,1503,technical_error,hard_deadline,hard_deadline,consent,True,False,768
E09-s7-initial-d3741a37-33c6-4315-b958-62057e5c5dc9,E09 r3,quote,quote-29240,measured,297.708,503,1503,technical_error,hard_deadline,hard_deadline,consent,True,False,766
E09-s7-initial-d3741a37-33c6-4315-b958-62057e5c5dc9,E09 r3,quote,quote-29242,measured,297.739,503,1503,technical_error,hard_deadline,hard_deadline,consent,True,False,765
E09-s7-initial-d3741a37-33c6-4315-b958-62057e5c5dc9,E09 r3,quote,quote-29244,measured,297.765,503,1503,technical_error,hard_deadline,hard_deadline,consent,True,False,764
E09-s7-initial-d3741a37-33c6-4315-b958-62057e5c5dc9,E09 r3,quote,quote-29250,measured,297.851,503,1503,technical_error,hard_deadline,hard_deadline,consent,True,False,764
E09-s7-initial-d3741a37-33c6-4315-b958-62057e5c5dc9,E09 r3,quote,quote-29253,measured,297.894,503,1503,technical_error,hard_deadline,hard_deadline,consent,True,False,763
E09-s7-initial-d3741a37-33c6-4315-b958-62057e5c5dc9,E09 r3,quote,quote-29256,measured,297.937,503,1503,technical_error,hard_deadline,hard_deadline,consent,True,False,769
E09-s7-initial-d3741a37-33c6-4315-b958-62057e5c5dc9,E09 r3,quote,quote-29260,measured,297.995,503,1503,technical_error,hard_deadline,hard_deadline,consent,True,False,761
E09-s7-initial-d3741a37-33c6-4315-b958-62057e5c5dc9,E09 r3,quote,quote-29262,measured,298.022,503,1503,technical_error,hard_deadline,hard_deadline,snapshot,True,True,780
E09-s7-initial-d3741a37-33c6-4315-b958-62057e5c5dc9,E09 r3,profile,profile-12541,measured,298.027,503,1503,technical_error,hard_deadline,hard_deadline,snapshot,True,True,775
E09-s7-initial-d3741a37-33c6-4315-b958-62057e5c5dc9,E09 r3,quote,quote-29263,measured,298.036,503,1503,technical_error,hard_deadline,hard_deadline,snapshot,True,True,778
E09-s7-initial-d3741a37-33c6-4315-b958-62057e5c5dc9,E09 r3,quote,quote-29264,measured,298.051,503,1503,technical_error,hard_deadline,hard_deadline,consent,True,False,767
E09-s7-initial-d3741a37-33c6-4315-b958-62057e5c5dc9,E09 r3,quote,quote-29265,measured,298.065,503,1503,technical_error,hard_deadline,hard_deadline,consent,True,False,765
E09-s7-initial-d3741a37-33c6-4315-b958-62057e5c5dc9,E09 r3,quote,quote-29266,measured,298.08,503,1503,technical_error,hard_deadline,hard_deadline,snapshot,True,True,775
E09-s7-initial-d3741a37-33c6-4315-b958-62057e5c5dc9,E09 r3,profile,profile-12543,measured,298.094,503,1503,technical_error,hard_deadline,hard_deadline,consent,True,False,766
E09-s7-initial-d3741a37-33c6-4315-b958-62057e5c5dc9,E09 r3,quote,quote-29267,measured,298.094,503,1503,technical_error,hard_deadline,hard_deadline,consent,True,False,769
E09-s7-initial-d3741a37-33c6-4315-b958-62057e5c5dc9,E09 r3,quote,quote-29268,measured,298.108,503,1503,technical_error,hard_deadline,hard_deadline,consent,True,False,767
E09-s7-initial-d3741a37-33c6-4315-b958-62057e5c5dc9,E09 r3,quote,quote-29269,measured,298.122,503,1503,technical_error,hard_deadline,hard_deadline,consent,True,False,767
E09-s7-initial-d3741a37-33c6-4315-b958-62057e5c5dc9,E09 r3,profile,profile-12544,measured,298.127,503,1503,technical_error,hard_deadline,hard_deadline,consent,True,False,767
E09-s7-initial-d3741a37-33c6-4315-b958-62057e5c5dc9,E09 r3,quote,quote-29274,measured,298.194,503,1503,technical_error,hard_deadline,hard_deadline,consent,True,False,765
E09-s7-initial-d3741a37-33c6-4315-b958-62057e5c5dc9,E09 r3,quote,quote-29276,measured,298.222,503,1503,technical_error,hard_deadline,hard_deadline,consent,True,False,766
E09-s7-initial-d3741a37-33c6-4315-b958-62057e5c5dc9,E09 r3,quote,quote-29277,measured,298.236,503,1503,technical_error,hard_deadline,hard_deadline,consent,True,False,766
E09-s7-initial-d3741a37-33c6-4315-b958-62057e5c5dc9,E09 r3,quote,quote-29278,measured,298.251,503,1503,technical_error,hard_deadline,hard_deadline,consent,True,False,752
E09-s7-initial-d3741a37-33c6-4315-b958-62057e5c5dc9,E09 r3,profile,profile-12548,measured,298.26,503,1503,technical_error,hard_deadline,hard_deadline,consent,True,False,765
E09-s7-initial-d3741a37-33c6-4315-b958-62057e5c5dc9,E09 r3,quote,quote-29279,measured,298.265,503,1503,technical_error,hard_deadline,hard_deadline,consent,True,False,768
E09-s7-initial-d3741a37-33c6-4315-b958-62057e5c5dc9,E09 r3,profile,profile-12549,measured,298.294,503,1503,technical_error,hard_deadline,hard_deadline,consent,True,False,763
E09-s7-initial-d3741a37-33c6-4315-b958-62057e5c5dc9,E09 r3,quote,quote-29283,measured,298.322,503,1503,technical_error,hard_deadline,hard_deadline,provider,True,True,771
E09-s7-initial-d3741a37-33c6-4315-b958-62057e5c5dc9,E09 r3,quote,quote-29285,measured,298.351,503,1503,technical_error,hard_deadline,hard_deadline,consent,True,False,757
E09-s7-initial-d3741a37-33c6-4315-b958-62057e5c5dc9,E09 r3,quote,quote-29287,measured,298.38,503,1503,technical_error,hard_deadline,hard_deadline,consent,True,False,761
E09-s7-initial-d3741a37-33c6-4315-b958-62057e5c5dc9,E09 r3,quote,quote-29288,measured,298.393,503,1503,technical_error,hard_deadline,hard_deadline,provider,True,True,765
E09-s7-initial-d3741a37-33c6-4315-b958-62057e5c5dc9,E09 r3,profile,profile-12552,measured,298.393,503,1503,technical_error,hard_deadline,hard_deadline,consent,True,False,770
E09-s7-initial-d3741a37-33c6-4315-b958-62057e5c5dc9,E09 r3,quote,quote-29289,measured,298.408,503,1503,technical_error,hard_deadline,hard_deadline,consent,True,False,765
E09-s7-initial-d3741a37-33c6-4315-b958-62057e5c5dc9,E09 r3,quote,quote-29290,measured,298.422,503,1503,technical_error,hard_deadline,hard_deadline,consent,True,False,764
E09-s7-initial-d3741a37-33c6-4315-b958-62057e5c5dc9,E09 r3,quote,quote-29291,measured,298.437,503,1503,technical_error,hard_deadline,hard_deadline,consent,True,False,762
E09-s7-initial-d3741a37-33c6-4315-b958-62057e5c5dc9,E09 r3,quote,quote-29295,measured,298.494,503,1503,technical_error,hard_deadline,hard_deadline,provider,True,True,773
E09-s7-initial-d3741a37-33c6-4315-b958-62057e5c5dc9,E09 r3,quote,quote-29296,measured,298.508,503,1503,technical_error,hard_deadline,hard_deadline,consent,True,False,764
E09-s7-initial-d3741a37-33c6-4315-b958-62057e5c5dc9,E09 r3,quote,quote-29297,measured,298.522,503,1503,technical_error,hard_deadline,hard_deadline,consent,True,False,765
E09-s7-initial-d3741a37-33c6-4315-b958-62057e5c5dc9,E09 r3,profile,profile-12556,measured,298.527,503,1503,technical_error,hard_deadline,hard_deadline,consent,True,False,773
E09-s7-initial-d3741a37-33c6-4315-b958-62057e5c5dc9,E09 r3,quote,quote-29299,measured,298.551,503,1503,technical_error,hard_deadline,hard_deadline,consent,True,False,767
E09-s7-initial-d3741a37-33c6-4315-b958-62057e5c5dc9,E09 r3,profile,profile-12557,measured,298.56,503,1503,technical_error,hard_deadline,hard_deadline,consent,True,False,763
E09-s7-initial-d3741a37-33c6-4315-b958-62057e5c5dc9,E09 r3,quote,quote-29302,measured,298.594,503,1503,technical_error,hard_deadline,hard_deadline,consent,True,False,764
E09-s7-initial-d3741a37-33c6-4315-b958-62057e5c5dc9,E09 r3,quote,quote-29304,measured,298.622,503,1503,technical_error,hard_deadline,hard_deadline,consent,True,False,764
E09-s7-initial-d3741a37-33c6-4315-b958-62057e5c5dc9,E09 r3,profile,profile-12559,measured,298.627,503,1503,technical_error,hard_deadline,hard_deadline,consent,True,False,765
E09-s7-initial-d3741a37-33c6-4315-b958-62057e5c5dc9,E09 r3,profile,profile-12560,measured,298.66,503,1503,technical_error,hard_deadline,hard_deadline,consent,True,False,766
E09-s7-initial-d3741a37-33c6-4315-b958-62057e5c5dc9,E09 r3,quote,quote-29306,measured,298.651,503,1503,technical_error,hard_deadline,hard_deadline,snapshot,True,True,781
E09-s7-initial-d3741a37-33c6-4315-b958-62057e5c5dc9,E09 r3,quote,quote-29307,measured,298.665,503,1503,technical_error,hard_deadline,hard_deadline,snapshot,True,True,774
E09-s7-initial-d3741a37-33c6-4315-b958-62057e5c5dc9,E09 r3,quote,quote-29309,measured,298.694,503,1503,technical_error,hard_deadline,hard_deadline,consent,True,False,763
E09-s7-initial-d3741a37-33c6-4315-b958-62057e5c5dc9,E09 r3,profile,profile-12561,measured,298.694,503,1503,technical_error,hard_deadline,hard_deadline,snapshot,True,True,782
E09-s7-initial-d3741a37-33c6-4315-b958-62057e5c5dc9,E09 r3,quote,quote-29311,measured,298.722,503,1503,technical_error,hard_deadline,hard_deadline,consent,True,False,763
E09-s7-initial-d3741a37-33c6-4315-b958-62057e5c5dc9,E09 r3,profile,profile-12562,measured,298.727,503,1503,technical_error,hard_deadline,hard_deadline,consent,True,False,769
E09-s7-initial-d3741a37-33c6-4315-b958-62057e5c5dc9,E09 r3,quote,quote-29312,measured,298.737,503,1503,technical_error,hard_deadline,hard_deadline,consent,True,False,763
E09-s7-initial-d3741a37-33c6-4315-b958-62057e5c5dc9,E09 r3,quote,quote-29313,measured,298.751,503,1503,technical_error,hard_deadline,hard_deadline,consent,True,False,764
E09-s7-initial-d3741a37-33c6-4315-b958-62057e5c5dc9,E09 r3,quote,quote-29317,measured,298.808,503,1503,technical_error,hard_deadline,hard_deadline,consent,True,False,767
E09-s7-initial-d3741a37-33c6-4315-b958-62057e5c5dc9,E09 r3,quote,quote-29318,measured,298.822,503,1503,technical_error,hard_deadline,hard_deadline,consent,True,False,763
E09-s7-initial-d3741a37-33c6-4315-b958-62057e5c5dc9,E09 r3,profile,profile-12565,measured,298.827,503,1503,technical_error,hard_deadline,hard_deadline,consent,True,False,765
E09-s7-initial-d3741a37-33c6-4315-b958-62057e5c5dc9,E09 r3,quote,quote-29320,measured,298.851,503,1503,technical_error,hard_deadline,hard_deadline,consent,True,False,762
E09-s7-initial-d3741a37-33c6-4315-b958-62057e5c5dc9,E09 r3,profile,profile-12566,measured,298.86,503,1503,technical_error,hard_deadline,hard_deadline,consent,True,False,763
E09-s7-initial-d3741a37-33c6-4315-b958-62057e5c5dc9,E09 r3,quote,quote-29321,measured,298.865,503,1503,technical_error,hard_deadline,hard_deadline,consent,True,False,765
E09-s7-initial-d3741a37-33c6-4315-b958-62057e5c5dc9,E09 r3,quote,quote-29323,measured,298.894,503,1503,technical_error,hard_deadline,hard_deadline,consent,True,False,765
E09-s7-initial-d3741a37-33c6-4315-b958-62057e5c5dc9,E09 r3,quote,quote-29324,measured,298.908,503,1503,technical_error,hard_deadline,hard_deadline,consent,True,False,765
E09-s7-initial-d3741a37-33c6-4315-b958-62057e5c5dc9,E09 r3,quote,quote-29325,measured,298.922,503,1503,technical_error,hard_deadline,hard_deadline,consent,True,False,761
E09-s7-initial-d3741a37-33c6-4315-b958-62057e5c5dc9,E09 r3,quote,quote-29326,measured,298.937,503,1503,technical_error,hard_deadline,hard_deadline,provider,True,True,776
E09-s7-initial-d3741a37-33c6-4315-b958-62057e5c5dc9,E09 r3,profile,profile-12569,measured,298.96,503,1503,technical_error,hard_deadline,hard_deadline,consent,True,False,765
E09-s7-initial-d3741a37-33c6-4315-b958-62057e5c5dc9,E09 r3,quote,quote-29328,measured,298.965,503,1503,technical_error,hard_deadline,hard_deadline,consent,True,False,762
E09-s7-initial-d3741a37-33c6-4315-b958-62057e5c5dc9,E09 r3,quote,quote-29329,measured,298.979,503,1503,technical_error,hard_deadline,hard_deadline,consent,True,False,770
E09-s7-initial-d3741a37-33c6-4315-b958-62057e5c5dc9,E09 r3,profile,profile-12570,measured,298.994,503,1503,technical_error,hard_deadline,hard_deadline,consent,True,False,764
E09-s7-initial-d3741a37-33c6-4315-b958-62057e5c5dc9,E09 r3,quote,quote-29331,measured,299.008,503,1503,technical_error,hard_deadline,hard_deadline,provider,True,True,776
E09-s7-initial-d3741a37-33c6-4315-b958-62057e5c5dc9,E09 r3,quote,quote-29332,measured,299.022,503,1503,technical_error,hard_deadline,hard_deadline,consent,True,False,765
E09-s7-initial-d3741a37-33c6-4315-b958-62057e5c5dc9,E09 r3,profile,profile-12571,measured,299.027,503,1503,technical_error,hard_deadline,hard_deadline,consent,True,False,765
E09-s7-initial-d3741a37-33c6-4315-b958-62057e5c5dc9,E09 r3,quote,quote-29333,measured,299.037,503,1503,technical_error,hard_deadline,hard_deadline,consent,True,False,765
E09-s7-initial-d3741a37-33c6-4315-b958-62057e5c5dc9,E09 r3,quote,quote-29334,measured,299.051,503,1503,technical_error,hard_deadline,hard_deadline,consent,True,False,764
E09-s7-initial-d3741a37-33c6-4315-b958-62057e5c5dc9,E09 r3,profile,profile-12572,measured,299.06,503,1503,technical_error,hard_deadline,hard_deadline,consent,True,False,769
E09-s7-initial-d3741a37-33c6-4315-b958-62057e5c5dc9,E09 r3,quote,quote-29335,measured,299.065,503,1503,technical_error,hard_deadline,hard_deadline,consent,True,False,764
E09-s7-initial-d3741a37-33c6-4315-b958-62057e5c5dc9,E09 r3,quote,quote-29336,measured,299.08,503,1503,technical_error,hard_deadline,hard_deadline,consent,True,False,762
E09-s7-initial-d3741a37-33c6-4315-b958-62057e5c5dc9,E09 r3,profile,profile-12573,measured,299.094,503,1503,technical_error,hard_deadline,hard_deadline,consent,True,False,762
E09-s7-initial-d3741a37-33c6-4315-b958-62057e5c5dc9,E09 r3,quote,quote-29339,measured,299.122,503,1503,technical_error,hard_deadline,hard_deadline,consent,True,False,757
E09-s7-initial-d3741a37-33c6-4315-b958-62057e5c5dc9,E09 r3,quote,quote-29338,measured,299.108,503,1503,technical_error,hard_deadline,hard_deadline,provider,True,True,771
E09-s7-initial-d3741a37-33c6-4315-b958-62057e5c5dc9,E09 r3,profile,profile-12574,measured,299.127,503,1503,technical_error,hard_deadline,hard_deadline,consent,True,False,766
E09-s7-initial-d3741a37-33c6-4315-b958-62057e5c5dc9,E09 r3,quote,quote-29340,measured,299.136,503,1503,technical_error,hard_deadline,hard_deadline,consent,True,False,768
E09-s7-initial-d3741a37-33c6-4315-b958-62057e5c5dc9,E09 r3,quote,quote-29341,measured,299.151,503,1503,technical_error,hard_deadline,hard_deadline,consent,True,False,766
E09-s7-initial-d3741a37-33c6-4315-b958-62057e5c5dc9,E09 r3,profile,profile-12575,measured,299.161,503,1503,technical_error,hard_deadline,hard_deadline,consent,True,False,763
E09-s7-initial-d3741a37-33c6-4315-b958-62057e5c5dc9,E09 r3,quote,quote-29342,measured,299.165,503,1503,technical_error,hard_deadline,hard_deadline,consent,True,False,766
E09-s7-initial-d3741a37-33c6-4315-b958-62057e5c5dc9,E09 r3,quote,quote-29343,measured,299.18,503,1503,technical_error,hard_deadline,hard_deadline,consent,True,False,765
E09-s7-initial-d3741a37-33c6-4315-b958-62057e5c5dc9,E09 r3,quote,quote-29344,measured,299.194,503,1503,technical_error,hard_deadline,hard_deadline,consent,True,False,757
E09-s7-initial-d3741a37-33c6-4315-b958-62057e5c5dc9,E09 r3,profile,profile-12576,measured,299.194,503,1503,technical_error,hard_deadline,hard_deadline,consent,True,False,764
E09-s7-initial-d3741a37-33c6-4315-b958-62057e5c5dc9,E09 r3,quote,quote-29345,measured,299.208,503,1503,technical_error,hard_deadline,hard_deadline,consent,True,False,752
E09-s7-initial-d3741a37-33c6-4315-b958-62057e5c5dc9,E09 r3,profile,profile-12577,measured,299.227,503,1503,technical_error,hard_deadline,hard_deadline,consent,True,False,765
E09-s7-initial-d3741a37-33c6-4315-b958-62057e5c5dc9,E09 r3,quote,quote-29347,measured,299.236,503,1503,technical_error,hard_deadline,hard_deadline,consent,True,False,762
E09-s7-initial-d3741a37-33c6-4315-b958-62057e5c5dc9,E09 r3,profile,profile-12578,measured,299.26,503,1503,technical_error,hard_deadline,hard_deadline,consent,True,False,765
E09-s7-initial-d3741a37-33c6-4315-b958-62057e5c5dc9,E09 r3,quote,quote-29349,measured,299.265,503,1503,technical_error,hard_deadline,hard_deadline,consent,True,False,769
E09-s7-initial-d3741a37-33c6-4315-b958-62057e5c5dc9,E09 r3,quote,quote-29350,measured,299.279,503,1503,technical_error,hard_deadline,hard_deadline,consent,True,False,766
E09-s7-initial-d3741a37-33c6-4315-b958-62057e5c5dc9,E09 r3,quote,quote-29351,measured,299.294,503,1503,technical_error,hard_deadline,hard_deadline,consent,True,False,763
E09-s7-initial-d3741a37-33c6-4315-b958-62057e5c5dc9,E09 r3,quote,quote-29352,measured,299.308,503,1503,technical_error,hard_deadline,hard_deadline,provider,True,True,769
E09-s7-initial-d3741a37-33c6-4315-b958-62057e5c5dc9,E09 r3,quote,quote-29353,measured,299.322,503,1503,technical_error,hard_deadline,hard_deadline,consent,True,False,765
E09-s7-initial-d3741a37-33c6-4315-b958-62057e5c5dc9,E09 r3,quote,quote-29354,measured,299.336,503,1503,technical_error,hard_deadline,hard_deadline,consent,True,False,767
E09-s7-initial-d3741a37-33c6-4315-b958-62057e5c5dc9,E09 r3,quote,quote-29355,measured,299.351,503,1503,technical_error,hard_deadline,hard_deadline,consent,True,False,765
E09-s7-initial-d3741a37-33c6-4315-b958-62057e5c5dc9,E09 r3,profile,profile-12581,measured,299.36,503,1503,technical_error,hard_deadline,hard_deadline,consent,True,False,767
E09-s7-initial-d3741a37-33c6-4315-b958-62057e5c5dc9,E09 r3,quote,quote-29357,measured,299.379,503,1503,technical_error,hard_deadline,hard_deadline,consent,True,False,765
E09-s7-initial-d3741a37-33c6-4315-b958-62057e5c5dc9,E09 r3,quote,quote-29358,measured,299.394,503,1503,technical_error,hard_deadline,hard_deadline,consent,True,False,765
E09-s7-initial-d3741a37-33c6-4315-b958-62057e5c5dc9,E09 r3,quote,quote-29359,measured,299.408,503,1503,technical_error,hard_deadline,hard_deadline,consent,True,False,769
E09-s7-initial-d3741a37-33c6-4315-b958-62057e5c5dc9,E09 r3,profile,profile-12583,measured,299.427,503,1503,technical_error,hard_deadline,hard_deadline,consent,True,False,756
E09-s7-initial-d3741a37-33c6-4315-b958-62057e5c5dc9,E09 r3,quote,quote-29360,measured,299.422,503,1503,technical_error,hard_deadline,hard_deadline,consent,True,False,767
E09-s7-initial-d3741a37-33c6-4315-b958-62057e5c5dc9,E09 r3,quote,quote-29361,measured,299.436,503,1503,technical_error,hard_deadline,hard_deadline,consent,True,False,767
E09-s7-initial-d3741a37-33c6-4315-b958-62057e5c5dc9,E09 r3,profile,profile-12584,measured,299.461,503,1503,technical_error,hard_deadline,hard_deadline,consent,True,False,764
E09-s7-initial-d3741a37-33c6-4315-b958-62057e5c5dc9,E09 r3,quote,quote-29363,measured,299.465,503,1503,technical_error,hard_deadline,hard_deadline,consent,True,False,767
E09-s7-initial-d3741a37-33c6-4315-b958-62057e5c5dc9,E09 r3,quote,quote-29364,measured,299.479,503,1503,technical_error,hard_deadline,hard_deadline,provider,True,True,771
E09-s7-initial-d3741a37-33c6-4315-b958-62057e5c5dc9,E09 r3,quote,quote-29365,measured,299.494,503,1503,technical_error,hard_deadline,hard_deadline,consent,True,False,762
E09-s7-initial-d3741a37-33c6-4315-b958-62057e5c5dc9,E09 r3,profile,profile-12585,measured,299.494,503,1503,technical_error,hard_deadline,hard_deadline,consent,True,False,764
E09-s7-initial-d3741a37-33c6-4315-b958-62057e5c5dc9,E09 r3,quote,quote-29366,measured,299.508,503,1503,technical_error,hard_deadline,hard_deadline,consent,True,False,762
E09-s7-initial-d3741a37-33c6-4315-b958-62057e5c5dc9,E09 r3,quote,quote-29367,measured,299.523,503,1503,technical_error,hard_deadline,hard_deadline,consent,True,False,764
E09-s7-initial-d3741a37-33c6-4315-b958-62057e5c5dc9,E09 r3,profile,profile-12586,measured,299.527,503,1503,technical_error,hard_deadline,hard_deadline,consent,True,False,767
E09-s7-initial-d3741a37-33c6-4315-b958-62057e5c5dc9,E09 r3,quote,quote-29368,measured,299.537,503,1503,technical_error,hard_deadline,hard_deadline,consent,True,False,763
E09-s7-initial-d3741a37-33c6-4315-b958-62057e5c5dc9,E09 r3,quote,quote-29369,measured,299.551,503,1503,technical_error,hard_deadline,hard_deadline,consent,True,False,763
E09-s7-initial-d3741a37-33c6-4315-b958-62057e5c5dc9,E09 r3,quote,quote-29370,measured,299.565,503,1503,technical_error,hard_deadline,hard_deadline,consent,True,False,757
E09-s7-initial-d3741a37-33c6-4315-b958-62057e5c5dc9,E09 r3,profile,profile-12587,measured,299.56,503,1503,technical_error,hard_deadline,hard_deadline,consent,True,False,766
E09-s7-initial-d3741a37-33c6-4315-b958-62057e5c5dc9,E09 r3,quote,quote-29371,measured,299.579,503,1503,technical_error,hard_deadline,hard_deadline,consent,True,False,765
E09-s7-initial-d3741a37-33c6-4315-b958-62057e5c5dc9,E09 r3,profile,profile-12588,measured,299.593,503,1503,technical_error,hard_deadline,hard_deadline,consent,True,False,762
E09-s7-initial-d3741a37-33c6-4315-b958-62057e5c5dc9,E09 r3,quote,quote-29372,measured,299.593,503,1503,technical_error,hard_deadline,hard_deadline,provider,True,True,774
E09-s7-initial-d3741a37-33c6-4315-b958-62057e5c5dc9,E09 r3,quote,quote-29373,measured,299.608,503,1503,technical_error,hard_deadline,hard_deadline,consent,True,False,766
E09-s7-initial-d3741a37-33c6-4315-b958-62057e5c5dc9,E09 r3,quote,quote-29374,measured,299.622,503,1503,technical_error,hard_deadline,hard_deadline,consent,True,False,763
E09-s7-initial-d3741a37-33c6-4315-b958-62057e5c5dc9,E09 r3,profile,profile-12589,measured,299.627,503,1503,technical_error,hard_deadline,hard_deadline,consent,True,False,763
E09-s7-initial-d3741a37-33c6-4315-b958-62057e5c5dc9,E09 r3,quote,quote-29375,measured,299.637,503,1503,technical_error,hard_deadline,hard_deadline,consent,True,False,762
E09-s7-initial-d3741a37-33c6-4315-b958-62057e5c5dc9,E09 r3,profile,profile-12590,measured,299.66,503,1503,technical_error,hard_deadline,hard_deadline,consent,True,False,768
E09-s7-initial-d3741a37-33c6-4315-b958-62057e5c5dc9,E09 r3,quote,quote-29378,measured,299.679,503,1503,technical_error,hard_deadline,hard_deadline,consent,True,False,766
E09-s7-initial-d3741a37-33c6-4315-b958-62057e5c5dc9,E09 r3,quote,quote-29379,measured,299.694,503,1503,technical_error,hard_deadline,hard_deadline,consent,True,False,765
E09-s7-initial-d3741a37-33c6-4315-b958-62057e5c5dc9,E09 r3,profile,profile-12591,measured,299.694,503,1503,technical_error,hard_deadline,hard_deadline,consent,True,False,765
E09-s7-initial-d3741a37-33c6-4315-b958-62057e5c5dc9,E09 r3,quote,quote-29381,measured,299.722,503,1503,technical_error,hard_deadline,hard_deadline,consent,True,False,767
E09-s7-initial-d3741a37-33c6-4315-b958-62057e5c5dc9,E09 r3,profile,profile-12592,measured,299.727,503,1503,technical_error,hard_deadline,hard_deadline,consent,True,False,765
E09-s7-initial-d3741a37-33c6-4315-b958-62057e5c5dc9,E09 r3,quote,quote-29382,measured,299.736,503,1503,technical_error,hard_deadline,hard_deadline,consent,True,False,769
E09-s7-initial-d3741a37-33c6-4315-b958-62057e5c5dc9,E09 r3,quote,quote-29383,measured,299.751,503,1503,technical_error,hard_deadline,hard_deadline,consent,True,False,767
E09-s7-initial-d3741a37-33c6-4315-b958-62057e5c5dc9,E09 r3,profile,profile-12593,measured,299.76,503,1503,technical_error,hard_deadline,hard_deadline,consent,True,False,763
E09-s7-initial-d3741a37-33c6-4315-b958-62057e5c5dc9,E09 r3,quote,quote-29385,measured,299.779,503,1503,technical_error,hard_deadline,hard_deadline,consent,True,False,768
E09-s7-initial-d3741a37-33c6-4315-b958-62057e5c5dc9,E09 r3,quote,quote-29386,measured,299.795,503,1503,technical_error,hard_deadline,hard_deadline,consent,True,False,766
E09-s7-initial-d3741a37-33c6-4315-b958-62057e5c5dc9,E09 r3,profile,profile-12594,measured,299.795,503,1503,technical_error,hard_deadline,hard_deadline,consent,True,False,768
E09-s7-initial-d3741a37-33c6-4315-b958-62057e5c5dc9,E09 r3,quote,quote-29387,measured,299.808,503,1503,technical_error,hard_deadline,hard_deadline,consent,True,False,763
E09-s7-initial-d3741a37-33c6-4315-b958-62057e5c5dc9,E09 r3,quote,quote-29388,measured,299.822,503,1503,technical_error,hard_deadline,hard_deadline,consent,True,False,765
E09-s7-initial-d3741a37-33c6-4315-b958-62057e5c5dc9,E09 r3,profile,profile-12595,measured,299.827,503,1503,technical_error,hard_deadline,hard_deadline,consent,True,False,766
E09-s7-initial-d3741a37-33c6-4315-b958-62057e5c5dc9,E09 r3,quote,quote-29389,measured,299.837,503,1503,technical_error,hard_deadline,hard_deadline,consent,True,False,765
E09-s7-initial-d3741a37-33c6-4315-b958-62057e5c5dc9,E09 r3,profile,profile-12596,measured,299.861,503,1503,technical_error,hard_deadline,hard_deadline,consent,True,False,767
E09-s7-initial-d3741a37-33c6-4315-b958-62057e5c5dc9,E09 r3,quote,quote-29391,measured,299.865,503,1503,technical_error,hard_deadline,hard_deadline,consent,True,False,763
E09-s7-initial-d3741a37-33c6-4315-b958-62057e5c5dc9,E09 r3,quote,quote-29392,measured,299.88,503,1503,technical_error,hard_deadline,hard_deadline,consent,True,False,752
E09-s7-initial-d3741a37-33c6-4315-b958-62057e5c5dc9,E09 r3,profile,profile-12597,measured,299.894,503,1503,technical_error,hard_deadline,hard_deadline,consent,True,False,762
E09-s7-initial-d3741a37-33c6-4315-b958-62057e5c5dc9,E09 r3,quote,quote-29394,measured,299.908,503,1503,technical_error,hard_deadline,hard_deadline,consent,True,False,756
E09-s7-initial-d3741a37-33c6-4315-b958-62057e5c5dc9,E09 r3,profile,profile-12598,measured,299.927,503,1503,technical_error,hard_deadline,hard_deadline,consent,True,False,764
E09-s7-initial-d3741a37-33c6-4315-b958-62057e5c5dc9,E09 r3,quote,quote-29396,measured,299.936,503,1503,technical_error,hard_deadline,hard_deadline,snapshot,True,True,758
E09-s7-initial-d3741a37-33c6-4315-b958-62057e5c5dc9,E09 r3,quote,quote-29397,measured,299.951,503,1503,technical_error,hard_deadline,hard_deadline,consent,True,False,764
