runId,label,operation,t,emitted,incomplete,p95,dispatch,normal,openOrHalf
E01-trace-formal-83ddaca1-619b-4f47-a1b8-ee4d1ba756b4,E01 r1,quote,0,700,0,160.0,700,700,0
E01-trace-formal-83ddaca1-619b-4f47-a1b8-ee4d1ba756b4,E01 r1,quote,10,700,0,156.0,700,700,0
E01-trace-formal-83ddaca1-619b-4f47-a1b8-ee4d1ba756b4,E01 r1,quote,20,700,0,157.0,700,699,0
E01-trace-formal-83ddaca1-619b-4f47-a1b8-ee4d1ba756b4,E01 r1,quote,30,700,0,157.0,700,696,0
E01-trace-formal-83ddaca1-619b-4f47-a1b8-ee4d1ba756b4,E01 r1,quote,40,700,0,157.0,700,700,0
E01-trace-formal-83ddaca1-619b-4f47-a1b8-ee4d1ba756b4,E01 r1,quote,50,700,0,158.04999999999995,700,700,0
E01-trace-formal-83ddaca1-619b-4f47-a1b8-ee4d1ba756b4,E01 r1,quote,60,700,0,156.0,700,700,0
E01-trace-formal-83ddaca1-619b-4f47-a1b8-ee4d1ba756b4,E01 r1,quote,70,700,0,155.0,700,700,0
E01-trace-formal-83ddaca1-619b-4f47-a1b8-ee4d1ba756b4,E01 r1,quote,80,700,0,156.0,700,700,0
E01-trace-formal-83ddaca1-619b-4f47-a1b8-ee4d1ba756b4,E01 r1,quote,90,700,0,158.0,700,700,0
E01-trace-formal-83ddaca1-619b-4f47-a1b8-ee4d1ba756b4,E01 r1,quote,100,700,0,156.0,700,700,0
E01-trace-formal-83ddaca1-619b-4f47-a1b8-ee4d1ba756b4,E01 r1,quote,110,700,0,155.0,700,700,0
E01-trace-formal-83ddaca1-619b-4f47-a1b8-ee4d1ba756b4,E01 r1,quote,120,700,0,152.0,700,700,0
E01-trace-formal-83ddaca1-619b-4f47-a1b8-ee4d1ba756b4,E01 r1,quote,130,700,0,153.0,700,699,0
E01-trace-formal-83ddaca1-619b-4f47-a1b8-ee4d1ba756b4,E01 r1,quote,140,700,0,154.0,700,700,0
E01-trace-formal-83ddaca1-619b-4f47-a1b8-ee4d1ba756b4,E01 r1,quote,150,700,0,156.0,700,699,0
E01-trace-formal-83ddaca1-619b-4f47-a1b8-ee4d1ba756b4,E01 r1,quote,160,700,0,152.0999999999999,700,696,0
E01-trace-formal-83ddaca1-619b-4f47-a1b8-ee4d1ba756b4,E01 r1,quote,170,700,0,154.04999999999995,700,698,0
E01-trace-formal-83ddaca1-619b-4f47-a1b8-ee4d1ba756b4,E01 r1,quote,180,700,0,151.0,700,700,0
E01-trace-formal-83ddaca1-619b-4f47-a1b8-ee4d1ba756b4,E01 r1,quote,190,700,0,151.0,700,700,0
E01-trace-formal-83ddaca1-619b-4f47-a1b8-ee4d1ba756b4,E01 r1,quote,200,700,0,153.04999999999995,700,700,0
E01-trace-formal-83ddaca1-619b-4f47-a1b8-ee4d1ba756b4,E01 r1,quote,210,700,0,153.04999999999995,700,700,0
E01-trace-formal-83ddaca1-619b-4f47-a1b8-ee4d1ba756b4,E01 r1,quote,220,700,0,156.0,700,700,0
E01-trace-formal-83ddaca1-619b-4f47-a1b8-ee4d1ba756b4,E01 r1,quote,230,700,0,152.04999999999995,700,700,0
E01-trace-formal-83ddaca1-619b-4f47-a1b8-ee4d1ba756b4,E01 r1,quote,240,700,0,154.0,700,700,0
E01-trace-formal-83ddaca1-619b-4f47-a1b8-ee4d1ba756b4,E01 r1,quote,250,700,0,152.0,700,700,0
E01-trace-formal-83ddaca1-619b-4f47-a1b8-ee4d1ba756b4,E01 r1,quote,260,700,0,155.0,700,700,0
E01-trace-formal-83ddaca1-619b-4f47-a1b8-ee4d1ba756b4,E01 r1,quote,270,700,0,155.0,700,700,0
E01-trace-formal-83ddaca1-619b-4f47-a1b8-ee4d1ba756b4,E01 r1,quote,280,700,0,156.0,700,700,0
E01-trace-formal-83ddaca1-619b-4f47-a1b8-ee4d1ba756b4,E01 r1,quote,290,700,0,153.0,700,700,0
E01-trace-formal-83ddaca1-619b-4f47-a1b8-ee4d1ba756b4,E01 r1,profile,0,300,0,157.05,300,300,0
E01-trace-formal-83ddaca1-619b-4f47-a1b8-ee4d1ba756b4,E01 r1,profile,10,300,0,161.0,300,300,0
E01-trace-formal-83ddaca1-619b-4f47-a1b8-ee4d1ba756b4,E01 r1,profile,20,300,0,155.0,300,300,0
E01-trace-formal-83ddaca1-619b-4f47-a1b8-ee4d1ba756b4,E01 r1,profile,30,300,0,162.10000000000002,300,299,0
E01-trace-formal-83ddaca1-619b-4f47-a1b8-ee4d1ba756b4,E01 r1,profile,40,300,0,159.0,300,300,0
E01-trace-formal-83ddaca1-619b-4f47-a1b8-ee4d1ba756b4,E01 r1,profile,50,300,0,157.05,300,300,0
E01-trace-formal-83ddaca1-619b-4f47-a1b8-ee4d1ba756b4,E01 r1,profile,60,300,0,158.05,300,300,0
E01-trace-formal-83ddaca1-619b-4f47-a1b8-ee4d1ba756b4,E01 r1,profile,70,300,0,153.05,300,299,0
E01-trace-formal-83ddaca1-619b-4f47-a1b8-ee4d1ba756b4,E01 r1,profile,80,300,0,153.0,300,299,0
E01-trace-formal-83ddaca1-619b-4f47-a1b8-ee4d1ba756b4,E01 r1,profile,90,300,0,151.05,300,300,0
E01-trace-formal-83ddaca1-619b-4f47-a1b8-ee4d1ba756b4,E01 r1,profile,100,300,0,151.0,300,300,0
E01-trace-formal-83ddaca1-619b-4f47-a1b8-ee4d1ba756b4,E01 r1,profile,110,300,0,155.0,300,300,0
E01-trace-formal-83ddaca1-619b-4f47-a1b8-ee4d1ba756b4,E01 r1,profile,120,300,0,152.0,300,300,0
E01-trace-formal-83ddaca1-619b-4f47-a1b8-ee4d1ba756b4,E01 r1,profile,130,300,0,154.0,300,299,0
E01-trace-formal-83ddaca1-619b-4f47-a1b8-ee4d1ba756b4,E01 r1,profile,140,300,0,155.0,300,300,0
E01-trace-formal-83ddaca1-619b-4f47-a1b8-ee4d1ba756b4,E01 r1,profile,150,300,0,155.0,300,300,0
E01-trace-formal-83ddaca1-619b-4f47-a1b8-ee4d1ba756b4,E01 r1,profile,160,300,0,152.0,300,299,0
E01-trace-formal-83ddaca1-619b-4f47-a1b8-ee4d1ba756b4,E01 r1,profile,170,300,0,152.0,300,300,0
E01-trace-formal-83ddaca1-619b-4f47-a1b8-ee4d1ba756b4,E01 r1,profile,180,300,0,150.0,300,300,0
E01-trace-formal-83ddaca1-619b-4f47-a1b8-ee4d1ba756b4,E01 r1,profile,190,300,0,151.0,300,300,0
E01-trace-formal-83ddaca1-619b-4f47-a1b8-ee4d1ba756b4,E01 r1,profile,200,300,0,154.05,300,299,0
E01-trace-formal-83ddaca1-619b-4f47-a1b8-ee4d1ba756b4,E01 r1,profile,210,300,0,151.0,300,300,0
E01-trace-formal-83ddaca1-619b-4f47-a1b8-ee4d1ba756b4,E01 r1,profile,220,300,0,153.0,300,300,0
E01-trace-formal-83ddaca1-619b-4f47-a1b8-ee4d1ba756b4,E01 r1,profile,230,300,0,153.0,300,300,0
E01-trace-formal-83ddaca1-619b-4f47-a1b8-ee4d1ba756b4,E01 r1,profile,240,300,0,155.0,300,300,0
E01-trace-formal-83ddaca1-619b-4f47-a1b8-ee4d1ba756b4,E01 r1,profile,250,300,0,151.0,300,300,0
E01-trace-formal-83ddaca1-619b-4f47-a1b8-ee4d1ba756b4,E01 r1,profile,260,300,0,155.0,300,300,0
E01-trace-formal-83ddaca1-619b-4f47-a1b8-ee4d1ba756b4,E01 r1,profile,270,300,0,153.05,300,300,0
E01-trace-formal-83ddaca1-619b-4f47-a1b8-ee4d1ba756b4,E01 r1,profile,280,300,0,159.0,300,300,0
E01-trace-formal-83ddaca1-619b-4f47-a1b8-ee4d1ba756b4,E01 r1,profile,290,300,0,151.05,300,300,0
E01-s7-initial-e10e1416-e8fb-437a-84a1-bca9da4f99b5,E01 r2,quote,0,700,1,155.0,699,698,0
E01-s7-initial-e10e1416-e8fb-437a-84a1-bca9da4f99b5,E01 r2,quote,10,700,0,156.0,700,699,0
E01-s7-initial-e10e1416-e8fb-437a-84a1-bca9da4f99b5,E01 r2,quote,20,700,0,151.0,700,700,0
E01-s7-initial-e10e1416-e8fb-437a-84a1-bca9da4f99b5,E01 r2,quote,30,700,0,155.0,700,700,0
E01-s7-initial-e10e1416-e8fb-437a-84a1-bca9da4f99b5,E01 r2,quote,40,700,0,157.0,700,700,0
E01-s7-initial-e10e1416-e8fb-437a-84a1-bca9da4f99b5,E01 r2,quote,50,700,0,155.0,700,700,0
E01-s7-initial-e10e1416-e8fb-437a-84a1-bca9da4f99b5,E01 r2,quote,60,700,0,152.0,700,700,0
E01-s7-initial-e10e1416-e8fb-437a-84a1-bca9da4f99b5,E01 r2,quote,70,700,0,152.0,700,700,0
E01-s7-initial-e10e1416-e8fb-437a-84a1-bca9da4f99b5,E01 r2,quote,80,700,0,156.0,700,700,0
E01-s7-initial-e10e1416-e8fb-437a-84a1-bca9da4f99b5,E01 r2,quote,90,700,0,155.0,700,700,0
E01-s7-initial-e10e1416-e8fb-437a-84a1-bca9da4f99b5,E01 r2,quote,100,700,0,149.04999999999995,700,700,0
E01-s7-initial-e10e1416-e8fb-437a-84a1-bca9da4f99b5,E01 r2,quote,110,700,0,151.0,700,700,0
E01-s7-initial-e10e1416-e8fb-437a-84a1-bca9da4f99b5,E01 r2,quote,120,700,0,152.0,700,700,0
E01-s7-initial-e10e1416-e8fb-437a-84a1-bca9da4f99b5,E01 r2,quote,130,700,0,153.0,700,700,0
E01-s7-initial-e10e1416-e8fb-437a-84a1-bca9da4f99b5,E01 r2,quote,140,700,0,152.0,700,700,0
E01-s7-initial-e10e1416-e8fb-437a-84a1-bca9da4f99b5,E01 r2,quote,150,700,0,152.0,700,700,0
E01-s7-initial-e10e1416-e8fb-437a-84a1-bca9da4f99b5,E01 r2,quote,160,700,0,152.0,700,700,0
E01-s7-initial-e10e1416-e8fb-437a-84a1-bca9da4f99b5,E01 r2,quote,170,700,0,152.0,700,700,0
E01-s7-initial-e10e1416-e8fb-437a-84a1-bca9da4f99b5,E01 r2,quote,180,700,0,153.0,700,700,0
E01-s7-initial-e10e1416-e8fb-437a-84a1-bca9da4f99b5,E01 r2,quote,190,700,0,151.0,700,700,0
E01-s7-initial-e10e1416-e8fb-437a-84a1-bca9da4f99b5,E01 r2,quote,200,700,0,150.04999999999995,700,700,0
E01-s7-initial-e10e1416-e8fb-437a-84a1-bca9da4f99b5,E01 r2,quote,210,700,0,153.04999999999995,700,700,0
E01-s7-initial-e10e1416-e8fb-437a-84a1-bca9da4f99b5,E01 r2,quote,220,700,0,154.04999999999995,700,700,0
E01-s7-initial-e10e1416-e8fb-437a-84a1-bca9da4f99b5,E01 r2,quote,230,700,0,152.0,700,700,0
E01-s7-initial-e10e1416-e8fb-437a-84a1-bca9da4f99b5,E01 r2,quote,240,700,0,151.0,700,700,0
E01-s7-initial-e10e1416-e8fb-437a-84a1-bca9da4f99b5,E01 r2,quote,250,700,0,152.0,700,700,0
E01-s7-initial-e10e1416-e8fb-437a-84a1-bca9da4f99b5,E01 r2,quote,260,700,0,154.0,700,700,0
E01-s7-initial-e10e1416-e8fb-437a-84a1-bca9da4f99b5,E01 r2,quote,270,700,0,154.04999999999995,700,700,0
E01-s7-initial-e10e1416-e8fb-437a-84a1-bca9da4f99b5,E01 r2,quote,280,700,0,153.0,700,700,0
E01-s7-initial-e10e1416-e8fb-437a-84a1-bca9da4f99b5,E01 r2,quote,290,700,0,154.0,700,700,0
E01-s7-initial-e10e1416-e8fb-437a-84a1-bca9da4f99b5,E01 r2,profile,0,300,0,155.05,300,300,0
E01-s7-initial-e10e1416-e8fb-437a-84a1-bca9da4f99b5,E01 r2,profile,10,300,0,157.0,300,300,0
E01-s7-initial-e10e1416-e8fb-437a-84a1-bca9da4f99b5,E01 r2,profile,20,300,0,151.0,300,300,0
E01-s7-initial-e10e1416-e8fb-437a-84a1-bca9da4f99b5,E01 r2,profile,30,300,0,154.0,300,300,0
E01-s7-initial-e10e1416-e8fb-437a-84a1-bca9da4f99b5,E01 r2,profile,40,300,0,160.05,300,300,0
E01-s7-initial-e10e1416-e8fb-437a-84a1-bca9da4f99b5,E01 r2,profile,50,300,0,154.0,300,300,0
E01-s7-initial-e10e1416-e8fb-437a-84a1-bca9da4f99b5,E01 r2,profile,60,300,0,152.05,300,300,0
E01-s7-initial-e10e1416-e8fb-437a-84a1-bca9da4f99b5,E01 r2,profile,70,300,0,149.0,300,300,0
E01-s7-initial-e10e1416-e8fb-437a-84a1-bca9da4f99b5,E01 r2,profile,80,300,0,155.05,300,300,0
E01-s7-initial-e10e1416-e8fb-437a-84a1-bca9da4f99b5,E01 r2,profile,90,300,0,155.0,300,300,0
E01-s7-initial-e10e1416-e8fb-437a-84a1-bca9da4f99b5,E01 r2,profile,100,300,0,150.0,300,300,0
E01-s7-initial-e10e1416-e8fb-437a-84a1-bca9da4f99b5,E01 r2,profile,110,300,0,151.05,300,300,0
E01-s7-initial-e10e1416-e8fb-437a-84a1-bca9da4f99b5,E01 r2,profile,120,300,0,154.05,300,299,0
E01-s7-initial-e10e1416-e8fb-437a-84a1-bca9da4f99b5,E01 r2,profile,130,300,0,154.0,300,300,0
E01-s7-initial-e10e1416-e8fb-437a-84a1-bca9da4f99b5,E01 r2,profile,140,300,0,152.0,300,300,0
E01-s7-initial-e10e1416-e8fb-437a-84a1-bca9da4f99b5,E01 r2,profile,150,300,0,151.05,300,300,0
E01-s7-initial-e10e1416-e8fb-437a-84a1-bca9da4f99b5,E01 r2,profile,160,300,0,151.0,300,300,0
E01-s7-initial-e10e1416-e8fb-437a-84a1-bca9da4f99b5,E01 r2,profile,170,300,0,154.05,300,300,0
E01-s7-initial-e10e1416-e8fb-437a-84a1-bca9da4f99b5,E01 r2,profile,180,300,0,152.0,300,300,0
E01-s7-initial-e10e1416-e8fb-437a-84a1-bca9da4f99b5,E01 r2,profile,190,300,0,151.0,300,300,0
E01-s7-initial-e10e1416-e8fb-437a-84a1-bca9da4f99b5,E01 r2,profile,200,300,0,154.0,300,300,0
E01-s7-initial-e10e1416-e8fb-437a-84a1-bca9da4f99b5,E01 r2,profile,210,300,0,154.05,300,300,0
E01-s7-initial-e10e1416-e8fb-437a-84a1-bca9da4f99b5,E01 r2,profile,220,300,0,155.05,300,300,0
E01-s7-initial-e10e1416-e8fb-437a-84a1-bca9da4f99b5,E01 r2,profile,230,300,0,150.0,300,300,0
E01-s7-initial-e10e1416-e8fb-437a-84a1-bca9da4f99b5,E01 r2,profile,240,300,0,150.05,300,300,0
E01-s7-initial-e10e1416-e8fb-437a-84a1-bca9da4f99b5,E01 r2,profile,250,300,0,151.0,300,299,0
E01-s7-initial-e10e1416-e8fb-437a-84a1-bca9da4f99b5,E01 r2,profile,260,300,0,152.0,300,300,0
E01-s7-initial-e10e1416-e8fb-437a-84a1-bca9da4f99b5,E01 r2,profile,270,300,0,155.0,300,300,0
E01-s7-initial-e10e1416-e8fb-437a-84a1-bca9da4f99b5,E01 r2,profile,280,300,0,153.0,300,300,0
E01-s7-initial-e10e1416-e8fb-437a-84a1-bca9da4f99b5,E01 r2,profile,290,300,0,154.0,300,300,0
E01-s7-initial-4934b38a-7858-4263-a30e-ee41f2a8020e,E01 r3,quote,0,700,0,153.0,700,698,0
E01-s7-initial-4934b38a-7858-4263-a30e-ee41f2a8020e,E01 r3,quote,10,700,0,154.0,700,700,0
E01-s7-initial-4934b38a-7858-4263-a30e-ee41f2a8020e,E01 r3,quote,20,700,0,152.0,700,700,0
E01-s7-initial-4934b38a-7858-4263-a30e-ee41f2a8020e,E01 r3,quote,30,700,0,153.04999999999995,700,700,0
E01-s7-initial-4934b38a-7858-4263-a30e-ee41f2a8020e,E01 r3,quote,40,700,0,155.04999999999995,700,700,0
E01-s7-initial-4934b38a-7858-4263-a30e-ee41f2a8020e,E01 r3,quote,50,700,0,154.0,700,700,0
E01-s7-initial-4934b38a-7858-4263-a30e-ee41f2a8020e,E01 r3,quote,60,700,0,153.0,700,700,0
E01-s7-initial-4934b38a-7858-4263-a30e-ee41f2a8020e,E01 r3,quote,70,700,0,154.0,700,700,0
E01-s7-initial-4934b38a-7858-4263-a30e-ee41f2a8020e,E01 r3,quote,80,700,0,154.0,700,700,0
E01-s7-initial-4934b38a-7858-4263-a30e-ee41f2a8020e,E01 r3,quote,90,700,0,152.0,700,700,0
E01-s7-initial-4934b38a-7858-4263-a30e-ee41f2a8020e,E01 r3,quote,100,700,0,149.0,700,700,0
E01-s7-initial-4934b38a-7858-4263-a30e-ee41f2a8020e,E01 r3,quote,110,700,0,152.0,700,700,0
E01-s7-initial-4934b38a-7858-4263-a30e-ee41f2a8020e,E01 r3,quote,120,700,0,159.04999999999995,700,700,0
E01-s7-initial-4934b38a-7858-4263-a30e-ee41f2a8020e,E01 r3,quote,130,700,0,153.0,700,700,0
E01-s7-initial-4934b38a-7858-4263-a30e-ee41f2a8020e,E01 r3,quote,140,700,0,151.0,700,700,0
E01-s7-initial-4934b38a-7858-4263-a30e-ee41f2a8020e,E01 r3,quote,150,700,0,155.0,700,700,0
E01-s7-initial-4934b38a-7858-4263-a30e-ee41f2a8020e,E01 r3,quote,160,700,0,151.0,700,700,0
E01-s7-initial-4934b38a-7858-4263-a30e-ee41f2a8020e,E01 r3,quote,170,700,0,151.0,700,700,0
E01-s7-initial-4934b38a-7858-4263-a30e-ee41f2a8020e,E01 r3,quote,180,700,0,153.0,700,700,0
E01-s7-initial-4934b38a-7858-4263-a30e-ee41f2a8020e,E01 r3,quote,190,700,0,151.04999999999995,700,700,0
E01-s7-initial-4934b38a-7858-4263-a30e-ee41f2a8020e,E01 r3,quote,200,700,0,154.04999999999995,700,700,0
E01-s7-initial-4934b38a-7858-4263-a30e-ee41f2a8020e,E01 r3,quote,210,700,0,153.0,700,700,0
E01-s7-initial-4934b38a-7858-4263-a30e-ee41f2a8020e,E01 r3,quote,220,700,0,153.0,700,700,0
E01-s7-initial-4934b38a-7858-4263-a30e-ee41f2a8020e,E01 r3,quote,230,700,0,153.0,700,700,0
E01-s7-initial-4934b38a-7858-4263-a30e-ee41f2a8020e,E01 r3,quote,240,700,0,152.04999999999995,700,700,0
E01-s7-initial-4934b38a-7858-4263-a30e-ee41f2a8020e,E01 r3,quote,250,700,0,154.0,700,700,0
E01-s7-initial-4934b38a-7858-4263-a30e-ee41f2a8020e,E01 r3,quote,260,700,0,150.0,700,700,0
E01-s7-initial-4934b38a-7858-4263-a30e-ee41f2a8020e,E01 r3,quote,270,700,0,153.0,700,700,0
E01-s7-initial-4934b38a-7858-4263-a30e-ee41f2a8020e,E01 r3,quote,280,700,0,154.0,700,700,0
E01-s7-initial-4934b38a-7858-4263-a30e-ee41f2a8020e,E01 r3,quote,290,700,0,154.0,700,700,0
E01-s7-initial-4934b38a-7858-4263-a30e-ee41f2a8020e,E01 r3,profile,0,300,0,155.05,300,300,0
E01-s7-initial-4934b38a-7858-4263-a30e-ee41f2a8020e,E01 r3,profile,10,300,0,156.0,300,300,0
E01-s7-initial-4934b38a-7858-4263-a30e-ee41f2a8020e,E01 r3,profile,20,300,0,152.05,300,300,0
E01-s7-initial-4934b38a-7858-4263-a30e-ee41f2a8020e,E01 r3,profile,30,300,0,154.0,300,300,0
E01-s7-initial-4934b38a-7858-4263-a30e-ee41f2a8020e,E01 r3,profile,40,300,0,153.05,300,300,0
E01-s7-initial-4934b38a-7858-4263-a30e-ee41f2a8020e,E01 r3,profile,50,300,0,159.10000000000002,300,300,0
E01-s7-initial-4934b38a-7858-4263-a30e-ee41f2a8020e,E01 r3,profile,60,300,0,154.0,300,300,0
E01-s7-initial-4934b38a-7858-4263-a30e-ee41f2a8020e,E01 r3,profile,70,300,0,157.0,300,300,0
E01-s7-initial-4934b38a-7858-4263-a30e-ee41f2a8020e,E01 r3,profile,80,300,0,153.0,300,300,0
E01-s7-initial-4934b38a-7858-4263-a30e-ee41f2a8020e,E01 r3,profile,90,300,0,151.0,300,300,0
E01-s7-initial-4934b38a-7858-4263-a30e-ee41f2a8020e,E01 r3,profile,100,300,0,153.0,300,300,0
E01-s7-initial-4934b38a-7858-4263-a30e-ee41f2a8020e,E01 r3,profile,110,300,0,153.0,300,300,0
E01-s7-initial-4934b38a-7858-4263-a30e-ee41f2a8020e,E01 r3,profile,120,300,0,153.0,300,300,0
E01-s7-initial-4934b38a-7858-4263-a30e-ee41f2a8020e,E01 r3,profile,130,300,0,151.0,300,300,0
E01-s7-initial-4934b38a-7858-4263-a30e-ee41f2a8020e,E01 r3,profile,140,300,0,154.0,300,300,0
E01-s7-initial-4934b38a-7858-4263-a30e-ee41f2a8020e,E01 r3,profile,150,300,0,153.0,300,300,0
E01-s7-initial-4934b38a-7858-4263-a30e-ee41f2a8020e,E01 r3,profile,160,300,0,152.0,300,300,0
E01-s7-initial-4934b38a-7858-4263-a30e-ee41f2a8020e,E01 r3,profile,170,300,0,151.10000000000002,300,300,0
E01-s7-initial-4934b38a-7858-4263-a30e-ee41f2a8020e,E01 r3,profile,180,300,0,152.05,300,300,0
E01-s7-initial-4934b38a-7858-4263-a30e-ee41f2a8020e,E01 r3,profile,190,300,0,152.0,300,300,0
E01-s7-initial-4934b38a-7858-4263-a30e-ee41f2a8020e,E01 r3,profile,200,300,0,154.0,300,300,0
E01-s7-initial-4934b38a-7858-4263-a30e-ee41f2a8020e,E01 r3,profile,210,300,0,155.05,300,300,0
E01-s7-initial-4934b38a-7858-4263-a30e-ee41f2a8020e,E01 r3,profile,220,300,0,156.05,300,300,0
E01-s7-initial-4934b38a-7858-4263-a30e-ee41f2a8020e,E01 r3,profile,230,300,0,154.05,300,300,0
E01-s7-initial-4934b38a-7858-4263-a30e-ee41f2a8020e,E01 r3,profile,240,300,0,155.0,300,300,0
E01-s7-initial-4934b38a-7858-4263-a30e-ee41f2a8020e,E01 r3,profile,250,300,0,157.0,300,300,0
E01-s7-initial-4934b38a-7858-4263-a30e-ee41f2a8020e,E01 r3,profile,260,300,0,152.05,300,300,0
E01-s7-initial-4934b38a-7858-4263-a30e-ee41f2a8020e,E01 r3,profile,270,300,0,154.0,300,300,0
E01-s7-initial-4934b38a-7858-4263-a30e-ee41f2a8020e,E01 r3,profile,280,300,0,156.0,300,300,0
E01-s7-initial-4934b38a-7858-4263-a30e-ee41f2a8020e,E01 r3,profile,290,300,0,155.0,300,300,0
E07-s7-initial-f9876597-457e-40da-9f2e-7055eca4c9b7,E07 ausente r1,quote,0,701,0,170.0,30,0,701
E07-s7-initial-f9876597-457e-40da-9f2e-7055eca4c9b7,E07 ausente r1,quote,10,700,0,165.0999999999999,22,0,690
E07-s7-initial-f9876597-457e-40da-9f2e-7055eca4c9b7,E07 ausente r1,quote,20,700,0,171.04999999999995,2,0,700
E07-s7-initial-f9876597-457e-40da-9f2e-7055eca4c9b7,E07 ausente r1,quote,30,700,0,168.0,27,0,700
E07-s7-initial-f9876597-457e-40da-9f2e-7055eca4c9b7,E07 ausente r1,quote,40,700,0,167.0,16,0,700
E07-s7-initial-f9876597-457e-40da-9f2e-7055eca4c9b7,E07 ausente r1,quote,50,700,0,162.0,2,0,700
E07-s7-initial-f9876597-457e-40da-9f2e-7055eca4c9b7,E07 ausente r1,quote,60,700,0,163.0999999999999,16,0,700
E07-s7-initial-f9876597-457e-40da-9f2e-7055eca4c9b7,E07 ausente r1,quote,70,700,0,170.14999999999986,26,0,700
E07-s7-initial-f9876597-457e-40da-9f2e-7055eca4c9b7,E07 ausente r1,quote,80,700,0,173.0,3,0,700
E07-s7-initial-f9876597-457e-40da-9f2e-7055eca4c9b7,E07 ausente r1,quote,90,700,0,161.0,13,0,700
E07-s7-initial-f9876597-457e-40da-9f2e-7055eca4c9b7,E07 ausente r1,quote,100,700,0,172.04999999999995,29,0,700
E07-s7-initial-f9876597-457e-40da-9f2e-7055eca4c9b7,E07 ausente r1,quote,110,700,0,159.0,3,0,700
E07-s7-initial-f9876597-457e-40da-9f2e-7055eca4c9b7,E07 ausente r1,quote,120,700,0,160.0,11,0,700
E07-s7-initial-f9876597-457e-40da-9f2e-7055eca4c9b7,E07 ausente r1,quote,130,700,0,178.0,41,0,689
E07-s7-initial-f9876597-457e-40da-9f2e-7055eca4c9b7,E07 ausente r1,quote,140,700,0,163.0,12,0,691
E07-s7-initial-f9876597-457e-40da-9f2e-7055eca4c9b7,E07 ausente r1,quote,150,700,0,161.04999999999995,11,0,700
E07-s7-initial-f9876597-457e-40da-9f2e-7055eca4c9b7,E07 ausente r1,quote,160,700,0,171.04999999999995,29,0,700
E07-s7-initial-f9876597-457e-40da-9f2e-7055eca4c9b7,E07 ausente r1,quote,170,700,0,157.0,6,0,700
E07-s7-initial-f9876597-457e-40da-9f2e-7055eca4c9b7,E07 ausente r1,quote,180,700,0,163.0,10,0,700
E07-s7-initial-f9876597-457e-40da-9f2e-7055eca4c9b7,E07 ausente r1,quote,190,700,0,170.04999999999995,30,0,700
E07-s7-initial-f9876597-457e-40da-9f2e-7055eca4c9b7,E07 ausente r1,quote,200,700,0,164.04999999999995,6,0,700
E07-s7-initial-f9876597-457e-40da-9f2e-7055eca4c9b7,E07 ausente r1,quote,210,700,0,165.0,10,0,700
E07-s7-initial-f9876597-457e-40da-9f2e-7055eca4c9b7,E07 ausente r1,quote,220,700,0,175.0999999999999,30,0,700
E07-s7-initial-f9876597-457e-40da-9f2e-7055eca4c9b7,E07 ausente r1,quote,230,700,0,161.04999999999995,6,0,700
E07-s7-initial-f9876597-457e-40da-9f2e-7055eca4c9b7,E07 ausente r1,quote,240,700,0,159.0,8,0,700
E07-s7-initial-f9876597-457e-40da-9f2e-7055eca4c9b7,E07 ausente r1,quote,250,700,0,173.0,32,0,700
E07-s7-initial-f9876597-457e-40da-9f2e-7055eca4c9b7,E07 ausente r1,quote,260,700,0,160.0,5,0,700
E07-s7-initial-f9876597-457e-40da-9f2e-7055eca4c9b7,E07 ausente r1,quote,270,700,0,162.0,9,0,700
E07-s7-initial-f9876597-457e-40da-9f2e-7055eca4c9b7,E07 ausente r1,quote,280,700,0,172.04999999999995,32,0,700
E07-s7-initial-f9876597-457e-40da-9f2e-7055eca4c9b7,E07 ausente r1,quote,290,700,1,165.0,5,0,700
E07-s7-initial-f9876597-457e-40da-9f2e-7055eca4c9b7,E07 ausente r1,profile,0,301,0,162.0,6,0,301
E07-s7-initial-f9876597-457e-40da-9f2e-7055eca4c9b7,E07 ausente r1,profile,10,300,0,180.0,19,0,300
E07-s7-initial-f9876597-457e-40da-9f2e-7055eca4c9b7,E07 ausente r1,profile,20,300,0,163.0,3,0,300
E07-s7-initial-f9876597-457e-40da-9f2e-7055eca4c9b7,E07 ausente r1,profile,30,300,0,163.10000000000002,7,0,300
E07-s7-initial-f9876597-457e-40da-9f2e-7055eca4c9b7,E07 ausente r1,profile,40,300,0,181.05,19,0,300
E07-s7-initial-f9876597-457e-40da-9f2e-7055eca4c9b7,E07 ausente r1,profile,50,300,0,160.0,7,0,296
E07-s7-initial-f9876597-457e-40da-9f2e-7055eca4c9b7,E07 ausente r1,profile,60,300,0,165.15000000000003,11,0,294
E07-s7-initial-f9876597-457e-40da-9f2e-7055eca4c9b7,E07 ausente r1,profile,70,300,0,183.10000000000002,19,0,300
E07-s7-initial-f9876597-457e-40da-9f2e-7055eca4c9b7,E07 ausente r1,profile,80,300,0,161.05,4,0,300
E07-s7-initial-f9876597-457e-40da-9f2e-7055eca4c9b7,E07 ausente r1,profile,90,300,0,161.0,6,0,300
E07-s7-initial-f9876597-457e-40da-9f2e-7055eca4c9b7,E07 ausente r1,profile,100,300,0,181.05,17,0,300
E07-s7-initial-f9876597-457e-40da-9f2e-7055eca4c9b7,E07 ausente r1,profile,110,300,0,167.05,6,0,300
E07-s7-initial-f9876597-457e-40da-9f2e-7055eca4c9b7,E07 ausente r1,profile,120,300,0,155.05,5,0,300
E07-s7-initial-f9876597-457e-40da-9f2e-7055eca4c9b7,E07 ausente r1,profile,130,300,0,178.0,18,0,300
E07-s7-initial-f9876597-457e-40da-9f2e-7055eca4c9b7,E07 ausente r1,profile,140,300,0,159.0,4,0,300
E07-s7-initial-f9876597-457e-40da-9f2e-7055eca4c9b7,E07 ausente r1,profile,150,300,0,160.05,6,0,300
E07-s7-initial-f9876597-457e-40da-9f2e-7055eca4c9b7,E07 ausente r1,profile,160,300,0,181.0,19,0,300
E07-s7-initial-f9876597-457e-40da-9f2e-7055eca4c9b7,E07 ausente r1,profile,170,300,0,157.05,4,0,300
E07-s7-initial-f9876597-457e-40da-9f2e-7055eca4c9b7,E07 ausente r1,profile,180,300,0,159.05,4,0,300
E07-s7-initial-f9876597-457e-40da-9f2e-7055eca4c9b7,E07 ausente r1,profile,190,300,0,177.05,20,0,300
E07-s7-initial-f9876597-457e-40da-9f2e-7055eca4c9b7,E07 ausente r1,profile,200,300,0,161.15000000000003,5,0,300
E07-s7-initial-f9876597-457e-40da-9f2e-7055eca4c9b7,E07 ausente r1,profile,210,300,0,163.0,4,0,300
E07-s7-initial-f9876597-457e-40da-9f2e-7055eca4c9b7,E07 ausente r1,profile,220,300,0,180.0,16,0,300
E07-s7-initial-f9876597-457e-40da-9f2e-7055eca4c9b7,E07 ausente r1,profile,230,300,0,158.05,9,0,300
E07-s7-initial-f9876597-457e-40da-9f2e-7055eca4c9b7,E07 ausente r1,profile,240,300,0,154.0,4,0,300
E07-s7-initial-f9876597-457e-40da-9f2e-7055eca4c9b7,E07 ausente r1,profile,250,300,0,161.05,8,0,300
E07-s7-initial-f9876597-457e-40da-9f2e-7055eca4c9b7,E07 ausente r1,profile,260,300,0,178.05,21,0,295
E07-s7-initial-f9876597-457e-40da-9f2e-7055eca4c9b7,E07 ausente r1,profile,270,300,0,166.05,10,0,295
E07-s7-initial-f9876597-457e-40da-9f2e-7055eca4c9b7,E07 ausente r1,profile,280,300,0,160.0,6,0,300
E07-s7-initial-f9876597-457e-40da-9f2e-7055eca4c9b7,E07 ausente r1,profile,290,300,0,175.05,17,0,300
E03-s7-initial-e3107ea3-23d3-45c5-ad8e-9dfdcbffd908,E03 r1,quote,0,700,0,164.0999999999999,23,0,700
E03-s7-initial-e3107ea3-23d3-45c5-ad8e-9dfdcbffd908,E03 r1,quote,10,700,0,159.04999999999995,16,0,700
E03-s7-initial-e3107ea3-23d3-45c5-ad8e-9dfdcbffd908,E03 r1,quote,20,700,0,160.0,6,0,700
E03-s7-initial-e3107ea3-23d3-45c5-ad8e-9dfdcbffd908,E03 r1,quote,30,700,0,164.04999999999995,17,0,700
E03-s7-initial-e3107ea3-23d3-45c5-ad8e-9dfdcbffd908,E03 r1,quote,40,700,1,172.14999999999986,22,0,700
E03-s7-initial-e3107ea3-23d3-45c5-ad8e-9dfdcbffd908,E03 r1,quote,50,700,0,161.0,4,0,700
E03-s7-initial-e3107ea3-23d3-45c5-ad8e-9dfdcbffd908,E03 r1,quote,60,700,0,161.04999999999995,14,0,700
E03-s7-initial-e3107ea3-23d3-45c5-ad8e-9dfdcbffd908,E03 r1,quote,70,700,0,167.0,27,0,700
E03-s7-initial-e3107ea3-23d3-45c5-ad8e-9dfdcbffd908,E03 r1,quote,80,700,0,157.0,4,0,700
E03-s7-initial-e3107ea3-23d3-45c5-ad8e-9dfdcbffd908,E03 r1,quote,90,700,0,161.0,13,0,700
E03-s7-initial-e3107ea3-23d3-45c5-ad8e-9dfdcbffd908,E03 r1,quote,100,700,0,160.0999999999999,26,0,700
E03-s7-initial-e3107ea3-23d3-45c5-ad8e-9dfdcbffd908,E03 r1,quote,110,700,0,161.04999999999995,6,0,700
E03-s7-initial-e3107ea3-23d3-45c5-ad8e-9dfdcbffd908,E03 r1,quote,120,700,0,165.0,11,0,700
E03-s7-initial-e3107ea3-23d3-45c5-ad8e-9dfdcbffd908,E03 r1,quote,130,700,0,176.0,28,0,700
E03-s7-initial-e3107ea3-23d3-45c5-ad8e-9dfdcbffd908,E03 r1,quote,140,700,0,159.0,6,0,700
E03-s7-initial-e3107ea3-23d3-45c5-ad8e-9dfdcbffd908,E03 r1,quote,150,700,0,161.04999999999995,10,0,700
E03-s7-initial-e3107ea3-23d3-45c5-ad8e-9dfdcbffd908,E03 r1,quote,160,700,0,179.0999999999999,28,0,700
E03-s7-initial-e3107ea3-23d3-45c5-ad8e-9dfdcbffd908,E03 r1,quote,170,700,0,168.0,7,0,700
E03-s7-initial-e3107ea3-23d3-45c5-ad8e-9dfdcbffd908,E03 r1,quote,180,700,0,169.04999999999995,9,0,700
E03-s7-initial-e3107ea3-23d3-45c5-ad8e-9dfdcbffd908,E03 r1,quote,190,700,0,182.04999999999995,27,0,700
E03-s7-initial-e3107ea3-23d3-45c5-ad8e-9dfdcbffd908,E03 r1,quote,200,700,0,168.04999999999995,9,0,700
E03-s7-initial-e3107ea3-23d3-45c5-ad8e-9dfdcbffd908,E03 r1,quote,210,700,0,164.0,8,0,700
E03-s7-initial-e3107ea3-23d3-45c5-ad8e-9dfdcbffd908,E03 r1,quote,220,700,0,169.04999999999995,27,0,700
E03-s7-initial-e3107ea3-23d3-45c5-ad8e-9dfdcbffd908,E03 r1,quote,230,700,0,164.0,10,0,700
E03-s7-initial-e3107ea3-23d3-45c5-ad8e-9dfdcbffd908,E03 r1,quote,240,700,0,166.04999999999995,7,0,700
E03-s7-initial-e3107ea3-23d3-45c5-ad8e-9dfdcbffd908,E03 r1,quote,250,700,0,176.0999999999999,26,0,700
E03-s7-initial-e3107ea3-23d3-45c5-ad8e-9dfdcbffd908,E03 r1,quote,260,700,0,164.04999999999995,12,0,700
E03-s7-initial-e3107ea3-23d3-45c5-ad8e-9dfdcbffd908,E03 r1,quote,270,700,0,158.04999999999995,6,0,700
E03-s7-initial-e3107ea3-23d3-45c5-ad8e-9dfdcbffd908,E03 r1,quote,280,700,0,173.04999999999995,31,0,696
E03-s7-initial-e3107ea3-23d3-45c5-ad8e-9dfdcbffd908,E03 r1,quote,290,700,0,166.04999999999995,18,0,694
E03-s7-initial-e3107ea3-23d3-45c5-ad8e-9dfdcbffd908,E03 r1,profile,0,300,0,156.10000000000002,5,0,300
E03-s7-initial-e3107ea3-23d3-45c5-ad8e-9dfdcbffd908,E03 r1,profile,10,300,0,256.05,17,0,300
E03-s7-initial-e3107ea3-23d3-45c5-ad8e-9dfdcbffd908,E03 r1,profile,20,300,0,159.0,5,0,300
E03-s7-initial-e3107ea3-23d3-45c5-ad8e-9dfdcbffd908,E03 r1,profile,30,300,0,159.05,6,0,300
E03-s7-initial-e3107ea3-23d3-45c5-ad8e-9dfdcbffd908,E03 r1,profile,40,300,0,256.0,17,0,300
E03-s7-initial-e3107ea3-23d3-45c5-ad8e-9dfdcbffd908,E03 r1,profile,50,300,0,163.05,5,0,300
E03-s7-initial-e3107ea3-23d3-45c5-ad8e-9dfdcbffd908,E03 r1,profile,60,300,0,165.0,6,0,300
E03-s7-initial-e3107ea3-23d3-45c5-ad8e-9dfdcbffd908,E03 r1,profile,70,300,0,252.10000000000002,17,0,300
E03-s7-initial-e3107ea3-23d3-45c5-ad8e-9dfdcbffd908,E03 r1,profile,80,300,0,158.0,4,0,300
E03-s7-initial-e3107ea3-23d3-45c5-ad8e-9dfdcbffd908,E03 r1,profile,90,300,0,161.05,7,0,300
E03-s7-initial-e3107ea3-23d3-45c5-ad8e-9dfdcbffd908,E03 r1,profile,100,300,0,252.0,16,0,300
E03-s7-initial-e3107ea3-23d3-45c5-ad8e-9dfdcbffd908,E03 r1,profile,110,300,0,164.0,5,0,300
E03-s7-initial-e3107ea3-23d3-45c5-ad8e-9dfdcbffd908,E03 r1,profile,120,300,0,165.10000000000002,7,0,300
E03-s7-initial-e3107ea3-23d3-45c5-ad8e-9dfdcbffd908,E03 r1,profile,130,300,0,184.5500000000008,15,0,300
E03-s7-initial-e3107ea3-23d3-45c5-ad8e-9dfdcbffd908,E03 r1,profile,140,300,0,161.05,6,0,300
E03-s7-initial-e3107ea3-23d3-45c5-ad8e-9dfdcbffd908,E03 r1,profile,150,300,0,155.05,5,0,300
E03-s7-initial-e3107ea3-23d3-45c5-ad8e-9dfdcbffd908,E03 r1,profile,160,300,0,249.20000000000005,16,0,300
E03-s7-initial-e3107ea3-23d3-45c5-ad8e-9dfdcbffd908,E03 r1,profile,170,300,0,164.10000000000002,7,0,300
E03-s7-initial-e3107ea3-23d3-45c5-ad8e-9dfdcbffd908,E03 r1,profile,180,300,0,159.0,4,0,300
E03-s7-initial-e3107ea3-23d3-45c5-ad8e-9dfdcbffd908,E03 r1,profile,190,300,0,252.15000000000003,16,0,300
E03-s7-initial-e3107ea3-23d3-45c5-ad8e-9dfdcbffd908,E03 r1,profile,200,300,0,166.10000000000002,8,0,300
E03-s7-initial-e3107ea3-23d3-45c5-ad8e-9dfdcbffd908,E03 r1,profile,210,300,0,159.0,4,0,300
E03-s7-initial-e3107ea3-23d3-45c5-ad8e-9dfdcbffd908,E03 r1,profile,220,300,0,163.0,7,0,300
E03-s7-initial-e3107ea3-23d3-45c5-ad8e-9dfdcbffd908,E03 r1,profile,230,300,0,254.05,16,0,300
E03-s7-initial-e3107ea3-23d3-45c5-ad8e-9dfdcbffd908,E03 r1,profile,240,300,0,157.0,5,0,300
E03-s7-initial-e3107ea3-23d3-45c5-ad8e-9dfdcbffd908,E03 r1,profile,250,300,0,159.05,4,0,300
E03-s7-initial-e3107ea3-23d3-45c5-ad8e-9dfdcbffd908,E03 r1,profile,260,300,1,255.0,18,0,300
E03-s7-initial-e3107ea3-23d3-45c5-ad8e-9dfdcbffd908,E03 r1,profile,270,300,0,158.05,6,0,300
E03-s7-initial-e3107ea3-23d3-45c5-ad8e-9dfdcbffd908,E03 r1,profile,280,300,0,165.05,4,0,300
E03-s7-initial-e3107ea3-23d3-45c5-ad8e-9dfdcbffd908,E03 r1,profile,290,300,0,255.05,17,0,300
E04-s7-initial-7011d0cd-2b3f-4dff-bede-dd61ddb547e8,E04 r2,quote,0,700,0,179.0,167,135,553
E04-s7-initial-7011d0cd-2b3f-4dff-bede-dd61ddb547e8,E04 r2,quote,10,700,0,182.04999999999995,159,118,546
E04-s7-initial-7011d0cd-2b3f-4dff-bede-dd61ddb547e8,E04 r2,quote,20,701,0,189.0,211,153,518
E04-s7-initial-7011d0cd-2b3f-4dff-bede-dd61ddb547e8,E04 r2,quote,30,700,1,186.04999999999995,209,137,507
E04-s7-initial-7011d0cd-2b3f-4dff-bede-dd61ddb547e8,E04 r2,quote,40,700,0,179.04999999999995,193,154,509
E04-s7-initial-7011d0cd-2b3f-4dff-bede-dd61ddb547e8,E04 r2,quote,50,700,0,187.0,230,132,496
E04-s7-initial-7011d0cd-2b3f-4dff-bede-dd61ddb547e8,E04 r2,quote,60,700,0,181.04999999999995,181,130,541
E04-s7-initial-7011d0cd-2b3f-4dff-bede-dd61ddb547e8,E04 r2,quote,70,700,0,180.0,140,97,561
E04-s7-initial-7011d0cd-2b3f-4dff-bede-dd61ddb547e8,E04 r2,quote,80,700,0,179.04999999999995,180,134,547
E04-s7-initial-7011d0cd-2b3f-4dff-bede-dd61ddb547e8,E04 r2,quote,90,700,0,183.04999999999995,161,87,567
E04-s7-initial-7011d0cd-2b3f-4dff-bede-dd61ddb547e8,E04 r2,quote,100,700,0,179.04999999999995,111,75,589
E04-s7-initial-7011d0cd-2b3f-4dff-bede-dd61ddb547e8,E04 r2,quote,110,700,0,177.04999999999995,128,94,595
E04-s7-initial-7011d0cd-2b3f-4dff-bede-dd61ddb547e8,E04 r2,quote,120,700,0,181.04999999999995,156,92,582
E04-s7-initial-7011d0cd-2b3f-4dff-bede-dd61ddb547e8,E04 r2,quote,130,700,0,170.19999999999982,115,86,585
E04-s7-initial-7011d0cd-2b3f-4dff-bede-dd61ddb547e8,E04 r2,quote,140,700,0,182.0999999999999,173,128,545
E04-s7-initial-7011d0cd-2b3f-4dff-bede-dd61ddb547e8,E04 r2,quote,150,700,0,192.04999999999995,185,108,546
E04-s7-initial-7011d0cd-2b3f-4dff-bede-dd61ddb547e8,E04 r2,quote,160,700,0,185.04999999999995,101,66,601
E04-s7-initial-7011d0cd-2b3f-4dff-bede-dd61ddb547e8,E04 r2,quote,170,700,0,199.04999999999995,100,56,612
E04-s7-initial-7011d0cd-2b3f-4dff-bede-dd61ddb547e8,E04 r2,quote,180,700,0,211.0,130,92,619
E04-s7-initial-7011d0cd-2b3f-4dff-bede-dd61ddb547e8,E04 r2,quote,190,700,0,235.0999999999999,98,45,608
E04-s7-initial-7011d0cd-2b3f-4dff-bede-dd61ddb547e8,E04 r2,quote,200,700,0,192.0999999999999,24,15,685
E04-s7-initial-7011d0cd-2b3f-4dff-bede-dd61ddb547e8,E04 r2,quote,210,700,0,197.04999999999995,64,48,689
E04-s7-initial-7011d0cd-2b3f-4dff-bede-dd61ddb547e8,E04 r2,quote,220,700,0,164.0,53,40,659
E04-s7-initial-7011d0cd-2b3f-4dff-bede-dd61ddb547e8,E04 r2,quote,230,700,0,160.0,54,43,659
E04-s7-initial-7011d0cd-2b3f-4dff-bede-dd61ddb547e8,E04 r2,quote,240,700,0,178.04999999999995,126,84,623
E04-s7-initial-7011d0cd-2b3f-4dff-bede-dd61ddb547e8,E04 r2,quote,250,700,0,167.0,111,90,603
E04-s7-initial-7011d0cd-2b3f-4dff-bede-dd61ddb547e8,E04 r2,quote,260,700,0,178.0,82,37,628
E04-s7-initial-7011d0cd-2b3f-4dff-bede-dd61ddb547e8,E04 r2,quote,270,700,0,169.0,116,91,629
E04-s7-initial-7011d0cd-2b3f-4dff-bede-dd61ddb547e8,E04 r2,quote,280,700,0,168.04999999999995,92,62,618
E04-s7-initial-7011d0cd-2b3f-4dff-bede-dd61ddb547e8,E04 r2,quote,290,700,0,165.0999999999999,83,54,630
E04-s7-initial-7011d0cd-2b3f-4dff-bede-dd61ddb547e8,E04 r2,profile,0,300,0,166.0,24,14,280
E04-s7-initial-7011d0cd-2b3f-4dff-bede-dd61ddb547e8,E04 r2,profile,10,300,0,192.10000000000002,59,30,275
E04-s7-initial-7011d0cd-2b3f-4dff-bede-dd61ddb547e8,E04 r2,profile,20,301,0,183.0,25,12,281
E04-s7-initial-7011d0cd-2b3f-4dff-bede-dd61ddb547e8,E04 r2,profile,30,300,0,162.0,25,23,280
E04-s7-initial-7011d0cd-2b3f-4dff-bede-dd61ddb547e8,E04 r2,profile,40,300,0,165.0,59,51,274
E04-s7-initial-7011d0cd-2b3f-4dff-bede-dd61ddb547e8,E04 r2,profile,50,300,0,166.10000000000002,47,35,265
E04-s7-initial-7011d0cd-2b3f-4dff-bede-dd61ddb547e8,E04 r2,profile,60,300,0,175.05,41,29,265
E04-s7-initial-7011d0cd-2b3f-4dff-bede-dd61ddb547e8,E04 r2,profile,70,300,0,178.0,53,41,270
E04-s7-initial-7011d0cd-2b3f-4dff-bede-dd61ddb547e8,E04 r2,profile,80,300,0,165.05,48,38,263
E04-s7-initial-7011d0cd-2b3f-4dff-bede-dd61ddb547e8,E04 r2,profile,90,300,0,177.05,49,25,257
E04-s7-initial-7011d0cd-2b3f-4dff-bede-dd61ddb547e8,E04 r2,profile,100,300,0,182.05,73,47,248
E04-s7-initial-7011d0cd-2b3f-4dff-bede-dd61ddb547e8,E04 r2,profile,110,300,0,186.0,98,52,210
E04-s7-initial-7011d0cd-2b3f-4dff-bede-dd61ddb547e8,E04 r2,profile,120,300,0,162.0,81,73,221
E04-s7-initial-7011d0cd-2b3f-4dff-bede-dd61ddb547e8,E04 r2,profile,130,300,0,182.05,101,68,220
E04-s7-initial-7011d0cd-2b3f-4dff-bede-dd61ddb547e8,E04 r2,profile,140,300,0,186.0,94,58,220
E04-s7-initial-7011d0cd-2b3f-4dff-bede-dd61ddb547e8,E04 r2,profile,150,300,0,186.05,48,20,254
E04-s7-initial-7011d0cd-2b3f-4dff-bede-dd61ddb547e8,E04 r2,profile,160,300,0,166.30000000000007,7,5,300
E04-s7-initial-7011d0cd-2b3f-4dff-bede-dd61ddb547e8,E04 r2,profile,170,300,0,214.55000000000013,24,16,300
E04-s7-initial-7011d0cd-2b3f-4dff-bede-dd61ddb547e8,E04 r2,profile,180,300,0,211.25000000000006,17,14,300
E04-s7-initial-7011d0cd-2b3f-4dff-bede-dd61ddb547e8,E04 r2,profile,190,300,0,263.1,11,6,296
E04-s7-initial-7011d0cd-2b3f-4dff-bede-dd61ddb547e8,E04 r2,profile,200,300,0,192.05,39,19,281
E04-s7-initial-7011d0cd-2b3f-4dff-bede-dd61ddb547e8,E04 r2,profile,210,300,0,185.10000000000002,24,21,290
E04-s7-initial-7011d0cd-2b3f-4dff-bede-dd61ddb547e8,E04 r2,profile,220,300,0,177.05,18,11,290
E04-s7-initial-7011d0cd-2b3f-4dff-bede-dd61ddb547e8,E04 r2,profile,230,300,0,169.05,34,25,290
E04-s7-initial-7011d0cd-2b3f-4dff-bede-dd61ddb547e8,E04 r2,profile,240,300,0,168.15000000000003,30,20,282
E04-s7-initial-7011d0cd-2b3f-4dff-bede-dd61ddb547e8,E04 r2,profile,250,300,0,176.0,50,40,260
E04-s7-initial-7011d0cd-2b3f-4dff-bede-dd61ddb547e8,E04 r2,profile,260,300,0,189.05,65,29,253
E04-s7-initial-7011d0cd-2b3f-4dff-bede-dd61ddb547e8,E04 r2,profile,270,300,0,183.05,64,44,243
E04-s7-initial-7011d0cd-2b3f-4dff-bede-dd61ddb547e8,E04 r2,profile,280,300,0,181.05,38,17,270
E04-s7-initial-7011d0cd-2b3f-4dff-bede-dd61ddb547e8,E04 r2,profile,290,300,0,158.0,52,52,270
E02-s7-initial-3e90f19d-82b1-4bd2-9510-97168c271f60,E02 r2,quote,0,700,0,221.0,700,700,0
E02-s7-initial-3e90f19d-82b1-4bd2-9510-97168c271f60,E02 r2,quote,10,700,0,218.0,700,699,0
E02-s7-initial-3e90f19d-82b1-4bd2-9510-97168c271f60,E02 r2,quote,20,700,0,219.0,700,700,0
E02-s7-initial-3e90f19d-82b1-4bd2-9510-97168c271f60,E02 r2,quote,30,700,0,221.0,700,699,0
E02-s7-initial-3e90f19d-82b1-4bd2-9510-97168c271f60,E02 r2,quote,40,700,0,218.0,700,699,0
E02-s7-initial-3e90f19d-82b1-4bd2-9510-97168c271f60,E02 r2,quote,50,700,0,220.0,700,700,0
E02-s7-initial-3e90f19d-82b1-4bd2-9510-97168c271f60,E02 r2,quote,60,700,0,218.0,700,700,0
E02-s7-initial-3e90f19d-82b1-4bd2-9510-97168c271f60,E02 r2,quote,70,700,0,218.0,700,700,0
E02-s7-initial-3e90f19d-82b1-4bd2-9510-97168c271f60,E02 r2,quote,80,700,0,222.0,700,699,0
E02-s7-initial-3e90f19d-82b1-4bd2-9510-97168c271f60,E02 r2,quote,90,700,0,224.0,700,700,0
E02-s7-initial-3e90f19d-82b1-4bd2-9510-97168c271f60,E02 r2,quote,100,700,0,223.0,700,699,0
E02-s7-initial-3e90f19d-82b1-4bd2-9510-97168c271f60,E02 r2,quote,110,700,0,221.0,700,699,0
E02-s7-initial-3e90f19d-82b1-4bd2-9510-97168c271f60,E02 r2,quote,120,700,0,216.04999999999995,700,699,0
E02-s7-initial-3e90f19d-82b1-4bd2-9510-97168c271f60,E02 r2,quote,130,700,0,217.0,700,700,0
E02-s7-initial-3e90f19d-82b1-4bd2-9510-97168c271f60,E02 r2,quote,140,700,0,222.0,700,699,0
E02-s7-initial-3e90f19d-82b1-4bd2-9510-97168c271f60,E02 r2,quote,150,700,0,221.0,700,698,0
E02-s7-initial-3e90f19d-82b1-4bd2-9510-97168c271f60,E02 r2,quote,160,700,0,218.04999999999995,700,700,0
E02-s7-initial-3e90f19d-82b1-4bd2-9510-97168c271f60,E02 r2,quote,170,700,0,218.0,700,700,0
E02-s7-initial-3e90f19d-82b1-4bd2-9510-97168c271f60,E02 r2,quote,180,700,0,223.0,700,700,0
E02-s7-initial-3e90f19d-82b1-4bd2-9510-97168c271f60,E02 r2,quote,190,700,0,216.0,700,700,0
E02-s7-initial-3e90f19d-82b1-4bd2-9510-97168c271f60,E02 r2,quote,200,700,0,217.0,700,700,0
E02-s7-initial-3e90f19d-82b1-4bd2-9510-97168c271f60,E02 r2,quote,210,700,0,217.04999999999995,700,700,0
E02-s7-initial-3e90f19d-82b1-4bd2-9510-97168c271f60,E02 r2,quote,220,700,0,217.0,700,700,0
E02-s7-initial-3e90f19d-82b1-4bd2-9510-97168c271f60,E02 r2,quote,230,700,0,216.0,700,700,0
E02-s7-initial-3e90f19d-82b1-4bd2-9510-97168c271f60,E02 r2,quote,240,700,0,217.0,700,700,0
E02-s7-initial-3e90f19d-82b1-4bd2-9510-97168c271f60,E02 r2,quote,250,700,0,219.04999999999995,700,700,0
E02-s7-initial-3e90f19d-82b1-4bd2-9510-97168c271f60,E02 r2,quote,260,700,0,222.0,700,700,0
E02-s7-initial-3e90f19d-82b1-4bd2-9510-97168c271f60,E02 r2,quote,270,700,0,217.04999999999995,700,700,0
E02-s7-initial-3e90f19d-82b1-4bd2-9510-97168c271f60,E02 r2,quote,280,700,0,217.04999999999995,700,700,0
E02-s7-initial-3e90f19d-82b1-4bd2-9510-97168c271f60,E02 r2,quote,290,700,0,219.04999999999995,700,700,0
E02-s7-initial-3e90f19d-82b1-4bd2-9510-97168c271f60,E02 r2,profile,0,300,0,216.0,300,300,0
E02-s7-initial-3e90f19d-82b1-4bd2-9510-97168c271f60,E02 r2,profile,10,300,0,215.05,300,300,0
E02-s7-initial-3e90f19d-82b1-4bd2-9510-97168c271f60,E02 r2,profile,20,300,0,218.0,300,300,0
E02-s7-initial-3e90f19d-82b1-4bd2-9510-97168c271f60,E02 r2,profile,30,300,0,221.05,300,300,0
E02-s7-initial-3e90f19d-82b1-4bd2-9510-97168c271f60,E02 r2,profile,40,300,0,215.15000000000003,300,300,0
E02-s7-initial-3e90f19d-82b1-4bd2-9510-97168c271f60,E02 r2,profile,50,300,0,217.0,300,300,0
E02-s7-initial-3e90f19d-82b1-4bd2-9510-97168c271f60,E02 r2,profile,60,300,0,212.05,300,300,0
E02-s7-initial-3e90f19d-82b1-4bd2-9510-97168c271f60,E02 r2,profile,70,300,0,215.0,300,300,0
E02-s7-initial-3e90f19d-82b1-4bd2-9510-97168c271f60,E02 r2,profile,80,300,0,214.0,300,300,0
E02-s7-initial-3e90f19d-82b1-4bd2-9510-97168c271f60,E02 r2,profile,90,300,0,216.0,300,300,0
E02-s7-initial-3e90f19d-82b1-4bd2-9510-97168c271f60,E02 r2,profile,100,300,0,212.0,300,300,0
E02-s7-initial-3e90f19d-82b1-4bd2-9510-97168c271f60,E02 r2,profile,110,300,0,213.0,300,300,0
E02-s7-initial-3e90f19d-82b1-4bd2-9510-97168c271f60,E02 r2,profile,120,300,0,210.0,300,300,0
E02-s7-initial-3e90f19d-82b1-4bd2-9510-97168c271f60,E02 r2,profile,130,300,0,213.0,300,300,0
E02-s7-initial-3e90f19d-82b1-4bd2-9510-97168c271f60,E02 r2,profile,140,300,0,212.05,300,300,0
E02-s7-initial-3e90f19d-82b1-4bd2-9510-97168c271f60,E02 r2,profile,150,300,0,214.05,300,299,0
E02-s7-initial-3e90f19d-82b1-4bd2-9510-97168c271f60,E02 r2,profile,160,300,0,212.05,300,300,0
E02-s7-initial-3e90f19d-82b1-4bd2-9510-97168c271f60,E02 r2,profile,170,300,0,212.0,300,300,0
E02-s7-initial-3e90f19d-82b1-4bd2-9510-97168c271f60,E02 r2,profile,180,300,0,213.0,300,300,0
E02-s7-initial-3e90f19d-82b1-4bd2-9510-97168c271f60,E02 r2,profile,190,300,0,211.0,300,299,0
E02-s7-initial-3e90f19d-82b1-4bd2-9510-97168c271f60,E02 r2,profile,200,300,0,209.0,300,300,0
E02-s7-initial-3e90f19d-82b1-4bd2-9510-97168c271f60,E02 r2,profile,210,300,0,211.0,300,300,0
E02-s7-initial-3e90f19d-82b1-4bd2-9510-97168c271f60,E02 r2,profile,220,300,0,213.0,300,300,0
E02-s7-initial-3e90f19d-82b1-4bd2-9510-97168c271f60,E02 r2,profile,230,300,0,218.0,300,300,0
E02-s7-initial-3e90f19d-82b1-4bd2-9510-97168c271f60,E02 r2,profile,240,300,0,210.10000000000002,300,300,0
E02-s7-initial-3e90f19d-82b1-4bd2-9510-97168c271f60,E02 r2,profile,250,300,0,213.0,300,300,0
E02-s7-initial-3e90f19d-82b1-4bd2-9510-97168c271f60,E02 r2,profile,260,300,0,214.0,300,300,0
E02-s7-initial-3e90f19d-82b1-4bd2-9510-97168c271f60,E02 r2,profile,270,300,0,217.0,300,300,0
E02-s7-initial-3e90f19d-82b1-4bd2-9510-97168c271f60,E02 r2,profile,280,300,0,215.20000000000005,300,300,0
E02-s7-initial-3e90f19d-82b1-4bd2-9510-97168c271f60,E02 r2,profile,290,300,0,214.0,300,300,0
E03-s7-initial-a17bc42f-5905-4b43-bce2-cba0b2f89a12,E03 r2,quote,0,700,0,175.04999999999995,20,0,700
E03-s7-initial-a17bc42f-5905-4b43-bce2-cba0b2f89a12,E03 r2,quote,10,700,0,172.04999999999995,16,0,700
E03-s7-initial-a17bc42f-5905-4b43-bce2-cba0b2f89a12,E03 r2,quote,20,700,0,171.04999999999995,9,0,700
E03-s7-initial-a17bc42f-5905-4b43-bce2-cba0b2f89a12,E03 r2,quote,30,700,0,173.04999999999995,16,0,700
E03-s7-initial-a17bc42f-5905-4b43-bce2-cba0b2f89a12,E03 r2,quote,40,700,0,178.0,20,0,700
E03-s7-initial-a17bc42f-5905-4b43-bce2-cba0b2f89a12,E03 r2,quote,50,700,0,175.04999999999995,9,0,700
E03-s7-initial-a17bc42f-5905-4b43-bce2-cba0b2f89a12,E03 r2,quote,60,700,0,189.04999999999995,28,0,684
E03-s7-initial-a17bc42f-5905-4b43-bce2-cba0b2f89a12,E03 r2,quote,70,700,0,258.04999999999995,45,0,678
E03-s7-initial-a17bc42f-5905-4b43-bce2-cba0b2f89a12,E03 r2,quote,80,700,0,180.04999999999995,12,0,698
E03-s7-initial-a17bc42f-5905-4b43-bce2-cba0b2f89a12,E03 r2,quote,90,700,0,181.0,9,0,700
E03-s7-initial-a17bc42f-5905-4b43-bce2-cba0b2f89a12,E03 r2,quote,100,700,0,191.14999999999986,28,0,700
E03-s7-initial-a17bc42f-5905-4b43-bce2-cba0b2f89a12,E03 r2,quote,110,700,0,164.0,10,0,700
E03-s7-initial-a17bc42f-5905-4b43-bce2-cba0b2f89a12,E03 r2,quote,120,700,0,162.0,9,0,700
E03-s7-initial-a17bc42f-5905-4b43-bce2-cba0b2f89a12,E03 r2,quote,130,700,0,179.4499999999996,28,0,700
E03-s7-initial-a17bc42f-5905-4b43-bce2-cba0b2f89a12,E03 r2,quote,140,700,0,166.14999999999986,11,0,700
E03-s7-initial-a17bc42f-5905-4b43-bce2-cba0b2f89a12,E03 r2,quote,150,700,0,164.04999999999995,8,0,700
E03-s7-initial-a17bc42f-5905-4b43-bce2-cba0b2f89a12,E03 r2,quote,160,700,0,175.14999999999986,29,0,700
E03-s7-initial-a17bc42f-5905-4b43-bce2-cba0b2f89a12,E03 r2,quote,170,700,0,163.0,11,0,700
E03-s7-initial-a17bc42f-5905-4b43-bce2-cba0b2f89a12,E03 r2,quote,180,700,0,160.0,8,0,700
E03-s7-initial-a17bc42f-5905-4b43-bce2-cba0b2f89a12,E03 r2,quote,190,700,0,182.0,28,0,700
E03-s7-initial-a17bc42f-5905-4b43-bce2-cba0b2f89a12,E03 r2,quote,200,700,0,172.0,12,0,700
E03-s7-initial-a17bc42f-5905-4b43-bce2-cba0b2f89a12,E03 r2,quote,210,700,0,171.04999999999995,8,0,700
E03-s7-initial-a17bc42f-5905-4b43-bce2-cba0b2f89a12,E03 r2,quote,220,700,0,174.04999999999995,27,0,700
E03-s7-initial-a17bc42f-5905-4b43-bce2-cba0b2f89a12,E03 r2,quote,230,700,0,165.04999999999995,12,0,700
E03-s7-initial-a17bc42f-5905-4b43-bce2-cba0b2f89a12,E03 r2,quote,240,700,0,162.0,8,0,700
E03-s7-initial-a17bc42f-5905-4b43-bce2-cba0b2f89a12,E03 r2,quote,250,700,1,181.0999999999999,28,0,700
E03-s7-initial-a17bc42f-5905-4b43-bce2-cba0b2f89a12,E03 r2,quote,260,700,0,168.04999999999995,10,0,700
E03-s7-initial-a17bc42f-5905-4b43-bce2-cba0b2f89a12,E03 r2,quote,270,700,0,163.0,9,0,700
E03-s7-initial-a17bc42f-5905-4b43-bce2-cba0b2f89a12,E03 r2,quote,280,700,0,172.19999999999982,29,0,700
E03-s7-initial-a17bc42f-5905-4b43-bce2-cba0b2f89a12,E03 r2,quote,290,700,0,163.04999999999995,10,0,700
E03-s7-initial-a17bc42f-5905-4b43-bce2-cba0b2f89a12,E03 r2,profile,0,300,0,174.10000000000002,7,0,300
E03-s7-initial-a17bc42f-5905-4b43-bce2-cba0b2f89a12,E03 r2,profile,10,300,0,259.1,19,0,296
E03-s7-initial-a17bc42f-5905-4b43-bce2-cba0b2f89a12,E03 r2,profile,20,300,0,261.1,19,0,284
E03-s7-initial-a17bc42f-5905-4b43-bce2-cba0b2f89a12,E03 r2,profile,30,300,0,173.05,6,0,300
E03-s7-initial-a17bc42f-5905-4b43-bce2-cba0b2f89a12,E03 r2,profile,40,300,0,220.90000000000043,15,0,300
E03-s7-initial-a17bc42f-5905-4b43-bce2-cba0b2f89a12,E03 r2,profile,50,300,0,173.20000000000005,4,0,300
E03-s7-initial-a17bc42f-5905-4b43-bce2-cba0b2f89a12,E03 r2,profile,60,300,0,168.10000000000002,7,0,300
E03-s7-initial-a17bc42f-5905-4b43-bce2-cba0b2f89a12,E03 r2,profile,70,300,0,259.0,17,0,297
E03-s7-initial-a17bc42f-5905-4b43-bce2-cba0b2f89a12,E03 r2,profile,80,300,0,180.15000000000003,11,0,293
E03-s7-initial-a17bc42f-5905-4b43-bce2-cba0b2f89a12,E03 r2,profile,90,300,0,172.25000000000006,11,0,297
E03-s7-initial-a17bc42f-5905-4b43-bce2-cba0b2f89a12,E03 r2,profile,100,300,0,260.0,21,0,293
E03-s7-initial-a17bc42f-5905-4b43-bce2-cba0b2f89a12,E03 r2,profile,110,300,0,160.05,4,0,300
E03-s7-initial-a17bc42f-5905-4b43-bce2-cba0b2f89a12,E03 r2,profile,120,300,0,169.25000000000006,9,0,300
E03-s7-initial-a17bc42f-5905-4b43-bce2-cba0b2f89a12,E03 r2,profile,130,300,0,213.90000000000043,14,0,300
E03-s7-initial-a17bc42f-5905-4b43-bce2-cba0b2f89a12,E03 r2,profile,140,300,0,170.15000000000003,5,0,300
E03-s7-initial-a17bc42f-5905-4b43-bce2-cba0b2f89a12,E03 r2,profile,150,300,0,174.15000000000003,9,0,300
E03-s7-initial-a17bc42f-5905-4b43-bce2-cba0b2f89a12,E03 r2,profile,160,300,0,172.0,13,0,300
E03-s7-initial-a17bc42f-5905-4b43-bce2-cba0b2f89a12,E03 r2,profile,170,300,0,165.05,6,0,300
E03-s7-initial-a17bc42f-5905-4b43-bce2-cba0b2f89a12,E03 r2,profile,180,300,0,177.20000000000005,9,0,300
E03-s7-initial-a17bc42f-5905-4b43-bce2-cba0b2f89a12,E03 r2,profile,190,300,0,171.05,10,0,300
E03-s7-initial-a17bc42f-5905-4b43-bce2-cba0b2f89a12,E03 r2,profile,200,300,0,165.0,9,0,300
E03-s7-initial-a17bc42f-5905-4b43-bce2-cba0b2f89a12,E03 r2,profile,210,300,0,179.05,8,0,300
E03-s7-initial-a17bc42f-5905-4b43-bce2-cba0b2f89a12,E03 r2,profile,220,300,0,174.15000000000003,3,0,300
E03-s7-initial-a17bc42f-5905-4b43-bce2-cba0b2f89a12,E03 r2,profile,230,300,0,256.0,17,0,300
E03-s7-initial-a17bc42f-5905-4b43-bce2-cba0b2f89a12,E03 r2,profile,240,300,0,169.10000000000002,7,0,300
E03-s7-initial-a17bc42f-5905-4b43-bce2-cba0b2f89a12,E03 r2,profile,250,300,0,168.0,2,0,300
E03-s7-initial-a17bc42f-5905-4b43-bce2-cba0b2f89a12,E03 r2,profile,260,300,0,261.05,19,0,300
E03-s7-initial-a17bc42f-5905-4b43-bce2-cba0b2f89a12,E03 r2,profile,270,300,0,166.0,6,0,300
E03-s7-initial-a17bc42f-5905-4b43-bce2-cba0b2f89a12,E03 r2,profile,280,300,0,164.05,3,0,300
E03-s7-initial-a17bc42f-5905-4b43-bce2-cba0b2f89a12,E03 r2,profile,290,300,0,255.05,17,0,300
E07-s7-initial-3cadfecb-4eab-435f-b54b-7e186f16671d,E07 vencido r1,quote,0,700,0,172.0,22,0,700
E07-s7-initial-3cadfecb-4eab-435f-b54b-7e186f16671d,E07 vencido r1,quote,10,700,0,170.0,16,0,700
E07-s7-initial-3cadfecb-4eab-435f-b54b-7e186f16671d,E07 vencido r1,quote,20,700,0,163.04999999999995,7,0,700
E07-s7-initial-3cadfecb-4eab-435f-b54b-7e186f16671d,E07 vencido r1,quote,30,700,0,166.0,21,0,700
E07-s7-initial-3cadfecb-4eab-435f-b54b-7e186f16671d,E07 vencido r1,quote,40,700,0,163.04999999999995,16,0,700
E07-s7-initial-3cadfecb-4eab-435f-b54b-7e186f16671d,E07 vencido r1,quote,50,700,0,158.04999999999995,9,0,700
E07-s7-initial-3cadfecb-4eab-435f-b54b-7e186f16671d,E07 vencido r1,quote,60,700,0,165.04999999999995,15,0,700
E07-s7-initial-3cadfecb-4eab-435f-b54b-7e186f16671d,E07 vencido r1,quote,70,700,0,166.0,22,0,700
E07-s7-initial-3cadfecb-4eab-435f-b54b-7e186f16671d,E07 vencido r1,quote,80,700,0,159.04999999999995,7,0,700
E07-s7-initial-3cadfecb-4eab-435f-b54b-7e186f16671d,E07 vencido r1,quote,90,700,0,163.0,15,0,700
E07-s7-initial-3cadfecb-4eab-435f-b54b-7e186f16671d,E07 vencido r1,quote,100,700,0,170.04999999999995,22,0,700
E07-s7-initial-3cadfecb-4eab-435f-b54b-7e186f16671d,E07 vencido r1,quote,110,700,0,163.0,9,0,700
E07-s7-initial-3cadfecb-4eab-435f-b54b-7e186f16671d,E07 vencido r1,quote,120,700,0,163.0,14,0,700
E07-s7-initial-3cadfecb-4eab-435f-b54b-7e186f16671d,E07 vencido r1,quote,130,700,0,172.0,23,0,700
E07-s7-initial-3cadfecb-4eab-435f-b54b-7e186f16671d,E07 vencido r1,quote,140,700,0,161.0,9,0,700
E07-s7-initial-3cadfecb-4eab-435f-b54b-7e186f16671d,E07 vencido r1,quote,150,700,0,160.0,20,0,692
E07-s7-initial-3cadfecb-4eab-435f-b54b-7e186f16671d,E07 vencido r1,quote,160,700,0,168.0,26,0,698
E07-s7-initial-3cadfecb-4eab-435f-b54b-7e186f16671d,E07 vencido r1,quote,170,700,0,163.0,9,0,700
E07-s7-initial-3cadfecb-4eab-435f-b54b-7e186f16671d,E07 vencido r1,quote,180,700,0,168.04999999999995,21,0,690
E07-s7-initial-3cadfecb-4eab-435f-b54b-7e186f16671d,E07 vencido r1,quote,190,700,0,170.04999999999995,26,0,700
E07-s7-initial-3cadfecb-4eab-435f-b54b-7e186f16671d,E07 vencido r1,quote,200,700,0,164.04999999999995,9,0,700
E07-s7-initial-3cadfecb-4eab-435f-b54b-7e186f16671d,E07 vencido r1,quote,210,700,0,171.04999999999995,11,0,700
E07-s7-initial-3cadfecb-4eab-435f-b54b-7e186f16671d,E07 vencido r1,quote,220,700,0,180.0,27,0,700
E07-s7-initial-3cadfecb-4eab-435f-b54b-7e186f16671d,E07 vencido r1,quote,230,700,0,158.04999999999995,8,0,700
E07-s7-initial-3cadfecb-4eab-435f-b54b-7e186f16671d,E07 vencido r1,quote,240,700,0,163.04999999999995,12,0,700
E07-s7-initial-3cadfecb-4eab-435f-b54b-7e186f16671d,E07 vencido r1,quote,250,700,0,174.04999999999995,26,0,700
E07-s7-initial-3cadfecb-4eab-435f-b54b-7e186f16671d,E07 vencido r1,quote,260,700,0,159.0,9,0,700
E07-s7-initial-3cadfecb-4eab-435f-b54b-7e186f16671d,E07 vencido r1,quote,270,700,0,161.04999999999995,12,0,700
E07-s7-initial-3cadfecb-4eab-435f-b54b-7e186f16671d,E07 vencido r1,quote,280,700,0,168.0,24,0,700
E07-s7-initial-3cadfecb-4eab-435f-b54b-7e186f16671d,E07 vencido r1,quote,290,700,0,164.04999999999995,9,0,700
E07-s7-initial-3cadfecb-4eab-435f-b54b-7e186f16671d,E07 vencido r1,profile,0,300,0,167.20000000000005,6,0,300
E07-s7-initial-3cadfecb-4eab-435f-b54b-7e186f16671d,E07 vencido r1,profile,10,300,0,182.05,17,0,300
E07-s7-initial-3cadfecb-4eab-435f-b54b-7e186f16671d,E07 vencido r1,profile,20,300,0,170.10000000000002,5,0,300
E07-s7-initial-3cadfecb-4eab-435f-b54b-7e186f16671d,E07 vencido r1,profile,30,300,0,169.05,6,0,300
E07-s7-initial-3cadfecb-4eab-435f-b54b-7e186f16671d,E07 vencido r1,profile,40,300,0,180.0,17,0,300
E07-s7-initial-3cadfecb-4eab-435f-b54b-7e186f16671d,E07 vencido r1,profile,50,300,0,158.05,4,0,300
E07-s7-initial-3cadfecb-4eab-435f-b54b-7e186f16671d,E07 vencido r1,profile,60,300,0,162.0,7,0,300
E07-s7-initial-3cadfecb-4eab-435f-b54b-7e186f16671d,E07 vencido r1,profile,70,300,0,180.05,16,0,300
E07-s7-initial-3cadfecb-4eab-435f-b54b-7e186f16671d,E07 vencido r1,profile,80,300,0,171.10000000000002,4,0,300
E07-s7-initial-3cadfecb-4eab-435f-b54b-7e186f16671d,E07 vencido r1,profile,90,300,0,170.20000000000005,8,0,300
E07-s7-initial-3cadfecb-4eab-435f-b54b-7e186f16671d,E07 vencido r1,profile,100,300,0,180.0,15,0,300
E07-s7-initial-3cadfecb-4eab-435f-b54b-7e186f16671d,E07 vencido r1,profile,110,300,0,169.0,5,0,300
E07-s7-initial-3cadfecb-4eab-435f-b54b-7e186f16671d,E07 vencido r1,profile,120,300,0,168.15000000000003,6,0,300
E07-s7-initial-3cadfecb-4eab-435f-b54b-7e186f16671d,E07 vencido r1,profile,130,300,0,186.05,16,0,300
E07-s7-initial-3cadfecb-4eab-435f-b54b-7e186f16671d,E07 vencido r1,profile,140,300,0,172.0,6,0,300
E07-s7-initial-3cadfecb-4eab-435f-b54b-7e186f16671d,E07 vencido r1,profile,150,300,0,166.0,5,0,300
E07-s7-initial-3cadfecb-4eab-435f-b54b-7e186f16671d,E07 vencido r1,profile,160,300,0,179.05,16,0,300
E07-s7-initial-3cadfecb-4eab-435f-b54b-7e186f16671d,E07 vencido r1,profile,170,300,0,174.05,6,0,300
E07-s7-initial-3cadfecb-4eab-435f-b54b-7e186f16671d,E07 vencido r1,profile,180,300,0,165.10000000000002,6,0,300
E07-s7-initial-3cadfecb-4eab-435f-b54b-7e186f16671d,E07 vencido r1,profile,190,300,0,179.0,14,0,300
E07-s7-initial-3cadfecb-4eab-435f-b54b-7e186f16671d,E07 vencido r1,profile,200,300,0,174.05,8,0,300
E07-s7-initial-3cadfecb-4eab-435f-b54b-7e186f16671d,E07 vencido r1,profile,210,300,0,179.05,5,0,300
E07-s7-initial-3cadfecb-4eab-435f-b54b-7e186f16671d,E07 vencido r1,profile,220,300,0,179.10000000000002,14,0,300
E07-s7-initial-3cadfecb-4eab-435f-b54b-7e186f16671d,E07 vencido r1,profile,230,300,0,173.10000000000002,9,0,300
E07-s7-initial-3cadfecb-4eab-435f-b54b-7e186f16671d,E07 vencido r1,profile,240,300,0,166.05,4,0,300
E07-s7-initial-3cadfecb-4eab-435f-b54b-7e186f16671d,E07 vencido r1,profile,250,300,0,172.05,10,0,300
E07-s7-initial-3cadfecb-4eab-435f-b54b-7e186f16671d,E07 vencido r1,profile,260,300,0,183.05,14,0,300
E07-s7-initial-3cadfecb-4eab-435f-b54b-7e186f16671d,E07 vencido r1,profile,270,300,0,166.05,4,0,300
E07-s7-initial-3cadfecb-4eab-435f-b54b-7e186f16671d,E07 vencido r1,profile,280,300,0,175.0,9,0,300
E07-s7-initial-3cadfecb-4eab-435f-b54b-7e186f16671d,E07 vencido r1,profile,290,300,0,181.0,14,0,300
E07-s7-initial-9729c51a-b891-414f-97ae-786f7c866da4,E07 vencido r3,quote,0,700,0,172.04999999999995,30,0,700
E07-s7-initial-9729c51a-b891-414f-97ae-786f7c866da4,E07 vencido r3,quote,10,700,0,163.0,12,0,700
E07-s7-initial-9729c51a-b891-414f-97ae-786f7c866da4,E07 vencido r3,quote,20,700,0,161.04999999999995,3,0,700
E07-s7-initial-9729c51a-b891-414f-97ae-786f7c866da4,E07 vencido r3,quote,30,700,0,166.0,25,0,700
E07-s7-initial-9729c51a-b891-414f-97ae-786f7c866da4,E07 vencido r3,quote,40,700,0,166.0,17,0,700
E07-s7-initial-9729c51a-b891-414f-97ae-786f7c866da4,E07 vencido r3,quote,50,700,0,159.0,3,0,700
E07-s7-initial-9729c51a-b891-414f-97ae-786f7c866da4,E07 vencido r3,quote,60,700,0,162.0,16,0,700
E07-s7-initial-9729c51a-b891-414f-97ae-786f7c866da4,E07 vencido r3,quote,70,700,0,171.04999999999995,26,0,700
E07-s7-initial-9729c51a-b891-414f-97ae-786f7c866da4,E07 vencido r3,quote,80,700,0,160.04999999999995,3,0,700
E07-s7-initial-9729c51a-b891-414f-97ae-786f7c866da4,E07 vencido r3,quote,90,700,0,161.0,11,0,700
E07-s7-initial-9729c51a-b891-414f-97ae-786f7c866da4,E07 vencido r3,quote,100,700,0,173.0999999999999,31,0,700
E07-s7-initial-9729c51a-b891-414f-97ae-786f7c866da4,E07 vencido r3,quote,110,700,0,156.0,3,0,700
E07-s7-initial-9729c51a-b891-414f-97ae-786f7c866da4,E07 vencido r3,quote,120,700,0,161.0,11,0,700
E07-s7-initial-9729c51a-b891-414f-97ae-786f7c866da4,E07 vencido r3,quote,130,700,0,171.04999999999995,30,0,700
E07-s7-initial-9729c51a-b891-414f-97ae-786f7c866da4,E07 vencido r3,quote,140,700,0,159.04999999999995,4,0,700
E07-s7-initial-9729c51a-b891-414f-97ae-786f7c866da4,E07 vencido r3,quote,150,700,0,158.0,9,0,700
E07-s7-initial-9729c51a-b891-414f-97ae-786f7c866da4,E07 vencido r3,quote,160,700,0,172.04999999999995,32,0,700
E07-s7-initial-9729c51a-b891-414f-97ae-786f7c866da4,E07 vencido r3,quote,170,700,0,157.0,4,0,700
E07-s7-initial-9729c51a-b891-414f-97ae-786f7c866da4,E07 vencido r3,quote,180,700,0,161.04999999999995,9,0,700
E07-s7-initial-9729c51a-b891-414f-97ae-786f7c866da4,E07 vencido r3,quote,190,700,0,174.04999999999995,31,0,700
E07-s7-initial-9729c51a-b891-414f-97ae-786f7c866da4,E07 vencido r3,quote,200,700,0,159.04999999999995,4,0,700
E07-s7-initial-9729c51a-b891-414f-97ae-786f7c866da4,E07 vencido r3,quote,210,700,0,162.04999999999995,10,0,700
E07-s7-initial-9729c51a-b891-414f-97ae-786f7c866da4,E07 vencido r3,quote,220,700,0,175.04999999999995,31,0,700
E07-s7-initial-9729c51a-b891-414f-97ae-786f7c866da4,E07 vencido r3,quote,230,700,0,156.0,4,0,700
E07-s7-initial-9729c51a-b891-414f-97ae-786f7c866da4,E07 vencido r3,quote,240,700,0,166.0,10,0,700
E07-s7-initial-9729c51a-b891-414f-97ae-786f7c866da4,E07 vencido r3,quote,250,700,0,181.04999999999995,31,0,700
E07-s7-initial-9729c51a-b891-414f-97ae-786f7c866da4,E07 vencido r3,quote,260,700,0,164.0,4,0,700
E07-s7-initial-9729c51a-b891-414f-97ae-786f7c866da4,E07 vencido r3,quote,270,700,0,162.04999999999995,9,0,700
E07-s7-initial-9729c51a-b891-414f-97ae-786f7c866da4,E07 vencido r3,quote,280,700,0,170.04999999999995,30,0,700
E07-s7-initial-9729c51a-b891-414f-97ae-786f7c866da4,E07 vencido r3,quote,290,700,1,160.04999999999995,6,0,700
E07-s7-initial-9729c51a-b891-414f-97ae-786f7c866da4,E07 vencido r3,profile,0,300,0,167.10000000000002,7,0,300
E07-s7-initial-9729c51a-b891-414f-97ae-786f7c866da4,E07 vencido r3,profile,10,300,0,180.0,15,0,300
E07-s7-initial-9729c51a-b891-414f-97ae-786f7c866da4,E07 vencido r3,profile,20,300,0,165.0,2,0,300
E07-s7-initial-9729c51a-b891-414f-97ae-786f7c866da4,E07 vencido r3,profile,30,300,0,167.15000000000003,7,0,300
E07-s7-initial-9729c51a-b891-414f-97ae-786f7c866da4,E07 vencido r3,profile,40,300,0,181.0,15,0,300
E07-s7-initial-9729c51a-b891-414f-97ae-786f7c866da4,E07 vencido r3,profile,50,300,0,157.05,2,0,300
E07-s7-initial-9729c51a-b891-414f-97ae-786f7c866da4,E07 vencido r3,profile,60,300,0,165.05,7,0,300
E07-s7-initial-9729c51a-b891-414f-97ae-786f7c866da4,E07 vencido r3,profile,70,300,0,177.05,13,0,300
E07-s7-initial-9729c51a-b891-414f-97ae-786f7c866da4,E07 vencido r3,profile,80,300,0,164.05,4,0,300
E07-s7-initial-9729c51a-b891-414f-97ae-786f7c866da4,E07 vencido r3,profile,90,300,0,162.05,6,0,300
E07-s7-initial-9729c51a-b891-414f-97ae-786f7c866da4,E07 vencido r3,profile,100,300,0,175.05,14,0,300
E07-s7-initial-9729c51a-b891-414f-97ae-786f7c866da4,E07 vencido r3,profile,110,300,0,159.05,4,0,300
E07-s7-initial-9729c51a-b891-414f-97ae-786f7c866da4,E07 vencido r3,profile,120,300,0,167.0,6,0,300
E07-s7-initial-9729c51a-b891-414f-97ae-786f7c866da4,E07 vencido r3,profile,130,300,0,191.05,17,0,297
E07-s7-initial-9729c51a-b891-414f-97ae-786f7c866da4,E07 vencido r3,profile,140,300,0,167.05,11,0,293
E07-s7-initial-9729c51a-b891-414f-97ae-786f7c866da4,E07 vencido r3,profile,150,300,0,163.0,6,0,300
E07-s7-initial-9729c51a-b891-414f-97ae-786f7c866da4,E07 vencido r3,profile,160,300,0,169.05,12,0,300
E07-s7-initial-9729c51a-b891-414f-97ae-786f7c866da4,E07 vencido r3,profile,170,300,0,161.05,7,0,300
E07-s7-initial-9729c51a-b891-414f-97ae-786f7c866da4,E07 vencido r3,profile,180,300,0,164.0,6,0,300
E07-s7-initial-9729c51a-b891-414f-97ae-786f7c866da4,E07 vencido r3,profile,190,300,0,173.0,12,0,300
E07-s7-initial-9729c51a-b891-414f-97ae-786f7c866da4,E07 vencido r3,profile,200,300,0,166.20000000000005,7,0,300
E07-s7-initial-9729c51a-b891-414f-97ae-786f7c866da4,E07 vencido r3,profile,210,300,0,163.05,5,0,300
E07-s7-initial-9729c51a-b891-414f-97ae-786f7c866da4,E07 vencido r3,profile,220,300,0,171.0,8,0,300
E07-s7-initial-9729c51a-b891-414f-97ae-786f7c866da4,E07 vencido r3,profile,230,300,0,183.05,12,0,300
E07-s7-initial-9729c51a-b891-414f-97ae-786f7c866da4,E07 vencido r3,profile,240,300,0,166.0,5,0,300
E07-s7-initial-9729c51a-b891-414f-97ae-786f7c866da4,E07 vencido r3,profile,250,300,0,171.0,7,0,300
E07-s7-initial-9729c51a-b891-414f-97ae-786f7c866da4,E07 vencido r3,profile,260,300,0,178.05,12,0,300
E07-s7-initial-9729c51a-b891-414f-97ae-786f7c866da4,E07 vencido r3,profile,270,300,0,165.0,4,0,300
E07-s7-initial-9729c51a-b891-414f-97ae-786f7c866da4,E07 vencido r3,profile,280,300,0,167.05,8,0,300
E07-s7-initial-9729c51a-b891-414f-97ae-786f7c866da4,E07 vencido r3,profile,290,299,0,175.2999999999999,13,0,299
E04-s7-initial-87c004a6-7d82-48ff-84ba-0588a03c2629,E04 r1,quote,0,700,0,183.0999999999999,270,213,442
E04-s7-initial-87c004a6-7d82-48ff-84ba-0588a03c2629,E04 r1,quote,10,700,0,182.04999999999995,258,199,451
E04-s7-initial-87c004a6-7d82-48ff-84ba-0588a03c2629,E04 r1,quote,20,700,0,188.0,280,200,445
E04-s7-initial-87c004a6-7d82-48ff-84ba-0588a03c2629,E04 r1,quote,30,700,0,192.0,274,170,437
E04-s7-initial-87c004a6-7d82-48ff-84ba-0588a03c2629,E04 r1,quote,40,700,0,181.04999999999995,187,153,519
E04-s7-initial-87c004a6-7d82-48ff-84ba-0588a03c2629,E04 r1,quote,50,700,0,187.04999999999995,191,110,532
E04-s7-initial-87c004a6-7d82-48ff-84ba-0588a03c2629,E04 r1,quote,60,700,0,182.0,185,134,540
E04-s7-initial-87c004a6-7d82-48ff-84ba-0588a03c2629,E04 r1,quote,70,700,0,182.0,166,120,538
E04-s7-initial-87c004a6-7d82-48ff-84ba-0588a03c2629,E04 r1,quote,80,700,1,190.0,226,160,496
E04-s7-initial-87c004a6-7d82-48ff-84ba-0588a03c2629,E04 r1,quote,90,700,0,188.0,213,125,514
E04-s7-initial-87c004a6-7d82-48ff-84ba-0588a03c2629,E04 r1,quote,100,700,0,182.0,157,111,548
E04-s7-initial-87c004a6-7d82-48ff-84ba-0588a03c2629,E04 r1,quote,110,700,0,181.04999999999995,156,116,568
E04-s7-initial-87c004a6-7d82-48ff-84ba-0588a03c2629,E04 r1,quote,120,700,1,187.0,142,83,588
E04-s7-initial-87c004a6-7d82-48ff-84ba-0588a03c2629,E04 r1,quote,130,700,0,171.04999999999995,129,101,580
E04-s7-initial-87c004a6-7d82-48ff-84ba-0588a03c2629,E04 r1,quote,140,700,2,181.0,155,122,563
E04-s7-initial-87c004a6-7d82-48ff-84ba-0588a03c2629,E04 r1,quote,150,700,0,186.04999999999995,167,98,561
E04-s7-initial-87c004a6-7d82-48ff-84ba-0588a03c2629,E04 r1,quote,160,700,0,181.0,135,87,574
E04-s7-initial-87c004a6-7d82-48ff-84ba-0588a03c2629,E04 r1,quote,170,700,0,181.0,121,68,596
E04-s7-initial-87c004a6-7d82-48ff-84ba-0588a03c2629,E04 r1,quote,180,700,0,180.04999999999995,99,62,633
E04-s7-initial-87c004a6-7d82-48ff-84ba-0588a03c2629,E04 r1,quote,190,700,0,169.0,49,21,664
E04-s7-initial-87c004a6-7d82-48ff-84ba-0588a03c2629,E04 r1,quote,200,700,0,163.0,20,14,696
E04-s7-initial-87c004a6-7d82-48ff-84ba-0588a03c2629,E04 r1,quote,210,700,0,166.04999999999995,39,28,692
E04-s7-initial-87c004a6-7d82-48ff-84ba-0588a03c2629,E04 r1,quote,220,700,0,164.0,60,47,668
E04-s7-initial-87c004a6-7d82-48ff-84ba-0588a03c2629,E04 r1,quote,230,700,0,164.0,57,47,659
E04-s7-initial-87c004a6-7d82-48ff-84ba-0588a03c2629,E04 r1,quote,240,700,0,177.04999999999995,90,55,638
E04-s7-initial-87c004a6-7d82-48ff-84ba-0588a03c2629,E04 r1,quote,250,700,0,167.04999999999995,92,73,637
E04-s7-initial-87c004a6-7d82-48ff-84ba-0588a03c2629,E04 r1,quote,260,700,0,171.0,69,37,644
E04-s7-initial-87c004a6-7d82-48ff-84ba-0588a03c2629,E04 r1,quote,270,700,0,159.0,50,41,686
E04-s7-initial-87c004a6-7d82-48ff-84ba-0588a03c2629,E04 r1,quote,280,700,0,160.0,41,26,683
E04-s7-initial-87c004a6-7d82-48ff-84ba-0588a03c2629,E04 r1,quote,290,700,0,162.0,47,27,661
E04-s7-initial-87c004a6-7d82-48ff-84ba-0588a03c2629,E04 r1,profile,0,300,0,161.0,13,8,290
E04-s7-initial-87c004a6-7d82-48ff-84ba-0588a03c2629,E04 r1,profile,10,300,0,184.0,52,26,286
E04-s7-initial-87c004a6-7d82-48ff-84ba-0588a03c2629,E04 r1,profile,20,300,0,164.05,10,4,294
E04-s7-initial-87c004a6-7d82-48ff-84ba-0588a03c2629,E04 r1,profile,30,300,0,159.05,4,4,300
E04-s7-initial-87c004a6-7d82-48ff-84ba-0588a03c2629,E04 r1,profile,40,300,0,166.0,38,34,300
E04-s7-initial-87c004a6-7d82-48ff-84ba-0588a03c2629,E04 r1,profile,50,300,0,160.05,21,16,291
E04-s7-initial-87c004a6-7d82-48ff-84ba-0588a03c2629,E04 r1,profile,60,300,0,166.05,24,16,278
E04-s7-initial-87c004a6-7d82-48ff-84ba-0588a03c2629,E04 r1,profile,70,300,0,166.0,66,58,267
E04-s7-initial-87c004a6-7d82-48ff-84ba-0588a03c2629,E04 r1,profile,80,300,0,180.0,59,47,252
E04-s7-initial-87c004a6-7d82-48ff-84ba-0588a03c2629,E04 r1,profile,90,300,0,193.0,50,26,250
E04-s7-initial-87c004a6-7d82-48ff-84ba-0588a03c2629,E04 r1,profile,100,300,0,189.10000000000002,83,54,241
E04-s7-initial-87c004a6-7d82-48ff-84ba-0588a03c2629,E04 r1,profile,110,300,0,194.0,113,59,195
E04-s7-initial-87c004a6-7d82-48ff-84ba-0588a03c2629,E04 r1,profile,120,300,1,164.0,86,81,215
E04-s7-initial-87c004a6-7d82-48ff-84ba-0588a03c2629,E04 r1,profile,130,300,0,191.10000000000002,101,64,220
E04-s7-initial-87c004a6-7d82-48ff-84ba-0588a03c2629,E04 r1,profile,140,300,0,190.0,88,52,222
E04-s7-initial-87c004a6-7d82-48ff-84ba-0588a03c2629,E04 r1,profile,150,300,0,189.10000000000002,50,21,252
E04-s7-initial-87c004a6-7d82-48ff-84ba-0588a03c2629,E04 r1,profile,160,300,0,162.0,19,18,290
E04-s7-initial-87c004a6-7d82-48ff-84ba-0588a03c2629,E04 r1,profile,170,300,0,172.05,34,24,290
E04-s7-initial-87c004a6-7d82-48ff-84ba-0588a03c2629,E04 r1,profile,180,300,0,162.05,27,25,290
E04-s7-initial-87c004a6-7d82-48ff-84ba-0588a03c2629,E04 r1,profile,190,300,0,164.0,14,7,290
E04-s7-initial-87c004a6-7d82-48ff-84ba-0588a03c2629,E04 r1,profile,200,300,0,184.0,45,27,274
E04-s7-initial-87c004a6-7d82-48ff-84ba-0588a03c2629,E04 r1,profile,210,300,0,173.05,37,31,280
E04-s7-initial-87c004a6-7d82-48ff-84ba-0588a03c2629,E04 r1,profile,220,300,0,165.0,25,20,280
E04-s7-initial-87c004a6-7d82-48ff-84ba-0588a03c2629,E04 r1,profile,230,300,0,172.15000000000003,44,30,280
E04-s7-initial-87c004a6-7d82-48ff-84ba-0588a03c2629,E04 r1,profile,240,300,0,170.20000000000005,37,23,273
E04-s7-initial-87c004a6-7d82-48ff-84ba-0588a03c2629,E04 r1,profile,250,300,0,168.20000000000005,65,53,240
E04-s7-initial-87c004a6-7d82-48ff-84ba-0588a03c2629,E04 r1,profile,260,300,0,185.05,81,35,241
E04-s7-initial-87c004a6-7d82-48ff-84ba-0588a03c2629,E04 r1,profile,270,300,0,163.05,61,49,247
E04-s7-initial-87c004a6-7d82-48ff-84ba-0588a03c2629,E04 r1,profile,280,300,0,180.05,41,19,263
E04-s7-initial-87c004a6-7d82-48ff-84ba-0588a03c2629,E04 r1,profile,290,300,0,157.05,60,60,270
E08-s7-initial-984e8fcb-a22f-4f5b-939c-b2f85ad09001,E08 revocado r2,quote,0,700,0,109.0,0,0,0
E08-s7-initial-984e8fcb-a22f-4f5b-939c-b2f85ad09001,E08 revocado r2,quote,10,700,0,111.0,0,0,0
E08-s7-initial-984e8fcb-a22f-4f5b-939c-b2f85ad09001,E08 revocado r2,quote,20,700,0,109.0,0,0,0
E08-s7-initial-984e8fcb-a22f-4f5b-939c-b2f85ad09001,E08 revocado r2,quote,30,700,0,110.0,0,0,0
E08-s7-initial-984e8fcb-a22f-4f5b-939c-b2f85ad09001,E08 revocado r2,quote,40,700,0,108.0,0,0,0
E08-s7-initial-984e8fcb-a22f-4f5b-939c-b2f85ad09001,E08 revocado r2,quote,50,700,0,108.0,0,0,0
E08-s7-initial-984e8fcb-a22f-4f5b-939c-b2f85ad09001,E08 revocado r2,quote,60,700,2,111.0,0,0,0
E08-s7-initial-984e8fcb-a22f-4f5b-939c-b2f85ad09001,E08 revocado r2,quote,70,700,0,108.0,0,0,0
E08-s7-initial-984e8fcb-a22f-4f5b-939c-b2f85ad09001,E08 revocado r2,quote,80,700,0,109.0,0,0,0
E08-s7-initial-984e8fcb-a22f-4f5b-939c-b2f85ad09001,E08 revocado r2,quote,90,700,0,108.0,0,0,0
E08-s7-initial-984e8fcb-a22f-4f5b-939c-b2f85ad09001,E08 revocado r2,quote,100,700,0,109.0,0,0,0
E08-s7-initial-984e8fcb-a22f-4f5b-939c-b2f85ad09001,E08 revocado r2,quote,110,700,0,108.0,0,0,0
E08-s7-initial-984e8fcb-a22f-4f5b-939c-b2f85ad09001,E08 revocado r2,quote,120,700,0,108.0,0,0,0
E08-s7-initial-984e8fcb-a22f-4f5b-939c-b2f85ad09001,E08 revocado r2,quote,130,700,0,109.0,0,0,0
E08-s7-initial-984e8fcb-a22f-4f5b-939c-b2f85ad09001,E08 revocado r2,quote,140,700,0,108.0,0,0,0
E08-s7-initial-984e8fcb-a22f-4f5b-939c-b2f85ad09001,E08 revocado r2,quote,150,700,0,107.04999999999995,0,0,0
E08-s7-initial-984e8fcb-a22f-4f5b-939c-b2f85ad09001,E08 revocado r2,quote,160,700,0,108.0,0,0,0
E08-s7-initial-984e8fcb-a22f-4f5b-939c-b2f85ad09001,E08 revocado r2,quote,170,700,0,112.0,0,0,0
E08-s7-initial-984e8fcb-a22f-4f5b-939c-b2f85ad09001,E08 revocado r2,quote,180,700,0,107.0,0,0,0
E08-s7-initial-984e8fcb-a22f-4f5b-939c-b2f85ad09001,E08 revocado r2,quote,190,700,0,108.0,0,0,0
E08-s7-initial-984e8fcb-a22f-4f5b-939c-b2f85ad09001,E08 revocado r2,quote,200,700,0,109.04999999999995,0,0,0
E08-s7-initial-984e8fcb-a22f-4f5b-939c-b2f85ad09001,E08 revocado r2,quote,210,700,0,109.0,0,0,0
E08-s7-initial-984e8fcb-a22f-4f5b-939c-b2f85ad09001,E08 revocado r2,quote,220,700,0,112.0,0,0,0
E08-s7-initial-984e8fcb-a22f-4f5b-939c-b2f85ad09001,E08 revocado r2,quote,230,700,0,119.0,0,0,0
E08-s7-initial-984e8fcb-a22f-4f5b-939c-b2f85ad09001,E08 revocado r2,quote,240,700,0,112.0,0,0,0
E08-s7-initial-984e8fcb-a22f-4f5b-939c-b2f85ad09001,E08 revocado r2,quote,250,700,0,118.0,0,0,0
E08-s7-initial-984e8fcb-a22f-4f5b-939c-b2f85ad09001,E08 revocado r2,quote,260,700,0,107.04999999999995,0,0,0
E08-s7-initial-984e8fcb-a22f-4f5b-939c-b2f85ad09001,E08 revocado r2,quote,270,700,0,112.0,0,0,0
E08-s7-initial-984e8fcb-a22f-4f5b-939c-b2f85ad09001,E08 revocado r2,quote,280,700,0,108.0,0,0,0
E08-s7-initial-984e8fcb-a22f-4f5b-939c-b2f85ad09001,E08 revocado r2,quote,290,700,0,107.0,0,0,0
E08-s7-initial-984e8fcb-a22f-4f5b-939c-b2f85ad09001,E08 revocado r2,profile,0,300,0,108.0,0,0,0
E08-s7-initial-984e8fcb-a22f-4f5b-939c-b2f85ad09001,E08 revocado r2,profile,10,300,0,116.0,0,0,0
E08-s7-initial-984e8fcb-a22f-4f5b-939c-b2f85ad09001,E08 revocado r2,profile,20,300,0,108.05000000000001,0,0,0
E08-s7-initial-984e8fcb-a22f-4f5b-939c-b2f85ad09001,E08 revocado r2,profile,30,300,0,109.0,0,0,0
E08-s7-initial-984e8fcb-a22f-4f5b-939c-b2f85ad09001,E08 revocado r2,profile,40,300,0,109.05000000000001,0,0,0
E08-s7-initial-984e8fcb-a22f-4f5b-939c-b2f85ad09001,E08 revocado r2,profile,50,300,0,108.05000000000001,0,0,0
E08-s7-initial-984e8fcb-a22f-4f5b-939c-b2f85ad09001,E08 revocado r2,profile,60,300,0,115.05000000000001,0,0,0
E08-s7-initial-984e8fcb-a22f-4f5b-939c-b2f85ad09001,E08 revocado r2,profile,70,300,0,109.05000000000001,0,0,0
E08-s7-initial-984e8fcb-a22f-4f5b-939c-b2f85ad09001,E08 revocado r2,profile,80,300,0,110.05000000000001,0,0,0
E08-s7-initial-984e8fcb-a22f-4f5b-939c-b2f85ad09001,E08 revocado r2,profile,90,300,0,114.0,0,0,0
E08-s7-initial-984e8fcb-a22f-4f5b-939c-b2f85ad09001,E08 revocado r2,profile,100,300,0,109.0,0,0,0
E08-s7-initial-984e8fcb-a22f-4f5b-939c-b2f85ad09001,E08 revocado r2,profile,110,300,0,109.05000000000001,0,0,0
E08-s7-initial-984e8fcb-a22f-4f5b-939c-b2f85ad09001,E08 revocado r2,profile,120,300,0,111.05000000000001,0,0,0
E08-s7-initial-984e8fcb-a22f-4f5b-939c-b2f85ad09001,E08 revocado r2,profile,130,300,0,109.0,0,0,0
E08-s7-initial-984e8fcb-a22f-4f5b-939c-b2f85ad09001,E08 revocado r2,profile,140,300,0,109.05000000000001,0,0,0
E08-s7-initial-984e8fcb-a22f-4f5b-939c-b2f85ad09001,E08 revocado r2,profile,150,300,0,109.0,0,0,0
E08-s7-initial-984e8fcb-a22f-4f5b-939c-b2f85ad09001,E08 revocado r2,profile,160,300,0,109.0,0,0,0
E08-s7-initial-984e8fcb-a22f-4f5b-939c-b2f85ad09001,E08 revocado r2,profile,170,300,0,111.0,0,0,0
E08-s7-initial-984e8fcb-a22f-4f5b-939c-b2f85ad09001,E08 revocado r2,profile,180,300,0,108.0,0,0,0
E08-s7-initial-984e8fcb-a22f-4f5b-939c-b2f85ad09001,E08 revocado r2,profile,190,300,0,107.0,0,0,0
E08-s7-initial-984e8fcb-a22f-4f5b-939c-b2f85ad09001,E08 revocado r2,profile,200,300,0,109.0,0,0,0
E08-s7-initial-984e8fcb-a22f-4f5b-939c-b2f85ad09001,E08 revocado r2,profile,210,300,0,112.0,0,0,0
E08-s7-initial-984e8fcb-a22f-4f5b-939c-b2f85ad09001,E08 revocado r2,profile,220,300,0,111.0,0,0,0
E08-s7-initial-984e8fcb-a22f-4f5b-939c-b2f85ad09001,E08 revocado r2,profile,230,300,0,118.05000000000001,0,0,0
E08-s7-initial-984e8fcb-a22f-4f5b-939c-b2f85ad09001,E08 revocado r2,profile,240,300,0,113.0,0,0,0
E08-s7-initial-984e8fcb-a22f-4f5b-939c-b2f85ad09001,E08 revocado r2,profile,250,300,0,118.0,0,0,0
E08-s7-initial-984e8fcb-a22f-4f5b-939c-b2f85ad09001,E08 revocado r2,profile,260,300,0,107.05000000000001,0,0,0
E08-s7-initial-984e8fcb-a22f-4f5b-939c-b2f85ad09001,E08 revocado r2,profile,270,300,0,111.0,0,0,0
E08-s7-initial-984e8fcb-a22f-4f5b-939c-b2f85ad09001,E08 revocado r2,profile,280,300,0,109.05000000000001,0,0,0
E08-s7-initial-984e8fcb-a22f-4f5b-939c-b2f85ad09001,E08 revocado r2,profile,290,300,0,108.0,0,0,0
E02-s7-initial-93efbd85-ba07-4f15-ad77-f35f48fe115d,E02 r1,quote,0,700,0,211.04999999999995,700,700,0
E02-s7-initial-93efbd85-ba07-4f15-ad77-f35f48fe115d,E02 r1,quote,10,700,1,212.0,699,699,0
E02-s7-initial-93efbd85-ba07-4f15-ad77-f35f48fe115d,E02 r1,quote,20,700,0,210.0,700,700,0
E02-s7-initial-93efbd85-ba07-4f15-ad77-f35f48fe115d,E02 r1,quote,30,700,0,211.0,700,700,0
E02-s7-initial-93efbd85-ba07-4f15-ad77-f35f48fe115d,E02 r1,quote,40,700,0,211.0,700,700,0
E02-s7-initial-93efbd85-ba07-4f15-ad77-f35f48fe115d,E02 r1,quote,50,700,0,212.0,700,700,0
E02-s7-initial-93efbd85-ba07-4f15-ad77-f35f48fe115d,E02 r1,quote,60,700,0,212.0,700,699,0
E02-s7-initial-93efbd85-ba07-4f15-ad77-f35f48fe115d,E02 r1,quote,70,700,0,214.0,700,698,0
E02-s7-initial-93efbd85-ba07-4f15-ad77-f35f48fe115d,E02 r1,quote,80,700,0,213.0,700,700,0
E02-s7-initial-93efbd85-ba07-4f15-ad77-f35f48fe115d,E02 r1,quote,90,700,0,213.0,700,700,0
E02-s7-initial-93efbd85-ba07-4f15-ad77-f35f48fe115d,E02 r1,quote,100,700,0,211.0,700,700,0
E02-s7-initial-93efbd85-ba07-4f15-ad77-f35f48fe115d,E02 r1,quote,110,700,0,213.0,700,698,0
E02-s7-initial-93efbd85-ba07-4f15-ad77-f35f48fe115d,E02 r1,quote,120,699,0,213.0,699,699,0
E02-s7-initial-93efbd85-ba07-4f15-ad77-f35f48fe115d,E02 r1,quote,130,701,0,211.0,701,701,0
E02-s7-initial-93efbd85-ba07-4f15-ad77-f35f48fe115d,E02 r1,quote,140,700,0,213.0,700,699,0
E02-s7-initial-93efbd85-ba07-4f15-ad77-f35f48fe115d,E02 r1,quote,150,700,0,212.0,700,700,0
E02-s7-initial-93efbd85-ba07-4f15-ad77-f35f48fe115d,E02 r1,quote,160,700,0,213.0,700,700,0
E02-s7-initial-93efbd85-ba07-4f15-ad77-f35f48fe115d,E02 r1,quote,170,700,0,212.04999999999995,700,700,0
E02-s7-initial-93efbd85-ba07-4f15-ad77-f35f48fe115d,E02 r1,quote,180,700,0,212.0,700,699,0
E02-s7-initial-93efbd85-ba07-4f15-ad77-f35f48fe115d,E02 r1,quote,190,700,0,212.0,700,700,0
E02-s7-initial-93efbd85-ba07-4f15-ad77-f35f48fe115d,E02 r1,quote,200,700,0,211.0,700,699,0
E02-s7-initial-93efbd85-ba07-4f15-ad77-f35f48fe115d,E02 r1,quote,210,700,0,212.0,700,700,0
E02-s7-initial-93efbd85-ba07-4f15-ad77-f35f48fe115d,E02 r1,quote,220,700,0,213.0,700,700,0
E02-s7-initial-93efbd85-ba07-4f15-ad77-f35f48fe115d,E02 r1,quote,230,700,0,212.0,700,698,0
E02-s7-initial-93efbd85-ba07-4f15-ad77-f35f48fe115d,E02 r1,quote,240,700,0,213.0,700,698,0
E02-s7-initial-93efbd85-ba07-4f15-ad77-f35f48fe115d,E02 r1,quote,250,700,0,212.0,700,700,0
E02-s7-initial-93efbd85-ba07-4f15-ad77-f35f48fe115d,E02 r1,quote,260,700,0,211.0,700,699,0
E02-s7-initial-93efbd85-ba07-4f15-ad77-f35f48fe115d,E02 r1,quote,270,700,0,209.04999999999995,700,700,0
E02-s7-initial-93efbd85-ba07-4f15-ad77-f35f48fe115d,E02 r1,quote,280,700,0,210.0,700,700,0
E02-s7-initial-93efbd85-ba07-4f15-ad77-f35f48fe115d,E02 r1,quote,290,699,0,212.10000000000002,699,699,0
E02-s7-initial-93efbd85-ba07-4f15-ad77-f35f48fe115d,E02 r1,profile,0,300,0,213.0,300,300,0
E02-s7-initial-93efbd85-ba07-4f15-ad77-f35f48fe115d,E02 r1,profile,10,300,0,210.05,300,299,0
E02-s7-initial-93efbd85-ba07-4f15-ad77-f35f48fe115d,E02 r1,profile,20,300,0,212.0,300,300,0
E02-s7-initial-93efbd85-ba07-4f15-ad77-f35f48fe115d,E02 r1,profile,30,300,0,213.0,300,300,0
E02-s7-initial-93efbd85-ba07-4f15-ad77-f35f48fe115d,E02 r1,profile,40,300,0,210.0,300,300,0
E02-s7-initial-93efbd85-ba07-4f15-ad77-f35f48fe115d,E02 r1,profile,50,300,0,210.0,300,299,0
E02-s7-initial-93efbd85-ba07-4f15-ad77-f35f48fe115d,E02 r1,profile,60,300,0,212.05,300,300,0
E02-s7-initial-93efbd85-ba07-4f15-ad77-f35f48fe115d,E02 r1,profile,70,300,0,212.0,300,299,0
E02-s7-initial-93efbd85-ba07-4f15-ad77-f35f48fe115d,E02 r1,profile,80,300,0,212.0,300,300,0
E02-s7-initial-93efbd85-ba07-4f15-ad77-f35f48fe115d,E02 r1,profile,90,300,0,213.05,300,300,0
E02-s7-initial-93efbd85-ba07-4f15-ad77-f35f48fe115d,E02 r1,profile,100,300,0,213.0,300,299,0
E02-s7-initial-93efbd85-ba07-4f15-ad77-f35f48fe115d,E02 r1,profile,110,300,0,213.05,300,300,0
E02-s7-initial-93efbd85-ba07-4f15-ad77-f35f48fe115d,E02 r1,profile,120,299,0,212.0,299,299,0
E02-s7-initial-93efbd85-ba07-4f15-ad77-f35f48fe115d,E02 r1,profile,130,301,0,214.0,301,301,0
E02-s7-initial-93efbd85-ba07-4f15-ad77-f35f48fe115d,E02 r1,profile,140,300,0,215.0,300,300,0
E02-s7-initial-93efbd85-ba07-4f15-ad77-f35f48fe115d,E02 r1,profile,150,300,0,211.05,300,300,0
E02-s7-initial-93efbd85-ba07-4f15-ad77-f35f48fe115d,E02 r1,profile,160,300,0,212.0,300,300,0
E02-s7-initial-93efbd85-ba07-4f15-ad77-f35f48fe115d,E02 r1,profile,170,300,0,213.05,300,299,0
E02-s7-initial-93efbd85-ba07-4f15-ad77-f35f48fe115d,E02 r1,profile,180,300,0,212.0,300,300,0
E02-s7-initial-93efbd85-ba07-4f15-ad77-f35f48fe115d,E02 r1,profile,190,300,0,212.0,300,300,0
E02-s7-initial-93efbd85-ba07-4f15-ad77-f35f48fe115d,E02 r1,profile,200,300,0,212.0,300,300,0
E02-s7-initial-93efbd85-ba07-4f15-ad77-f35f48fe115d,E02 r1,profile,210,300,0,211.0,300,300,0
E02-s7-initial-93efbd85-ba07-4f15-ad77-f35f48fe115d,E02 r1,profile,220,300,0,212.0,300,300,0
E02-s7-initial-93efbd85-ba07-4f15-ad77-f35f48fe115d,E02 r1,profile,230,300,0,213.0,300,299,0
E02-s7-initial-93efbd85-ba07-4f15-ad77-f35f48fe115d,E02 r1,profile,240,300,0,214.0,300,300,0
E02-s7-initial-93efbd85-ba07-4f15-ad77-f35f48fe115d,E02 r1,profile,250,300,0,210.05,300,300,0
E02-s7-initial-93efbd85-ba07-4f15-ad77-f35f48fe115d,E02 r1,profile,260,300,0,213.0,300,300,0
E02-s7-initial-93efbd85-ba07-4f15-ad77-f35f48fe115d,E02 r1,profile,270,300,1,211.0,299,299,0
E02-s7-initial-93efbd85-ba07-4f15-ad77-f35f48fe115d,E02 r1,profile,280,300,0,211.0,300,300,0
E02-s7-initial-93efbd85-ba07-4f15-ad77-f35f48fe115d,E02 r1,profile,290,300,0,210.05,300,300,0
E08-s7-initial-25ccb11e-021d-4a31-b025-aa9947582770,E08 revocado r3,quote,0,701,0,112.0,0,0,0
E08-s7-initial-25ccb11e-021d-4a31-b025-aa9947582770,E08 revocado r3,quote,10,700,0,111.0,0,0,0
E08-s7-initial-25ccb11e-021d-4a31-b025-aa9947582770,E08 revocado r3,quote,20,700,0,111.0,0,0,0
E08-s7-initial-25ccb11e-021d-4a31-b025-aa9947582770,E08 revocado r3,quote,30,700,0,111.0,0,0,0
E08-s7-initial-25ccb11e-021d-4a31-b025-aa9947582770,E08 revocado r3,quote,40,700,0,110.0,0,0,0
E08-s7-initial-25ccb11e-021d-4a31-b025-aa9947582770,E08 revocado r3,quote,50,699,0,110.0,0,0,0
E08-s7-initial-25ccb11e-021d-4a31-b025-aa9947582770,E08 revocado r3,quote,60,701,0,110.0,0,0,0
E08-s7-initial-25ccb11e-021d-4a31-b025-aa9947582770,E08 revocado r3,quote,70,700,0,111.0,0,0,0
E08-s7-initial-25ccb11e-021d-4a31-b025-aa9947582770,E08 revocado r3,quote,80,700,0,110.0,0,0,0
E08-s7-initial-25ccb11e-021d-4a31-b025-aa9947582770,E08 revocado r3,quote,90,700,0,111.0,0,0,0
E08-s7-initial-25ccb11e-021d-4a31-b025-aa9947582770,E08 revocado r3,quote,100,700,0,112.0,0,0,0
E08-s7-initial-25ccb11e-021d-4a31-b025-aa9947582770,E08 revocado r3,quote,110,700,0,111.0,0,0,0
E08-s7-initial-25ccb11e-021d-4a31-b025-aa9947582770,E08 revocado r3,quote,120,700,0,111.0,0,0,0
E08-s7-initial-25ccb11e-021d-4a31-b025-aa9947582770,E08 revocado r3,quote,130,700,0,112.0,0,0,0
E08-s7-initial-25ccb11e-021d-4a31-b025-aa9947582770,E08 revocado r3,quote,140,700,0,110.04999999999995,0,0,0
E08-s7-initial-25ccb11e-021d-4a31-b025-aa9947582770,E08 revocado r3,quote,150,700,0,108.0,0,0,0
E08-s7-initial-25ccb11e-021d-4a31-b025-aa9947582770,E08 revocado r3,quote,160,700,0,110.0,0,0,0
E08-s7-initial-25ccb11e-021d-4a31-b025-aa9947582770,E08 revocado r3,quote,170,700,0,108.0,0,0,0
E08-s7-initial-25ccb11e-021d-4a31-b025-aa9947582770,E08 revocado r3,quote,180,700,0,110.0,0,0,0
E08-s7-initial-25ccb11e-021d-4a31-b025-aa9947582770,E08 revocado r3,quote,190,700,0,112.0,0,0,0
E08-s7-initial-25ccb11e-021d-4a31-b025-aa9947582770,E08 revocado r3,quote,200,700,0,110.0,0,0,0
E08-s7-initial-25ccb11e-021d-4a31-b025-aa9947582770,E08 revocado r3,quote,210,700,0,113.0,0,0,0
E08-s7-initial-25ccb11e-021d-4a31-b025-aa9947582770,E08 revocado r3,quote,220,700,0,115.0,0,0,0
E08-s7-initial-25ccb11e-021d-4a31-b025-aa9947582770,E08 revocado r3,quote,230,700,0,112.0,0,0,0
E08-s7-initial-25ccb11e-021d-4a31-b025-aa9947582770,E08 revocado r3,quote,240,700,0,110.0,0,0,0
E08-s7-initial-25ccb11e-021d-4a31-b025-aa9947582770,E08 revocado r3,quote,250,700,0,112.04999999999995,0,0,0
E08-s7-initial-25ccb11e-021d-4a31-b025-aa9947582770,E08 revocado r3,quote,260,700,0,111.04999999999995,0,0,0
E08-s7-initial-25ccb11e-021d-4a31-b025-aa9947582770,E08 revocado r3,quote,270,700,0,113.0,0,0,0
E08-s7-initial-25ccb11e-021d-4a31-b025-aa9947582770,E08 revocado r3,quote,280,700,0,114.0,0,0,0
E08-s7-initial-25ccb11e-021d-4a31-b025-aa9947582770,E08 revocado r3,quote,290,700,0,110.0,0,0,0
E08-s7-initial-25ccb11e-021d-4a31-b025-aa9947582770,E08 revocado r3,profile,0,301,0,108.0,0,0,0
E08-s7-initial-25ccb11e-021d-4a31-b025-aa9947582770,E08 revocado r3,profile,10,300,0,111.0,0,0,0
E08-s7-initial-25ccb11e-021d-4a31-b025-aa9947582770,E08 revocado r3,profile,20,300,0,108.0,0,0,0
E08-s7-initial-25ccb11e-021d-4a31-b025-aa9947582770,E08 revocado r3,profile,30,300,0,110.0,0,0,0
E08-s7-initial-25ccb11e-021d-4a31-b025-aa9947582770,E08 revocado r3,profile,40,300,0,108.0,0,0,0
E08-s7-initial-25ccb11e-021d-4a31-b025-aa9947582770,E08 revocado r3,profile,50,299,0,107.09999999999997,0,0,0
E08-s7-initial-25ccb11e-021d-4a31-b025-aa9947582770,E08 revocado r3,profile,60,301,0,110.0,0,0,0
E08-s7-initial-25ccb11e-021d-4a31-b025-aa9947582770,E08 revocado r3,profile,70,300,0,107.05000000000001,0,0,0
E08-s7-initial-25ccb11e-021d-4a31-b025-aa9947582770,E08 revocado r3,profile,80,300,0,108.0,0,0,0
E08-s7-initial-25ccb11e-021d-4a31-b025-aa9947582770,E08 revocado r3,profile,90,300,0,109.0,0,0,0
E08-s7-initial-25ccb11e-021d-4a31-b025-aa9947582770,E08 revocado r3,profile,100,300,0,108.0,0,0,0
E08-s7-initial-25ccb11e-021d-4a31-b025-aa9947582770,E08 revocado r3,profile,110,300,0,108.05000000000001,0,0,0
E08-s7-initial-25ccb11e-021d-4a31-b025-aa9947582770,E08 revocado r3,profile,120,300,0,109.0,0,0,0
E08-s7-initial-25ccb11e-021d-4a31-b025-aa9947582770,E08 revocado r3,profile,130,300,0,108.0,0,0,0
E08-s7-initial-25ccb11e-021d-4a31-b025-aa9947582770,E08 revocado r3,profile,140,300,0,108.0,0,0,0
E08-s7-initial-25ccb11e-021d-4a31-b025-aa9947582770,E08 revocado r3,profile,150,300,0,109.0,0,0,0
E08-s7-initial-25ccb11e-021d-4a31-b025-aa9947582770,E08 revocado r3,profile,160,300,0,107.0,0,0,0
E08-s7-initial-25ccb11e-021d-4a31-b025-aa9947582770,E08 revocado r3,profile,170,300,0,107.0,0,0,0
E08-s7-initial-25ccb11e-021d-4a31-b025-aa9947582770,E08 revocado r3,profile,180,300,0,106.0,0,0,0
E08-s7-initial-25ccb11e-021d-4a31-b025-aa9947582770,E08 revocado r3,profile,190,300,0,108.05000000000001,0,0,0
E08-s7-initial-25ccb11e-021d-4a31-b025-aa9947582770,E08 revocado r3,profile,200,300,0,108.0,0,0,0
E08-s7-initial-25ccb11e-021d-4a31-b025-aa9947582770,E08 revocado r3,profile,210,300,0,109.0,0,0,0
E08-s7-initial-25ccb11e-021d-4a31-b025-aa9947582770,E08 revocado r3,profile,220,300,0,108.10000000000002,0,0,0
E08-s7-initial-25ccb11e-021d-4a31-b025-aa9947582770,E08 revocado r3,profile,230,300,0,110.0,0,0,0
E08-s7-initial-25ccb11e-021d-4a31-b025-aa9947582770,E08 revocado r3,profile,240,300,1,107.0,0,0,0
E08-s7-initial-25ccb11e-021d-4a31-b025-aa9947582770,E08 revocado r3,profile,250,300,0,108.0,0,0,0
E08-s7-initial-25ccb11e-021d-4a31-b025-aa9947582770,E08 revocado r3,profile,260,300,0,109.05000000000001,0,0,0
E08-s7-initial-25ccb11e-021d-4a31-b025-aa9947582770,E08 revocado r3,profile,270,300,0,109.0,0,0,0
E08-s7-initial-25ccb11e-021d-4a31-b025-aa9947582770,E08 revocado r3,profile,280,300,0,108.05000000000001,0,0,0
E08-s7-initial-25ccb11e-021d-4a31-b025-aa9947582770,E08 revocado r3,profile,290,300,0,105.0,0,0,0
E07-s7-initial-0323826e-20d0-4a86-811e-065902815d3e,E07 vencido r2,quote,0,701,0,173.0,32,0,701
E07-s7-initial-0323826e-20d0-4a86-811e-065902815d3e,E07 vencido r2,quote,10,700,0,169.0,12,0,700
E07-s7-initial-0323826e-20d0-4a86-811e-065902815d3e,E07 vencido r2,quote,20,700,0,159.0,4,0,700
E07-s7-initial-0323826e-20d0-4a86-811e-065902815d3e,E07 vencido r2,quote,30,700,0,177.0,25,0,700
E07-s7-initial-0323826e-20d0-4a86-811e-065902815d3e,E07 vencido r2,quote,40,700,0,171.0999999999999,19,0,700
E07-s7-initial-0323826e-20d0-4a86-811e-065902815d3e,E07 vencido r2,quote,50,700,0,164.0,4,0,700
E07-s7-initial-0323826e-20d0-4a86-811e-065902815d3e,E07 vencido r2,quote,60,700,0,169.19999999999982,18,0,700
E07-s7-initial-0323826e-20d0-4a86-811e-065902815d3e,E07 vencido r2,quote,70,700,0,172.0,26,0,700
E07-s7-initial-0323826e-20d0-4a86-811e-065902815d3e,E07 vencido r2,quote,80,700,0,164.0,4,0,700
E07-s7-initial-0323826e-20d0-4a86-811e-065902815d3e,E07 vencido r2,quote,90,700,0,173.0,14,0,700
E07-s7-initial-0323826e-20d0-4a86-811e-065902815d3e,E07 vencido r2,quote,100,700,0,188.0,30,0,700
E07-s7-initial-0323826e-20d0-4a86-811e-065902815d3e,E07 vencido r2,quote,110,700,0,169.0,4,0,700
E07-s7-initial-0323826e-20d0-4a86-811e-065902815d3e,E07 vencido r2,quote,120,700,0,170.04999999999995,12,0,700
E07-s7-initial-0323826e-20d0-4a86-811e-065902815d3e,E07 vencido r2,quote,130,700,0,173.04999999999995,31,0,700
E07-s7-initial-0323826e-20d0-4a86-811e-065902815d3e,E07 vencido r2,quote,140,700,0,164.0,5,0,700
E07-s7-initial-0323826e-20d0-4a86-811e-065902815d3e,E07 vencido r2,quote,150,700,0,511.04999999999995,21,0,690
E07-s7-initial-0323826e-20d0-4a86-811e-065902815d3e,E07 vencido r2,quote,160,700,0,282.0,30,0,700
E07-s7-initial-0323826e-20d0-4a86-811e-065902815d3e,E07 vencido r2,quote,170,700,1,192.04999999999995,7,0,700
E07-s7-initial-0323826e-20d0-4a86-811e-065902815d3e,E07 vencido r2,quote,180,700,0,264.3499999999997,10,0,700
E07-s7-initial-0323826e-20d0-4a86-811e-065902815d3e,E07 vencido r2,quote,190,700,0,178.0,32,0,700
E07-s7-initial-0323826e-20d0-4a86-811e-065902815d3e,E07 vencido r2,quote,200,700,0,164.0,6,0,700
E07-s7-initial-0323826e-20d0-4a86-811e-065902815d3e,E07 vencido r2,quote,210,700,0,160.0,11,0,700
E07-s7-initial-0323826e-20d0-4a86-811e-065902815d3e,E07 vencido r2,quote,220,700,0,175.04999999999995,32,0,700
E07-s7-initial-0323826e-20d0-4a86-811e-065902815d3e,E07 vencido r2,quote,230,700,0,159.0,6,0,700
E07-s7-initial-0323826e-20d0-4a86-811e-065902815d3e,E07 vencido r2,quote,240,700,0,164.0,11,0,700
E07-s7-initial-0323826e-20d0-4a86-811e-065902815d3e,E07 vencido r2,quote,250,700,0,176.0,31,0,700
E07-s7-initial-0323826e-20d0-4a86-811e-065902815d3e,E07 vencido r2,quote,260,700,0,163.0,7,0,700
E07-s7-initial-0323826e-20d0-4a86-811e-065902815d3e,E07 vencido r2,quote,270,700,0,167.0,11,0,700
E07-s7-initial-0323826e-20d0-4a86-811e-065902815d3e,E07 vencido r2,quote,280,700,0,168.0,29,0,700
E07-s7-initial-0323826e-20d0-4a86-811e-065902815d3e,E07 vencido r2,quote,290,700,0,159.04999999999995,8,0,700
E07-s7-initial-0323826e-20d0-4a86-811e-065902815d3e,E07 vencido r2,profile,0,301,0,164.0,4,0,301
E07-s7-initial-0323826e-20d0-4a86-811e-065902815d3e,E07 vencido r2,profile,10,300,0,181.10000000000002,20,0,300
E07-s7-initial-0323826e-20d0-4a86-811e-065902815d3e,E07 vencido r2,profile,20,300,0,161.05,5,0,300
E07-s7-initial-0323826e-20d0-4a86-811e-065902815d3e,E07 vencido r2,profile,30,300,0,162.05,5,0,300
E07-s7-initial-0323826e-20d0-4a86-811e-065902815d3e,E07 vencido r2,profile,40,300,0,182.05,20,0,300
E07-s7-initial-0323826e-20d0-4a86-811e-065902815d3e,E07 vencido r2,profile,50,300,0,165.0,4,0,300
E07-s7-initial-0323826e-20d0-4a86-811e-065902815d3e,E07 vencido r2,profile,60,300,0,167.05,6,0,300
E07-s7-initial-0323826e-20d0-4a86-811e-065902815d3e,E07 vencido r2,profile,70,300,0,184.0,19,0,300
E07-s7-initial-0323826e-20d0-4a86-811e-065902815d3e,E07 vencido r2,profile,80,300,0,166.0,5,0,300
E07-s7-initial-0323826e-20d0-4a86-811e-065902815d3e,E07 vencido r2,profile,90,300,0,167.05,6,0,300
E07-s7-initial-0323826e-20d0-4a86-811e-065902815d3e,E07 vencido r2,profile,100,300,0,183.10000000000002,19,0,300
E07-s7-initial-0323826e-20d0-4a86-811e-065902815d3e,E07 vencido r2,profile,110,300,0,174.0,5,0,300
E07-s7-initial-0323826e-20d0-4a86-811e-065902815d3e,E07 vencido r2,profile,120,300,0,162.05,5,0,300
E07-s7-initial-0323826e-20d0-4a86-811e-065902815d3e,E07 vencido r2,profile,130,300,0,180.0,18,0,300
E07-s7-initial-0323826e-20d0-4a86-811e-065902815d3e,E07 vencido r2,profile,140,300,0,166.05,7,0,300
E07-s7-initial-0323826e-20d0-4a86-811e-065902815d3e,E07 vencido r2,profile,150,300,0,516.05,5,0,300
E07-s7-initial-0323826e-20d0-4a86-811e-065902815d3e,E07 vencido r2,profile,160,300,0,286.25000000000006,17,0,300
E07-s7-initial-0323826e-20d0-4a86-811e-065902815d3e,E07 vencido r2,profile,170,300,0,183.0,7,0,300
E07-s7-initial-0323826e-20d0-4a86-811e-065902815d3e,E07 vencido r2,profile,180,300,0,279.5500000000001,4,0,300
E07-s7-initial-0323826e-20d0-4a86-811e-065902815d3e,E07 vencido r2,profile,190,300,0,178.05,19,0,300
E07-s7-initial-0323826e-20d0-4a86-811e-065902815d3e,E07 vencido r2,profile,200,300,0,166.0,7,0,300
E07-s7-initial-0323826e-20d0-4a86-811e-065902815d3e,E07 vencido r2,profile,210,300,0,158.0,3,0,300
E07-s7-initial-0323826e-20d0-4a86-811e-065902815d3e,E07 vencido r2,profile,220,300,0,181.05,17,0,300
E07-s7-initial-0323826e-20d0-4a86-811e-065902815d3e,E07 vencido r2,profile,230,300,0,173.05,10,0,300
E07-s7-initial-0323826e-20d0-4a86-811e-065902815d3e,E07 vencido r2,profile,240,300,0,163.15000000000003,3,0,300
E07-s7-initial-0323826e-20d0-4a86-811e-065902815d3e,E07 vencido r2,profile,250,300,0,165.10000000000002,11,0,300
E07-s7-initial-0323826e-20d0-4a86-811e-065902815d3e,E07 vencido r2,profile,260,300,0,176.05,16,0,300
E07-s7-initial-0323826e-20d0-4a86-811e-065902815d3e,E07 vencido r2,profile,270,300,0,162.0,3,0,300
E07-s7-initial-0323826e-20d0-4a86-811e-065902815d3e,E07 vencido r2,profile,280,300,0,170.05,8,0,300
E07-s7-initial-0323826e-20d0-4a86-811e-065902815d3e,E07 vencido r2,profile,290,299,0,177.09999999999997,18,0,299
E07-s7-initial-d6ee825c-243a-43e9-825a-129dd1470d21,E07 ausente r2,quote,0,700,0,194.04999999999995,33,0,700
E07-s7-initial-d6ee825c-243a-43e9-825a-129dd1470d21,E07 ausente r2,quote,10,700,0,159.0,9,0,700
E07-s7-initial-d6ee825c-243a-43e9-825a-129dd1470d21,E07 ausente r2,quote,20,700,0,153.0,2,0,700
E07-s7-initial-d6ee825c-243a-43e9-825a-129dd1470d21,E07 ausente r2,quote,30,700,0,173.0,28,0,700
E07-s7-initial-d6ee825c-243a-43e9-825a-129dd1470d21,E07 ausente r2,quote,40,700,0,159.0,13,0,700
E07-s7-initial-d6ee825c-243a-43e9-825a-129dd1470d21,E07 ausente r2,quote,50,700,0,158.0,7,0,695
E07-s7-initial-d6ee825c-243a-43e9-825a-129dd1470d21,E07 ausente r2,quote,60,700,0,167.0,24,0,695
E07-s7-initial-d6ee825c-243a-43e9-825a-129dd1470d21,E07 ausente r2,quote,70,700,0,166.0,23,0,700
E07-s7-initial-d6ee825c-243a-43e9-825a-129dd1470d21,E07 ausente r2,quote,80,700,0,158.0,2,0,700
E07-s7-initial-d6ee825c-243a-43e9-825a-129dd1470d21,E07 ausente r2,quote,90,700,0,157.04999999999995,17,0,700
E07-s7-initial-d6ee825c-243a-43e9-825a-129dd1470d21,E07 ausente r2,quote,100,700,0,163.04999999999995,26,0,700
E07-s7-initial-d6ee825c-243a-43e9-825a-129dd1470d21,E07 ausente r2,quote,110,700,0,155.0,2,0,700
E07-s7-initial-d6ee825c-243a-43e9-825a-129dd1470d21,E07 ausente r2,quote,120,700,0,158.0,15,0,700
E07-s7-initial-d6ee825c-243a-43e9-825a-129dd1470d21,E07 ausente r2,quote,130,700,0,166.04999999999995,28,0,700
E07-s7-initial-d6ee825c-243a-43e9-825a-129dd1470d21,E07 ausente r2,quote,140,700,0,157.04999999999995,2,0,700
E07-s7-initial-d6ee825c-243a-43e9-825a-129dd1470d21,E07 ausente r2,quote,150,700,0,160.04999999999995,15,0,700
E07-s7-initial-d6ee825c-243a-43e9-825a-129dd1470d21,E07 ausente r2,quote,160,700,0,178.04999999999995,38,0,690
E07-s7-initial-d6ee825c-243a-43e9-825a-129dd1470d21,E07 ausente r2,quote,170,700,0,155.0,2,0,700
E07-s7-initial-d6ee825c-243a-43e9-825a-129dd1470d21,E07 ausente r2,quote,180,700,0,168.0,13,0,700
E07-s7-initial-d6ee825c-243a-43e9-825a-129dd1470d21,E07 ausente r2,quote,190,700,0,174.0999999999999,35,0,696
E07-s7-initial-d6ee825c-243a-43e9-825a-129dd1470d21,E07 ausente r2,quote,200,700,0,160.04999999999995,8,0,694
E07-s7-initial-d6ee825c-243a-43e9-825a-129dd1470d21,E07 ausente r2,quote,210,700,0,160.0,11,0,700
E07-s7-initial-d6ee825c-243a-43e9-825a-129dd1470d21,E07 ausente r2,quote,220,700,0,170.14999999999986,33,0,700
E07-s7-initial-d6ee825c-243a-43e9-825a-129dd1470d21,E07 ausente r2,quote,230,700,0,156.0,3,0,700
E07-s7-initial-d6ee825c-243a-43e9-825a-129dd1470d21,E07 ausente r2,quote,240,700,0,164.0,11,0,700
E07-s7-initial-d6ee825c-243a-43e9-825a-129dd1470d21,E07 ausente r2,quote,250,700,0,177.04999999999995,42,0,690
E07-s7-initial-d6ee825c-243a-43e9-825a-129dd1470d21,E07 ausente r2,quote,260,700,0,156.0,4,0,700
E07-s7-initial-d6ee825c-243a-43e9-825a-129dd1470d21,E07 ausente r2,quote,270,700,0,158.0,11,0,700
E07-s7-initial-d6ee825c-243a-43e9-825a-129dd1470d21,E07 ausente r2,quote,280,700,0,169.0999999999999,32,0,700
E07-s7-initial-d6ee825c-243a-43e9-825a-129dd1470d21,E07 ausente r2,quote,290,700,0,157.04999999999995,5,0,700
E07-s7-initial-d6ee825c-243a-43e9-825a-129dd1470d21,E07 ausente r2,profile,0,300,0,181.20000000000005,5,0,300
E07-s7-initial-d6ee825c-243a-43e9-825a-129dd1470d21,E07 ausente r2,profile,10,300,0,178.10000000000002,18,0,300
E07-s7-initial-d6ee825c-243a-43e9-825a-129dd1470d21,E07 ausente r2,profile,20,300,0,158.05,3,0,300
E07-s7-initial-d6ee825c-243a-43e9-825a-129dd1470d21,E07 ausente r2,profile,30,300,0,158.05,5,0,300
E07-s7-initial-d6ee825c-243a-43e9-825a-129dd1470d21,E07 ausente r2,profile,40,300,0,178.05,17,0,300
E07-s7-initial-d6ee825c-243a-43e9-825a-129dd1470d21,E07 ausente r2,profile,50,300,0,160.10000000000002,4,0,300
E07-s7-initial-d6ee825c-243a-43e9-825a-129dd1470d21,E07 ausente r2,profile,60,300,0,164.05,5,0,300
E07-s7-initial-d6ee825c-243a-43e9-825a-129dd1470d21,E07 ausente r2,profile,70,300,0,175.05,16,0,300
E07-s7-initial-d6ee825c-243a-43e9-825a-129dd1470d21,E07 ausente r2,profile,80,300,2,162.10000000000002,5,0,300
E07-s7-initial-d6ee825c-243a-43e9-825a-129dd1470d21,E07 ausente r2,profile,90,300,0,160.05,6,0,299
E07-s7-initial-d6ee825c-243a-43e9-825a-129dd1470d21,E07 ausente r2,profile,100,300,0,185.0,25,0,291
E07-s7-initial-d6ee825c-243a-43e9-825a-129dd1470d21,E07 ausente r2,profile,110,300,0,156.05,5,0,300
E07-s7-initial-d6ee825c-243a-43e9-825a-129dd1470d21,E07 ausente r2,profile,120,300,0,164.0,5,0,300
E07-s7-initial-d6ee825c-243a-43e9-825a-129dd1470d21,E07 ausente r2,profile,130,300,0,179.0,17,0,300
E07-s7-initial-d6ee825c-243a-43e9-825a-129dd1470d21,E07 ausente r2,profile,140,300,0,161.05,4,0,300
E07-s7-initial-d6ee825c-243a-43e9-825a-129dd1470d21,E07 ausente r2,profile,150,300,0,160.05,6,0,300
E07-s7-initial-d6ee825c-243a-43e9-825a-129dd1470d21,E07 ausente r2,profile,160,300,0,176.10000000000002,17,0,300
E07-s7-initial-d6ee825c-243a-43e9-825a-129dd1470d21,E07 ausente r2,profile,170,300,0,161.0,4,0,300
E07-s7-initial-d6ee825c-243a-43e9-825a-129dd1470d21,E07 ausente r2,profile,180,300,0,162.05,5,0,300
E07-s7-initial-d6ee825c-243a-43e9-825a-129dd1470d21,E07 ausente r2,profile,190,300,0,177.20000000000005,17,0,300
E07-s7-initial-d6ee825c-243a-43e9-825a-129dd1470d21,E07 ausente r2,profile,200,300,0,159.10000000000002,5,0,300
E07-s7-initial-d6ee825c-243a-43e9-825a-129dd1470d21,E07 ausente r2,profile,210,300,0,165.15000000000003,4,0,300
E07-s7-initial-d6ee825c-243a-43e9-825a-129dd1470d21,E07 ausente r2,profile,220,300,0,175.10000000000002,13,0,300
E07-s7-initial-d6ee825c-243a-43e9-825a-129dd1470d21,E07 ausente r2,profile,230,300,0,172.10000000000002,8,0,300
E07-s7-initial-d6ee825c-243a-43e9-825a-129dd1470d21,E07 ausente r2,profile,240,300,0,162.0,5,0,300
E07-s7-initial-d6ee825c-243a-43e9-825a-129dd1470d21,E07 ausente r2,profile,250,300,0,166.25000000000006,9,0,300
E07-s7-initial-d6ee825c-243a-43e9-825a-129dd1470d21,E07 ausente r2,profile,260,300,0,167.20000000000005,13,0,300
E07-s7-initial-d6ee825c-243a-43e9-825a-129dd1470d21,E07 ausente r2,profile,270,300,0,159.05,5,0,300
E07-s7-initial-d6ee825c-243a-43e9-825a-129dd1470d21,E07 ausente r2,profile,280,300,0,160.10000000000002,4,0,300
E07-s7-initial-d6ee825c-243a-43e9-825a-129dd1470d21,E07 ausente r2,profile,290,299,0,180.09999999999997,18,0,299
E03-s7-initial-be88a536-2e69-4ef7-aaf7-098d325644f9,E03 r3,quote,0,700,0,174.04999999999995,27,0,700
E03-s7-initial-be88a536-2e69-4ef7-aaf7-098d325644f9,E03 r3,quote,10,700,0,163.0,16,0,700
E03-s7-initial-be88a536-2e69-4ef7-aaf7-098d325644f9,E03 r3,quote,20,700,0,162.0,12,0,692
E03-s7-initial-be88a536-2e69-4ef7-aaf7-098d325644f9,E03 r3,quote,30,700,0,174.0,22,0,698
E03-s7-initial-be88a536-2e69-4ef7-aaf7-098d325644f9,E03 r3,quote,40,700,0,168.04999999999995,23,0,700
E03-s7-initial-be88a536-2e69-4ef7-aaf7-098d325644f9,E03 r3,quote,50,700,0,161.0,4,0,700
E03-s7-initial-be88a536-2e69-4ef7-aaf7-098d325644f9,E03 r3,quote,60,700,0,160.0,12,0,700
E03-s7-initial-be88a536-2e69-4ef7-aaf7-098d325644f9,E03 r3,quote,70,700,0,203.0999999999999,31,0,700
E03-s7-initial-be88a536-2e69-4ef7-aaf7-098d325644f9,E03 r3,quote,80,700,0,157.0,5,0,700
E03-s7-initial-be88a536-2e69-4ef7-aaf7-098d325644f9,E03 r3,quote,90,700,0,163.0,9,0,700
E03-s7-initial-be88a536-2e69-4ef7-aaf7-098d325644f9,E03 r3,quote,100,700,0,230.94999999999914,34,0,700
E03-s7-initial-be88a536-2e69-4ef7-aaf7-098d325644f9,E03 r3,quote,110,700,0,158.0,5,0,700
E03-s7-initial-be88a536-2e69-4ef7-aaf7-098d325644f9,E03 r3,quote,120,700,0,159.0,9,0,700
E03-s7-initial-be88a536-2e69-4ef7-aaf7-098d325644f9,E03 r3,quote,130,700,0,193.14999999999986,32,0,700
E03-s7-initial-be88a536-2e69-4ef7-aaf7-098d325644f9,E03 r3,quote,140,700,0,160.0,7,0,700
E03-s7-initial-be88a536-2e69-4ef7-aaf7-098d325644f9,E03 r3,quote,150,700,0,162.0,9,0,700
E03-s7-initial-be88a536-2e69-4ef7-aaf7-098d325644f9,E03 r3,quote,160,699,0,195.20000000000005,32,0,699
E03-s7-initial-be88a536-2e69-4ef7-aaf7-098d325644f9,E03 r3,quote,170,701,0,157.0,6,0,701
E03-s7-initial-be88a536-2e69-4ef7-aaf7-098d325644f9,E03 r3,quote,180,700,0,170.04999999999995,9,0,700
E03-s7-initial-be88a536-2e69-4ef7-aaf7-098d325644f9,E03 r3,quote,190,700,0,215.94999999999823,33,0,700
E03-s7-initial-be88a536-2e69-4ef7-aaf7-098d325644f9,E03 r3,quote,200,700,0,191.0,6,0,700
E03-s7-initial-be88a536-2e69-4ef7-aaf7-098d325644f9,E03 r3,quote,210,700,0,167.04999999999995,9,0,700
E03-s7-initial-be88a536-2e69-4ef7-aaf7-098d325644f9,E03 r3,quote,220,700,0,177.0999999999999,31,0,700
E03-s7-initial-be88a536-2e69-4ef7-aaf7-098d325644f9,E03 r3,quote,230,700,0,156.0,7,0,700
E03-s7-initial-be88a536-2e69-4ef7-aaf7-098d325644f9,E03 r3,quote,240,700,0,158.0,8,0,700
E03-s7-initial-be88a536-2e69-4ef7-aaf7-098d325644f9,E03 r3,quote,250,700,0,185.04999999999995,32,0,700
E03-s7-initial-be88a536-2e69-4ef7-aaf7-098d325644f9,E03 r3,quote,260,700,0,159.0,8,0,700
E03-s7-initial-be88a536-2e69-4ef7-aaf7-098d325644f9,E03 r3,quote,270,700,0,162.0,7,0,700
E03-s7-initial-be88a536-2e69-4ef7-aaf7-098d325644f9,E03 r3,quote,280,700,0,177.0,32,0,700
E03-s7-initial-be88a536-2e69-4ef7-aaf7-098d325644f9,E03 r3,quote,290,700,0,160.04999999999995,9,0,700
E03-s7-initial-be88a536-2e69-4ef7-aaf7-098d325644f9,E03 r3,profile,0,300,0,256.0,18,0,290
E03-s7-initial-be88a536-2e69-4ef7-aaf7-098d325644f9,E03 r3,profile,10,300,0,262.05,21,0,295
E03-s7-initial-be88a536-2e69-4ef7-aaf7-098d325644f9,E03 r3,profile,20,300,0,162.0,5,0,298
E03-s7-initial-be88a536-2e69-4ef7-aaf7-098d325644f9,E03 r3,profile,30,300,0,260.1,16,0,292
E03-s7-initial-be88a536-2e69-4ef7-aaf7-098d325644f9,E03 r3,profile,40,300,0,252.10000000000002,16,0,300
E03-s7-initial-be88a536-2e69-4ef7-aaf7-098d325644f9,E03 r3,profile,50,300,0,160.0,4,0,300
E03-s7-initial-be88a536-2e69-4ef7-aaf7-098d325644f9,E03 r3,profile,60,300,0,160.0,8,0,300
E03-s7-initial-be88a536-2e69-4ef7-aaf7-098d325644f9,E03 r3,profile,70,300,0,254.05,17,0,300
E03-s7-initial-be88a536-2e69-4ef7-aaf7-098d325644f9,E03 r3,profile,80,300,0,159.05,3,0,300
E03-s7-initial-be88a536-2e69-4ef7-aaf7-098d325644f9,E03 r3,profile,90,300,0,167.10000000000002,9,0,300
E03-s7-initial-be88a536-2e69-4ef7-aaf7-098d325644f9,E03 r3,profile,100,300,0,255.05,16,0,300
E03-s7-initial-be88a536-2e69-4ef7-aaf7-098d325644f9,E03 r3,profile,110,300,0,159.0,4,0,300
E03-s7-initial-be88a536-2e69-4ef7-aaf7-098d325644f9,E03 r3,profile,120,300,0,161.0,7,0,300
E03-s7-initial-be88a536-2e69-4ef7-aaf7-098d325644f9,E03 r3,profile,130,300,0,254.10000000000002,18,0,300
E03-s7-initial-be88a536-2e69-4ef7-aaf7-098d325644f9,E03 r3,profile,140,300,0,160.05,4,0,300
E03-s7-initial-be88a536-2e69-4ef7-aaf7-098d325644f9,E03 r3,profile,150,300,0,163.05,5,0,300
E03-s7-initial-be88a536-2e69-4ef7-aaf7-098d325644f9,E03 r3,profile,160,299,0,259.19999999999993,19,0,299
E03-s7-initial-be88a536-2e69-4ef7-aaf7-098d325644f9,E03 r3,profile,170,301,0,159.0,4,0,301
E03-s7-initial-be88a536-2e69-4ef7-aaf7-098d325644f9,E03 r3,profile,180,300,0,171.10000000000002,5,0,300
E03-s7-initial-be88a536-2e69-4ef7-aaf7-098d325644f9,E03 r3,profile,190,300,0,258.05,18,0,300
E03-s7-initial-be88a536-2e69-4ef7-aaf7-098d325644f9,E03 r3,profile,200,300,0,191.20000000000005,6,0,300
E03-s7-initial-be88a536-2e69-4ef7-aaf7-098d325644f9,E03 r3,profile,210,300,0,164.05,5,0,300
E03-s7-initial-be88a536-2e69-4ef7-aaf7-098d325644f9,E03 r3,profile,220,300,0,162.05,13,0,300
E03-s7-initial-be88a536-2e69-4ef7-aaf7-098d325644f9,E03 r3,profile,230,300,0,167.0,11,0,300
E03-s7-initial-be88a536-2e69-4ef7-aaf7-098d325644f9,E03 r3,profile,240,300,0,157.0,5,0,300
E03-s7-initial-be88a536-2e69-4ef7-aaf7-098d325644f9,E03 r3,profile,250,300,0,159.20000000000005,8,0,300
E03-s7-initial-be88a536-2e69-4ef7-aaf7-098d325644f9,E03 r3,profile,260,300,0,251.15000000000003,16,0,300
E03-s7-initial-be88a536-2e69-4ef7-aaf7-098d325644f9,E03 r3,profile,270,300,0,158.0,4,0,300
E03-s7-initial-be88a536-2e69-4ef7-aaf7-098d325644f9,E03 r3,profile,280,300,0,161.0,8,0,300
E03-s7-initial-be88a536-2e69-4ef7-aaf7-098d325644f9,E03 r3,profile,290,299,0,254.2999999999999,17,0,299
E06-s7-initial-0d4dc61c-1752-41da-b36f-737af44c615d,E06 r1,quote,0,700,0,159.04999999999995,94,94,700
E06-s7-initial-0d4dc61c-1752-41da-b36f-737af44c615d,E06 r1,quote,10,700,0,162.04999999999995,0,0,700
E06-s7-initial-0d4dc61c-1752-41da-b36f-737af44c615d,E06 r1,quote,20,700,0,163.04999999999995,0,0,700
E06-s7-initial-0d4dc61c-1752-41da-b36f-737af44c615d,E06 r1,quote,30,700,0,164.04999999999995,94,94,700
E06-s7-initial-0d4dc61c-1752-41da-b36f-737af44c615d,E06 r1,quote,40,700,0,161.0,0,0,700
E06-s7-initial-0d4dc61c-1752-41da-b36f-737af44c615d,E06 r1,quote,50,700,0,165.0,0,0,700
E06-s7-initial-0d4dc61c-1752-41da-b36f-737af44c615d,E06 r1,quote,60,700,0,159.0,140,140,607
E06-s7-initial-0d4dc61c-1752-41da-b36f-737af44c615d,E06 r1,quote,70,700,0,151.0,700,700,0
E06-s7-initial-0d4dc61c-1752-41da-b36f-737af44c615d,E06 r1,quote,80,700,0,150.0,700,700,0
E06-s7-initial-0d4dc61c-1752-41da-b36f-737af44c615d,E06 r1,quote,90,700,0,151.04999999999995,700,700,0
E06-s7-initial-0d4dc61c-1752-41da-b36f-737af44c615d,E06 r1,quote,100,700,0,149.04999999999995,700,700,0
E06-s7-initial-0d4dc61c-1752-41da-b36f-737af44c615d,E06 r1,quote,110,700,0,153.0,700,700,0
E06-s7-initial-0d4dc61c-1752-41da-b36f-737af44c615d,E06 r1,quote,120,700,0,150.0,700,700,0
E06-s7-initial-0d4dc61c-1752-41da-b36f-737af44c615d,E06 r1,quote,130,700,0,150.04999999999995,700,700,0
E06-s7-initial-0d4dc61c-1752-41da-b36f-737af44c615d,E06 r1,quote,140,700,0,150.0,700,700,0
E06-s7-initial-0d4dc61c-1752-41da-b36f-737af44c615d,E06 r1,quote,150,700,0,152.04999999999995,700,700,0
E06-s7-initial-0d4dc61c-1752-41da-b36f-737af44c615d,E06 r1,quote,160,700,0,150.0,700,700,0
E06-s7-initial-0d4dc61c-1752-41da-b36f-737af44c615d,E06 r1,quote,170,700,0,150.04999999999995,700,700,0
E06-s7-initial-0d4dc61c-1752-41da-b36f-737af44c615d,E06 r1,quote,180,700,0,150.04999999999995,700,700,0
E06-s7-initial-0d4dc61c-1752-41da-b36f-737af44c615d,E06 r1,quote,190,700,0,151.0,700,700,0
E06-s7-initial-0d4dc61c-1752-41da-b36f-737af44c615d,E06 r1,quote,200,700,0,149.0,700,700,0
E06-s7-initial-0d4dc61c-1752-41da-b36f-737af44c615d,E06 r1,quote,210,700,0,149.0,700,700,0
E06-s7-initial-0d4dc61c-1752-41da-b36f-737af44c615d,E06 r1,quote,220,700,0,151.0,700,700,0
E06-s7-initial-0d4dc61c-1752-41da-b36f-737af44c615d,E06 r1,quote,230,700,0,151.04999999999995,700,700,0
E06-s7-initial-0d4dc61c-1752-41da-b36f-737af44c615d,E06 r1,quote,240,700,0,151.0,700,700,0
E06-s7-initial-0d4dc61c-1752-41da-b36f-737af44c615d,E06 r1,quote,250,700,0,150.0,700,700,0
E06-s7-initial-0d4dc61c-1752-41da-b36f-737af44c615d,E06 r1,quote,260,700,0,151.0,700,700,0
E06-s7-initial-0d4dc61c-1752-41da-b36f-737af44c615d,E06 r1,quote,270,700,0,152.0,700,700,0
E06-s7-initial-0d4dc61c-1752-41da-b36f-737af44c615d,E06 r1,quote,280,700,0,152.0,700,700,0
E06-s7-initial-0d4dc61c-1752-41da-b36f-737af44c615d,E06 r1,quote,290,700,0,151.0,700,700,0
E06-s7-initial-0d4dc61c-1752-41da-b36f-737af44c615d,E06 r1,profile,0,300,0,162.0,5,5,299
E06-s7-initial-0d4dc61c-1752-41da-b36f-737af44c615d,E06 r1,profile,10,300,0,163.0,61,61,284
E06-s7-initial-0d4dc61c-1752-41da-b36f-737af44c615d,E06 r1,profile,20,300,0,160.0,21,21,280
E06-s7-initial-0d4dc61c-1752-41da-b36f-737af44c615d,E06 r1,profile,30,300,0,161.0,24,24,280
E06-s7-initial-0d4dc61c-1752-41da-b36f-737af44c615d,E06 r1,profile,40,300,0,161.0,63,63,280
E06-s7-initial-0d4dc61c-1752-41da-b36f-737af44c615d,E06 r1,profile,50,300,0,162.0,20,19,281
E06-s7-initial-0d4dc61c-1752-41da-b36f-737af44c615d,E06 r1,profile,60,300,0,159.0,57,57,245
E06-s7-initial-0d4dc61c-1752-41da-b36f-737af44c615d,E06 r1,profile,70,300,0,151.0,238,238,84
E06-s7-initial-0d4dc61c-1752-41da-b36f-737af44c615d,E06 r1,profile,80,300,0,149.0,300,300,0
E06-s7-initial-0d4dc61c-1752-41da-b36f-737af44c615d,E06 r1,profile,90,300,0,149.0,300,300,0
E06-s7-initial-0d4dc61c-1752-41da-b36f-737af44c615d,E06 r1,profile,100,300,0,151.0,300,300,0
E06-s7-initial-0d4dc61c-1752-41da-b36f-737af44c615d,E06 r1,profile,110,300,0,157.05,300,300,0
E06-s7-initial-0d4dc61c-1752-41da-b36f-737af44c615d,E06 r1,profile,120,300,0,152.0,300,300,0
E06-s7-initial-0d4dc61c-1752-41da-b36f-737af44c615d,E06 r1,profile,130,300,0,148.05,300,300,0
E06-s7-initial-0d4dc61c-1752-41da-b36f-737af44c615d,E06 r1,profile,140,300,0,149.0,300,300,0
E06-s7-initial-0d4dc61c-1752-41da-b36f-737af44c615d,E06 r1,profile,150,300,0,149.0,300,300,0
E06-s7-initial-0d4dc61c-1752-41da-b36f-737af44c615d,E06 r1,profile,160,300,0,154.0,300,300,0
E06-s7-initial-0d4dc61c-1752-41da-b36f-737af44c615d,E06 r1,profile,170,300,0,151.0,300,300,0
E06-s7-initial-0d4dc61c-1752-41da-b36f-737af44c615d,E06 r1,profile,180,300,0,149.05,300,300,0
E06-s7-initial-0d4dc61c-1752-41da-b36f-737af44c615d,E06 r1,profile,190,300,0,149.0,300,300,0
E06-s7-initial-0d4dc61c-1752-41da-b36f-737af44c615d,E06 r1,profile,200,300,0,150.05,300,300,0
E06-s7-initial-0d4dc61c-1752-41da-b36f-737af44c615d,E06 r1,profile,210,300,0,147.0,300,300,0
E06-s7-initial-0d4dc61c-1752-41da-b36f-737af44c615d,E06 r1,profile,220,300,0,150.0,300,300,0
E06-s7-initial-0d4dc61c-1752-41da-b36f-737af44c615d,E06 r1,profile,230,300,0,148.0,300,299,0
E06-s7-initial-0d4dc61c-1752-41da-b36f-737af44c615d,E06 r1,profile,240,300,0,151.0,300,300,0
E06-s7-initial-0d4dc61c-1752-41da-b36f-737af44c615d,E06 r1,profile,250,300,0,149.0,300,300,0
E06-s7-initial-0d4dc61c-1752-41da-b36f-737af44c615d,E06 r1,profile,260,300,0,149.05,300,300,0
E06-s7-initial-0d4dc61c-1752-41da-b36f-737af44c615d,E06 r1,profile,270,300,0,153.0,300,300,0
E06-s7-initial-0d4dc61c-1752-41da-b36f-737af44c615d,E06 r1,profile,280,300,0,154.05,300,300,0
E06-s7-initial-0d4dc61c-1752-41da-b36f-737af44c615d,E06 r1,profile,290,300,0,153.0,300,300,0
E04-s7-initial-38fc9da2-7803-4965-bf73-c771adef8732,E04 r3,quote,0,700,0,178.0,195,155,524
E04-s7-initial-38fc9da2-7803-4965-bf73-c771adef8732,E04 r3,quote,10,700,0,177.04999999999995,160,125,544
E04-s7-initial-38fc9da2-7803-4965-bf73-c771adef8732,E04 r3,quote,20,700,0,183.04999999999995,182,127,543
E04-s7-initial-38fc9da2-7803-4965-bf73-c771adef8732,E04 r3,quote,30,700,0,185.0,197,127,522
E04-s7-initial-38fc9da2-7803-4965-bf73-c771adef8732,E04 r3,quote,40,700,1,182.0,156,131,547
E04-s7-initial-38fc9da2-7803-4965-bf73-c771adef8732,E04 r3,quote,50,700,0,190.0,194,116,532
E04-s7-initial-38fc9da2-7803-4965-bf73-c771adef8732,E04 r3,quote,60,700,0,187.0,223,164,494
E04-s7-initial-38fc9da2-7803-4965-bf73-c771adef8732,E04 r3,quote,70,700,0,187.04999999999995,199,141,505
E04-s7-initial-38fc9da2-7803-4965-bf73-c771adef8732,E04 r3,quote,80,700,0,184.0,218,173,506
E04-s7-initial-38fc9da2-7803-4965-bf73-c771adef8732,E04 r3,quote,90,700,0,193.0,209,123,510
E04-s7-initial-38fc9da2-7803-4965-bf73-c771adef8732,E04 r3,quote,100,700,0,183.04999999999995,177,125,527
E04-s7-initial-38fc9da2-7803-4965-bf73-c771adef8732,E04 r3,quote,110,700,0,186.0,180,132,541
E04-s7-initial-38fc9da2-7803-4965-bf73-c771adef8732,E04 r3,quote,120,700,0,188.0,195,122,529
E04-s7-initial-38fc9da2-7803-4965-bf73-c771adef8732,E04 r3,quote,130,700,0,188.0,174,121,534
E04-s7-initial-38fc9da2-7803-4965-bf73-c771adef8732,E04 r3,quote,140,700,0,184.0,169,129,552
E04-s7-initial-38fc9da2-7803-4965-bf73-c771adef8732,E04 r3,quote,150,700,0,187.0,188,113,535
E04-s7-initial-38fc9da2-7803-4965-bf73-c771adef8732,E04 r3,quote,160,700,0,191.0,111,69,598
E04-s7-initial-38fc9da2-7803-4965-bf73-c771adef8732,E04 r3,quote,170,700,0,183.04999999999995,76,43,641
E04-s7-initial-38fc9da2-7803-4965-bf73-c771adef8732,E04 r3,quote,180,700,0,171.0,81,62,644
E04-s7-initial-38fc9da2-7803-4965-bf73-c771adef8732,E04 r3,quote,190,700,0,184.04999999999995,81,38,640
E04-s7-initial-38fc9da2-7803-4965-bf73-c771adef8732,E04 r3,quote,200,700,0,165.0,37,30,682
E04-s7-initial-38fc9da2-7803-4965-bf73-c771adef8732,E04 r3,quote,210,700,0,166.04999999999995,45,36,680
E04-s7-initial-38fc9da2-7803-4965-bf73-c771adef8732,E04 r3,quote,220,700,0,174.0,71,55,654
E04-s7-initial-38fc9da2-7803-4965-bf73-c771adef8732,E04 r3,quote,230,700,0,175.04999999999995,78,61,642
E04-s7-initial-38fc9da2-7803-4965-bf73-c771adef8732,E04 r3,quote,240,700,0,186.0,105,60,618
E04-s7-initial-38fc9da2-7803-4965-bf73-c771adef8732,E04 r3,quote,250,700,0,187.04999999999995,104,74,617
E04-s7-initial-38fc9da2-7803-4965-bf73-c771adef8732,E04 r3,quote,260,700,0,186.0,105,55,612
E04-s7-initial-38fc9da2-7803-4965-bf73-c771adef8732,E04 r3,quote,270,700,0,179.0,142,107,578
E04-s7-initial-38fc9da2-7803-4965-bf73-c771adef8732,E04 r3,quote,280,700,0,183.0999999999999,127,83,593
E04-s7-initial-38fc9da2-7803-4965-bf73-c771adef8732,E04 r3,quote,290,700,0,176.0,95,68,619
E04-s7-initial-38fc9da2-7803-4965-bf73-c771adef8732,E04 r3,profile,0,300,0,164.05,4,2,300
E04-s7-initial-38fc9da2-7803-4965-bf73-c771adef8732,E04 r3,profile,10,300,0,171.20000000000005,26,14,300
E04-s7-initial-38fc9da2-7803-4965-bf73-c771adef8732,E04 r3,profile,20,300,0,166.10000000000002,10,5,300
E04-s7-initial-38fc9da2-7803-4965-bf73-c771adef8732,E04 r3,profile,30,300,0,161.0,6,6,300
E04-s7-initial-38fc9da2-7803-4965-bf73-c771adef8732,E04 r3,profile,40,300,0,167.0,37,34,292
E04-s7-initial-38fc9da2-7803-4965-bf73-c771adef8732,E04 r3,profile,50,300,0,180.0,27,15,282
E04-s7-initial-38fc9da2-7803-4965-bf73-c771adef8732,E04 r3,profile,60,300,0,170.05,27,18,278
E04-s7-initial-38fc9da2-7803-4965-bf73-c771adef8732,E04 r3,profile,70,300,0,185.0,99,88,223
E04-s7-initial-38fc9da2-7803-4965-bf73-c771adef8732,E04 r3,profile,80,300,0,182.0,100,83,212
E04-s7-initial-38fc9da2-7803-4965-bf73-c771adef8732,E04 r3,profile,90,300,0,190.0,69,33,235
E04-s7-initial-38fc9da2-7803-4965-bf73-c771adef8732,E04 r3,profile,100,300,0,184.05,69,46,244
E04-s7-initial-38fc9da2-7803-4965-bf73-c771adef8732,E04 r3,profile,110,300,0,194.25000000000006,84,34,223
E04-s7-initial-38fc9da2-7803-4965-bf73-c771adef8732,E04 r3,profile,120,300,0,165.05,46,43,260
E04-s7-initial-38fc9da2-7803-4965-bf73-c771adef8732,E04 r3,profile,130,300,0,179.0,50,31,260
E04-s7-initial-38fc9da2-7803-4965-bf73-c771adef8732,E04 r3,profile,140,300,0,183.0,59,38,260
E04-s7-initial-38fc9da2-7803-4965-bf73-c771adef8732,E04 r3,profile,150,300,0,167.10000000000002,26,13,278
E04-s7-initial-38fc9da2-7803-4965-bf73-c771adef8732,E04 r3,profile,160,300,0,170.05,13,11,290
E04-s7-initial-38fc9da2-7803-4965-bf73-c771adef8732,E04 r3,profile,170,300,0,176.05,34,23,290
E04-s7-initial-38fc9da2-7803-4965-bf73-c771adef8732,E04 r3,profile,180,300,0,161.0,33,33,280
E04-s7-initial-38fc9da2-7803-4965-bf73-c771adef8732,E04 r3,profile,190,300,0,184.0,23,10,280
E04-s7-initial-38fc9da2-7803-4965-bf73-c771adef8732,E04 r3,profile,200,300,0,187.05,39,20,280
E04-s7-initial-38fc9da2-7803-4965-bf73-c771adef8732,E04 r3,profile,210,300,0,163.0,33,28,281
E04-s7-initial-38fc9da2-7803-4965-bf73-c771adef8732,E04 r3,profile,220,300,0,166.0,23,18,280
E04-s7-initial-38fc9da2-7803-4965-bf73-c771adef8732,E04 r3,profile,230,300,0,175.0,47,38,280
E04-s7-initial-38fc9da2-7803-4965-bf73-c771adef8732,E04 r3,profile,240,300,0,180.0,35,21,275
E04-s7-initial-38fc9da2-7803-4965-bf73-c771adef8732,E04 r3,profile,250,300,0,171.05,42,35,260
E04-s7-initial-38fc9da2-7803-4965-bf73-c771adef8732,E04 r3,profile,260,300,0,189.05,60,25,261
E04-s7-initial-38fc9da2-7803-4965-bf73-c771adef8732,E04 r3,profile,270,300,0,173.15000000000003,40,29,269
E04-s7-initial-38fc9da2-7803-4965-bf73-c771adef8732,E04 r3,profile,280,300,0,171.0,29,18,272
E04-s7-initial-38fc9da2-7803-4965-bf73-c771adef8732,E04 r3,profile,290,300,0,158.0,54,54,266
E02-s7-initial-2cd679cc-bd46-4060-abcf-cc023178a89c,E02 r3,quote,0,700,0,213.04999999999995,700,700,0
E02-s7-initial-2cd679cc-bd46-4060-abcf-cc023178a89c,E02 r3,quote,10,700,0,215.0,700,697,0
E02-s7-initial-2cd679cc-bd46-4060-abcf-cc023178a89c,E02 r3,quote,20,700,0,214.0,700,700,0
E02-s7-initial-2cd679cc-bd46-4060-abcf-cc023178a89c,E02 r3,quote,30,700,0,212.0,700,699,0
E02-s7-initial-2cd679cc-bd46-4060-abcf-cc023178a89c,E02 r3,quote,40,700,0,218.0,700,700,0
E02-s7-initial-2cd679cc-bd46-4060-abcf-cc023178a89c,E02 r3,quote,50,700,0,213.0,700,699,0
E02-s7-initial-2cd679cc-bd46-4060-abcf-cc023178a89c,E02 r3,quote,60,700,0,214.04999999999995,700,700,0
E02-s7-initial-2cd679cc-bd46-4060-abcf-cc023178a89c,E02 r3,quote,70,700,0,216.0,700,700,0
E02-s7-initial-2cd679cc-bd46-4060-abcf-cc023178a89c,E02 r3,quote,80,700,0,213.0,700,700,0
E02-s7-initial-2cd679cc-bd46-4060-abcf-cc023178a89c,E02 r3,quote,90,700,0,213.0,700,699,0
E02-s7-initial-2cd679cc-bd46-4060-abcf-cc023178a89c,E02 r3,quote,100,700,0,212.0,700,700,0
E02-s7-initial-2cd679cc-bd46-4060-abcf-cc023178a89c,E02 r3,quote,110,700,0,212.0,700,699,0
E02-s7-initial-2cd679cc-bd46-4060-abcf-cc023178a89c,E02 r3,quote,120,700,0,215.0,700,699,0
E02-s7-initial-2cd679cc-bd46-4060-abcf-cc023178a89c,E02 r3,quote,130,700,0,217.0,700,699,0
E02-s7-initial-2cd679cc-bd46-4060-abcf-cc023178a89c,E02 r3,quote,140,700,0,213.04999999999995,700,700,0
E02-s7-initial-2cd679cc-bd46-4060-abcf-cc023178a89c,E02 r3,quote,150,700,0,215.0,700,700,0
E02-s7-initial-2cd679cc-bd46-4060-abcf-cc023178a89c,E02 r3,quote,160,700,0,215.04999999999995,700,700,0
E02-s7-initial-2cd679cc-bd46-4060-abcf-cc023178a89c,E02 r3,quote,170,700,0,212.0,700,699,0
E02-s7-initial-2cd679cc-bd46-4060-abcf-cc023178a89c,E02 r3,quote,180,700,0,215.04999999999995,700,700,0
E02-s7-initial-2cd679cc-bd46-4060-abcf-cc023178a89c,E02 r3,quote,190,700,0,213.0,700,700,0
E02-s7-initial-2cd679cc-bd46-4060-abcf-cc023178a89c,E02 r3,quote,200,700,0,215.0,700,698,0
E02-s7-initial-2cd679cc-bd46-4060-abcf-cc023178a89c,E02 r3,quote,210,700,0,212.04999999999995,700,700,0
E02-s7-initial-2cd679cc-bd46-4060-abcf-cc023178a89c,E02 r3,quote,220,700,0,212.0,700,700,0
E02-s7-initial-2cd679cc-bd46-4060-abcf-cc023178a89c,E02 r3,quote,230,700,0,213.0,700,700,0
E02-s7-initial-2cd679cc-bd46-4060-abcf-cc023178a89c,E02 r3,quote,240,700,0,213.0,700,700,0
E02-s7-initial-2cd679cc-bd46-4060-abcf-cc023178a89c,E02 r3,quote,250,700,0,225.0,700,700,0
E02-s7-initial-2cd679cc-bd46-4060-abcf-cc023178a89c,E02 r3,quote,260,700,0,213.0,700,700,0
E02-s7-initial-2cd679cc-bd46-4060-abcf-cc023178a89c,E02 r3,quote,270,700,0,215.0,700,700,0
E02-s7-initial-2cd679cc-bd46-4060-abcf-cc023178a89c,E02 r3,quote,280,700,0,212.0,700,700,0
E02-s7-initial-2cd679cc-bd46-4060-abcf-cc023178a89c,E02 r3,quote,290,700,0,215.0,700,700,0
E02-s7-initial-2cd679cc-bd46-4060-abcf-cc023178a89c,E02 r3,profile,0,300,0,216.0,300,299,0
E02-s7-initial-2cd679cc-bd46-4060-abcf-cc023178a89c,E02 r3,profile,10,300,0,217.0,300,300,0
E02-s7-initial-2cd679cc-bd46-4060-abcf-cc023178a89c,E02 r3,profile,20,300,0,214.0,300,300,0
E02-s7-initial-2cd679cc-bd46-4060-abcf-cc023178a89c,E02 r3,profile,30,300,0,212.0,300,300,0
E02-s7-initial-2cd679cc-bd46-4060-abcf-cc023178a89c,E02 r3,profile,40,300,0,214.0,300,300,0
E02-s7-initial-2cd679cc-bd46-4060-abcf-cc023178a89c,E02 r3,profile,50,300,0,215.05,300,300,0
E02-s7-initial-2cd679cc-bd46-4060-abcf-cc023178a89c,E02 r3,profile,60,300,0,212.0,300,300,0
E02-s7-initial-2cd679cc-bd46-4060-abcf-cc023178a89c,E02 r3,profile,70,300,0,212.0,300,300,0
E02-s7-initial-2cd679cc-bd46-4060-abcf-cc023178a89c,E02 r3,profile,80,300,0,211.15000000000003,300,300,0
E02-s7-initial-2cd679cc-bd46-4060-abcf-cc023178a89c,E02 r3,profile,90,300,0,213.05,300,299,0
E02-s7-initial-2cd679cc-bd46-4060-abcf-cc023178a89c,E02 r3,profile,100,300,0,213.0,300,299,0
E02-s7-initial-2cd679cc-bd46-4060-abcf-cc023178a89c,E02 r3,profile,110,300,0,213.0,300,300,0
E02-s7-initial-2cd679cc-bd46-4060-abcf-cc023178a89c,E02 r3,profile,120,300,0,217.0,300,299,0
E02-s7-initial-2cd679cc-bd46-4060-abcf-cc023178a89c,E02 r3,profile,130,300,0,216.0,300,299,0
E02-s7-initial-2cd679cc-bd46-4060-abcf-cc023178a89c,E02 r3,profile,140,300,0,211.05,300,300,0
E02-s7-initial-2cd679cc-bd46-4060-abcf-cc023178a89c,E02 r3,profile,150,300,0,215.0,300,300,0
E02-s7-initial-2cd679cc-bd46-4060-abcf-cc023178a89c,E02 r3,profile,160,300,0,212.0,300,300,0
E02-s7-initial-2cd679cc-bd46-4060-abcf-cc023178a89c,E02 r3,profile,170,300,0,211.0,300,300,0
E02-s7-initial-2cd679cc-bd46-4060-abcf-cc023178a89c,E02 r3,profile,180,300,0,212.05,300,300,0
E02-s7-initial-2cd679cc-bd46-4060-abcf-cc023178a89c,E02 r3,profile,190,300,0,213.0,300,300,0
E02-s7-initial-2cd679cc-bd46-4060-abcf-cc023178a89c,E02 r3,profile,200,300,0,212.0,300,300,0
E02-s7-initial-2cd679cc-bd46-4060-abcf-cc023178a89c,E02 r3,profile,210,300,0,212.05,300,300,0
E02-s7-initial-2cd679cc-bd46-4060-abcf-cc023178a89c,E02 r3,profile,220,300,0,210.05,300,300,0
E02-s7-initial-2cd679cc-bd46-4060-abcf-cc023178a89c,E02 r3,profile,230,300,0,211.05,300,300,0
E02-s7-initial-2cd679cc-bd46-4060-abcf-cc023178a89c,E02 r3,profile,240,300,0,214.05,300,300,0
E02-s7-initial-2cd679cc-bd46-4060-abcf-cc023178a89c,E02 r3,profile,250,300,0,225.05,300,300,0
E02-s7-initial-2cd679cc-bd46-4060-abcf-cc023178a89c,E02 r3,profile,260,300,0,214.05,300,300,0
E02-s7-initial-2cd679cc-bd46-4060-abcf-cc023178a89c,E02 r3,profile,270,300,0,214.05,300,300,0
E02-s7-initial-2cd679cc-bd46-4060-abcf-cc023178a89c,E02 r3,profile,280,300,0,214.05,300,300,0
E02-s7-initial-2cd679cc-bd46-4060-abcf-cc023178a89c,E02 r3,profile,290,300,0,216.05,300,300,0
E06-s7-initial-4dcf11b4-30f9-431e-8de0-7f5929313940,E06 r3,quote,0,700,0,159.0,98,98,696
E06-s7-initial-4dcf11b4-30f9-431e-8de0-7f5929313940,E06 r3,quote,10,700,0,159.0,0,0,700
E06-s7-initial-4dcf11b4-30f9-431e-8de0-7f5929313940,E06 r3,quote,20,700,0,159.04999999999995,2,2,700
E06-s7-initial-4dcf11b4-30f9-431e-8de0-7f5929313940,E06 r3,quote,30,700,0,160.0,96,96,700
E06-s7-initial-4dcf11b4-30f9-431e-8de0-7f5929313940,E06 r3,quote,40,700,0,164.0,0,0,700
E06-s7-initial-4dcf11b4-30f9-431e-8de0-7f5929313940,E06 r3,quote,50,700,0,163.04999999999995,18,18,684
E06-s7-initial-4dcf11b4-30f9-431e-8de0-7f5929313940,E06 r3,quote,60,700,0,162.0,145,145,602
E06-s7-initial-4dcf11b4-30f9-431e-8de0-7f5929313940,E06 r3,quote,70,700,0,154.0,673,672,28
E06-s7-initial-4dcf11b4-30f9-431e-8de0-7f5929313940,E06 r3,quote,80,700,0,154.04999999999995,673,673,28
E06-s7-initial-4dcf11b4-30f9-431e-8de0-7f5929313940,E06 r3,quote,90,700,0,155.0,681,681,20
E06-s7-initial-4dcf11b4-30f9-431e-8de0-7f5929313940,E06 r3,quote,100,700,0,153.0,687,687,14
E06-s7-initial-4dcf11b4-30f9-431e-8de0-7f5929313940,E06 r3,quote,110,700,0,152.0,687,687,14
E06-s7-initial-4dcf11b4-30f9-431e-8de0-7f5929313940,E06 r3,quote,120,700,0,151.0,686,686,14
E06-s7-initial-4dcf11b4-30f9-431e-8de0-7f5929313940,E06 r3,quote,130,700,0,153.0,686,686,14
E06-s7-initial-4dcf11b4-30f9-431e-8de0-7f5929313940,E06 r3,quote,140,700,0,152.0,700,700,1
E06-s7-initial-4dcf11b4-30f9-431e-8de0-7f5929313940,E06 r3,quote,150,700,0,151.0,700,700,0
E06-s7-initial-4dcf11b4-30f9-431e-8de0-7f5929313940,E06 r3,quote,160,700,0,152.0,700,700,0
E06-s7-initial-4dcf11b4-30f9-431e-8de0-7f5929313940,E06 r3,quote,170,700,0,153.0,700,700,0
E06-s7-initial-4dcf11b4-30f9-431e-8de0-7f5929313940,E06 r3,quote,180,700,0,153.0,700,700,0
E06-s7-initial-4dcf11b4-30f9-431e-8de0-7f5929313940,E06 r3,quote,190,700,0,151.04999999999995,700,700,0
E06-s7-initial-4dcf11b4-30f9-431e-8de0-7f5929313940,E06 r3,quote,200,700,0,150.0,700,700,0
E06-s7-initial-4dcf11b4-30f9-431e-8de0-7f5929313940,E06 r3,quote,210,700,0,151.04999999999995,700,700,0
E06-s7-initial-4dcf11b4-30f9-431e-8de0-7f5929313940,E06 r3,quote,220,700,0,152.0,700,700,0
E06-s7-initial-4dcf11b4-30f9-431e-8de0-7f5929313940,E06 r3,quote,230,700,0,152.0,700,700,0
E06-s7-initial-4dcf11b4-30f9-431e-8de0-7f5929313940,E06 r3,quote,240,700,0,152.0,700,700,0
E06-s7-initial-4dcf11b4-30f9-431e-8de0-7f5929313940,E06 r3,quote,250,700,0,152.0,700,700,0
E06-s7-initial-4dcf11b4-30f9-431e-8de0-7f5929313940,E06 r3,quote,260,700,0,151.0,700,700,0
E06-s7-initial-4dcf11b4-30f9-431e-8de0-7f5929313940,E06 r3,quote,270,700,0,152.0,700,700,0
E06-s7-initial-4dcf11b4-30f9-431e-8de0-7f5929313940,E06 r3,quote,280,700,0,153.0,700,700,0
E06-s7-initial-4dcf11b4-30f9-431e-8de0-7f5929313940,E06 r3,quote,290,700,0,154.04999999999995,700,700,0
E06-s7-initial-4dcf11b4-30f9-431e-8de0-7f5929313940,E06 r3,profile,0,300,0,159.05,8,8,300
E06-s7-initial-4dcf11b4-30f9-431e-8de0-7f5929313940,E06 r3,profile,10,300,0,160.0,43,43,299
E06-s7-initial-4dcf11b4-30f9-431e-8de0-7f5929313940,E06 r3,profile,20,300,0,162.0,12,12,290
E06-s7-initial-4dcf11b4-30f9-431e-8de0-7f5929313940,E06 r3,profile,30,300,0,158.0,11,11,299
E06-s7-initial-4dcf11b4-30f9-431e-8de0-7f5929313940,E06 r3,profile,40,300,0,162.15000000000003,42,42,300
E06-s7-initial-4dcf11b4-30f9-431e-8de0-7f5929313940,E06 r3,profile,50,300,0,165.10000000000002,2,2,300
E06-s7-initial-4dcf11b4-30f9-431e-8de0-7f5929313940,E06 r3,profile,60,300,0,159.05,30,30,276
E06-s7-initial-4dcf11b4-30f9-431e-8de0-7f5929313940,E06 r3,profile,70,300,0,156.10000000000002,225,225,96
E06-s7-initial-4dcf11b4-30f9-431e-8de0-7f5929313940,E06 r3,profile,80,300,0,154.0,290,290,11
E06-s7-initial-4dcf11b4-30f9-431e-8de0-7f5929313940,E06 r3,profile,90,300,0,152.05,300,300,1
E06-s7-initial-4dcf11b4-30f9-431e-8de0-7f5929313940,E06 r3,profile,100,300,0,155.05,300,300,0
E06-s7-initial-4dcf11b4-30f9-431e-8de0-7f5929313940,E06 r3,profile,110,300,0,154.0,300,300,0
E06-s7-initial-4dcf11b4-30f9-431e-8de0-7f5929313940,E06 r3,profile,120,300,0,152.0,300,300,0
E06-s7-initial-4dcf11b4-30f9-431e-8de0-7f5929313940,E06 r3,profile,130,300,0,152.0,300,300,0
E06-s7-initial-4dcf11b4-30f9-431e-8de0-7f5929313940,E06 r3,profile,140,300,0,153.05,300,299,0
E06-s7-initial-4dcf11b4-30f9-431e-8de0-7f5929313940,E06 r3,profile,150,300,0,151.0,300,300,0
E06-s7-initial-4dcf11b4-30f9-431e-8de0-7f5929313940,E06 r3,profile,160,300,0,152.0,300,300,0
E06-s7-initial-4dcf11b4-30f9-431e-8de0-7f5929313940,E06 r3,profile,170,300,0,152.0,300,300,0
E06-s7-initial-4dcf11b4-30f9-431e-8de0-7f5929313940,E06 r3,profile,180,300,0,152.05,300,300,0
E06-s7-initial-4dcf11b4-30f9-431e-8de0-7f5929313940,E06 r3,profile,190,300,0,151.0,300,300,0
E06-s7-initial-4dcf11b4-30f9-431e-8de0-7f5929313940,E06 r3,profile,200,300,0,150.0,300,300,0
E06-s7-initial-4dcf11b4-30f9-431e-8de0-7f5929313940,E06 r3,profile,210,300,0,153.0,300,300,0
E06-s7-initial-4dcf11b4-30f9-431e-8de0-7f5929313940,E06 r3,profile,220,300,0,154.0,300,300,0
E06-s7-initial-4dcf11b4-30f9-431e-8de0-7f5929313940,E06 r3,profile,230,300,0,154.05,300,300,0
E06-s7-initial-4dcf11b4-30f9-431e-8de0-7f5929313940,E06 r3,profile,240,300,0,153.05,300,300,0
E06-s7-initial-4dcf11b4-30f9-431e-8de0-7f5929313940,E06 r3,profile,250,300,0,156.05,300,300,0
E06-s7-initial-4dcf11b4-30f9-431e-8de0-7f5929313940,E06 r3,profile,260,300,0,153.05,300,300,0
E06-s7-initial-4dcf11b4-30f9-431e-8de0-7f5929313940,E06 r3,profile,270,300,0,152.0,300,300,0
E06-s7-initial-4dcf11b4-30f9-431e-8de0-7f5929313940,E06 r3,profile,280,300,0,153.0,300,300,0
E06-s7-initial-4dcf11b4-30f9-431e-8de0-7f5929313940,E06 r3,profile,290,300,0,158.0,300,300,0
E08-s7-initial-4fb8bfec-855d-44fe-965d-32802c675f24,E08 revocado r1,quote,0,699,0,110.0,0,0,0
E08-s7-initial-4fb8bfec-855d-44fe-965d-32802c675f24,E08 revocado r1,quote,10,701,0,110.0,0,0,0
E08-s7-initial-4fb8bfec-855d-44fe-965d-32802c675f24,E08 revocado r1,quote,20,700,0,110.0,0,0,0
E08-s7-initial-4fb8bfec-855d-44fe-965d-32802c675f24,E08 revocado r1,quote,30,700,0,108.0,0,0,0
E08-s7-initial-4fb8bfec-855d-44fe-965d-32802c675f24,E08 revocado r1,quote,40,700,0,108.0,0,0,0
E08-s7-initial-4fb8bfec-855d-44fe-965d-32802c675f24,E08 revocado r1,quote,50,700,0,108.04999999999995,0,0,0
E08-s7-initial-4fb8bfec-855d-44fe-965d-32802c675f24,E08 revocado r1,quote,60,700,0,109.0,0,0,0
E08-s7-initial-4fb8bfec-855d-44fe-965d-32802c675f24,E08 revocado r1,quote,70,700,0,109.0,0,0,0
E08-s7-initial-4fb8bfec-855d-44fe-965d-32802c675f24,E08 revocado r1,quote,80,700,0,109.0,0,0,0
E08-s7-initial-4fb8bfec-855d-44fe-965d-32802c675f24,E08 revocado r1,quote,90,700,0,109.0,0,0,0
E08-s7-initial-4fb8bfec-855d-44fe-965d-32802c675f24,E08 revocado r1,quote,100,700,0,107.04999999999995,0,0,0
E08-s7-initial-4fb8bfec-855d-44fe-965d-32802c675f24,E08 revocado r1,quote,110,700,0,109.0,0,0,0
E08-s7-initial-4fb8bfec-855d-44fe-965d-32802c675f24,E08 revocado r1,quote,120,700,0,109.04999999999995,0,0,0
E08-s7-initial-4fb8bfec-855d-44fe-965d-32802c675f24,E08 revocado r1,quote,130,700,0,108.04999999999995,0,0,0
E08-s7-initial-4fb8bfec-855d-44fe-965d-32802c675f24,E08 revocado r1,quote,140,700,0,110.0,0,0,0
E08-s7-initial-4fb8bfec-855d-44fe-965d-32802c675f24,E08 revocado r1,quote,150,700,0,109.0,0,0,0
E08-s7-initial-4fb8bfec-855d-44fe-965d-32802c675f24,E08 revocado r1,quote,160,700,0,107.0,0,0,0
E08-s7-initial-4fb8bfec-855d-44fe-965d-32802c675f24,E08 revocado r1,quote,170,700,0,108.04999999999995,0,0,0
E08-s7-initial-4fb8bfec-855d-44fe-965d-32802c675f24,E08 revocado r1,quote,180,700,0,109.0,0,0,0
E08-s7-initial-4fb8bfec-855d-44fe-965d-32802c675f24,E08 revocado r1,quote,190,700,0,107.0,0,0,0
E08-s7-initial-4fb8bfec-855d-44fe-965d-32802c675f24,E08 revocado r1,quote,200,700,0,108.0,0,0,0
E08-s7-initial-4fb8bfec-855d-44fe-965d-32802c675f24,E08 revocado r1,quote,210,699,0,107.0,0,0,0
E08-s7-initial-4fb8bfec-855d-44fe-965d-32802c675f24,E08 revocado r1,quote,220,701,0,110.0,0,0,0
E08-s7-initial-4fb8bfec-855d-44fe-965d-32802c675f24,E08 revocado r1,quote,230,700,0,110.0,0,0,0
E08-s7-initial-4fb8bfec-855d-44fe-965d-32802c675f24,E08 revocado r1,quote,240,700,0,110.0,0,0,0
E08-s7-initial-4fb8bfec-855d-44fe-965d-32802c675f24,E08 revocado r1,quote,250,700,0,110.0,0,0,0
E08-s7-initial-4fb8bfec-855d-44fe-965d-32802c675f24,E08 revocado r1,quote,260,700,0,110.0,0,0,0
E08-s7-initial-4fb8bfec-855d-44fe-965d-32802c675f24,E08 revocado r1,quote,270,700,1,109.0,0,0,0
E08-s7-initial-4fb8bfec-855d-44fe-965d-32802c675f24,E08 revocado r1,quote,280,700,0,109.0,0,0,0
E08-s7-initial-4fb8bfec-855d-44fe-965d-32802c675f24,E08 revocado r1,quote,290,700,0,106.0,0,0,0
E08-s7-initial-4fb8bfec-855d-44fe-965d-32802c675f24,E08 revocado r1,profile,0,299,0,111.0,0,0,0
E08-s7-initial-4fb8bfec-855d-44fe-965d-32802c675f24,E08 revocado r1,profile,10,301,0,111.0,0,0,0
E08-s7-initial-4fb8bfec-855d-44fe-965d-32802c675f24,E08 revocado r1,profile,20,300,0,111.0,0,0,0
E08-s7-initial-4fb8bfec-855d-44fe-965d-32802c675f24,E08 revocado r1,profile,30,300,0,110.05000000000001,0,0,0
E08-s7-initial-4fb8bfec-855d-44fe-965d-32802c675f24,E08 revocado r1,profile,40,300,0,109.0,0,0,0
E08-s7-initial-4fb8bfec-855d-44fe-965d-32802c675f24,E08 revocado r1,profile,50,300,0,111.0,0,0,0
E08-s7-initial-4fb8bfec-855d-44fe-965d-32802c675f24,E08 revocado r1,profile,60,300,0,111.0,0,0,0
E08-s7-initial-4fb8bfec-855d-44fe-965d-32802c675f24,E08 revocado r1,profile,70,300,0,109.05000000000001,0,0,0
E08-s7-initial-4fb8bfec-855d-44fe-965d-32802c675f24,E08 revocado r1,profile,80,300,0,106.05000000000001,0,0,0
E08-s7-initial-4fb8bfec-855d-44fe-965d-32802c675f24,E08 revocado r1,profile,90,300,0,107.0,0,0,0
E08-s7-initial-4fb8bfec-855d-44fe-965d-32802c675f24,E08 revocado r1,profile,100,300,0,108.0,0,0,0
E08-s7-initial-4fb8bfec-855d-44fe-965d-32802c675f24,E08 revocado r1,profile,110,300,0,109.05000000000001,0,0,0
E08-s7-initial-4fb8bfec-855d-44fe-965d-32802c675f24,E08 revocado r1,profile,120,300,0,108.05000000000001,0,0,0
E08-s7-initial-4fb8bfec-855d-44fe-965d-32802c675f24,E08 revocado r1,profile,130,300,0,108.0,0,0,0
E08-s7-initial-4fb8bfec-855d-44fe-965d-32802c675f24,E08 revocado r1,profile,140,300,0,108.0,0,0,0
E08-s7-initial-4fb8bfec-855d-44fe-965d-32802c675f24,E08 revocado r1,profile,150,300,0,109.0,0,0,0
E08-s7-initial-4fb8bfec-855d-44fe-965d-32802c675f24,E08 revocado r1,profile,160,300,0,108.0,0,0,0
E08-s7-initial-4fb8bfec-855d-44fe-965d-32802c675f24,E08 revocado r1,profile,170,300,0,107.0,0,0,0
E08-s7-initial-4fb8bfec-855d-44fe-965d-32802c675f24,E08 revocado r1,profile,180,300,0,110.0,0,0,0
E08-s7-initial-4fb8bfec-855d-44fe-965d-32802c675f24,E08 revocado r1,profile,190,300,0,108.0,0,0,0
E08-s7-initial-4fb8bfec-855d-44fe-965d-32802c675f24,E08 revocado r1,profile,200,300,0,109.0,0,0,0
E08-s7-initial-4fb8bfec-855d-44fe-965d-32802c675f24,E08 revocado r1,profile,210,299,0,108.09999999999997,0,0,0
E08-s7-initial-4fb8bfec-855d-44fe-965d-32802c675f24,E08 revocado r1,profile,220,301,0,112.0,0,0,0
E08-s7-initial-4fb8bfec-855d-44fe-965d-32802c675f24,E08 revocado r1,profile,230,300,0,109.05000000000001,0,0,0
E08-s7-initial-4fb8bfec-855d-44fe-965d-32802c675f24,E08 revocado r1,profile,240,300,0,110.0,0,0,0
E08-s7-initial-4fb8bfec-855d-44fe-965d-32802c675f24,E08 revocado r1,profile,250,300,0,108.0,0,0,0
E08-s7-initial-4fb8bfec-855d-44fe-965d-32802c675f24,E08 revocado r1,profile,260,300,0,107.0,0,0,0
E08-s7-initial-4fb8bfec-855d-44fe-965d-32802c675f24,E08 revocado r1,profile,270,300,0,110.0,0,0,0
E08-s7-initial-4fb8bfec-855d-44fe-965d-32802c675f24,E08 revocado r1,profile,280,300,0,108.0,0,0,0
E08-s7-initial-4fb8bfec-855d-44fe-965d-32802c675f24,E08 revocado r1,profile,290,300,0,108.05000000000001,0,0,0
E06-s7-initial-7018cf53-40c6-46a0-a182-d70c26e9f552,E06 r2,quote,0,700,0,167.0,104,104,682
E06-s7-initial-7018cf53-40c6-46a0-a182-d70c26e9f552,E06 r2,quote,10,700,0,167.0,16,16,686
E06-s7-initial-7018cf53-40c6-46a0-a182-d70c26e9f552,E06 r2,quote,20,700,3,164.0,17,17,685
E06-s7-initial-7018cf53-40c6-46a0-a182-d70c26e9f552,E06 r2,quote,30,700,0,161.0,102,102,686
E06-s7-initial-7018cf53-40c6-46a0-a182-d70c26e9f552,E06 r2,quote,40,700,6,166.0,16,16,686
E06-s7-initial-7018cf53-40c6-46a0-a182-d70c26e9f552,E06 r2,quote,50,700,0,168.0,29,29,673
E06-s7-initial-7018cf53-40c6-46a0-a182-d70c26e9f552,E06 r2,quote,60,700,1,168.0,158,158,587
E06-s7-initial-7018cf53-40c6-46a0-a182-d70c26e9f552,E06 r2,quote,70,700,0,156.04999999999995,667,667,34
E06-s7-initial-7018cf53-40c6-46a0-a182-d70c26e9f552,E06 r2,quote,80,700,0,155.0,681,681,20
E06-s7-initial-7018cf53-40c6-46a0-a182-d70c26e9f552,E06 r2,quote,90,700,0,154.04999999999995,696,696,5
E06-s7-initial-7018cf53-40c6-46a0-a182-d70c26e9f552,E06 r2,quote,100,700,0,155.0,700,700,0
E06-s7-initial-7018cf53-40c6-46a0-a182-d70c26e9f552,E06 r2,quote,110,700,0,156.0,700,700,0
E06-s7-initial-7018cf53-40c6-46a0-a182-d70c26e9f552,E06 r2,quote,120,700,0,155.0,700,700,0
E06-s7-initial-7018cf53-40c6-46a0-a182-d70c26e9f552,E06 r2,quote,130,700,0,153.0,700,700,0
E06-s7-initial-7018cf53-40c6-46a0-a182-d70c26e9f552,E06 r2,quote,140,700,0,154.0,700,700,0
E06-s7-initial-7018cf53-40c6-46a0-a182-d70c26e9f552,E06 r2,quote,150,700,0,156.0,700,700,0
E06-s7-initial-7018cf53-40c6-46a0-a182-d70c26e9f552,E06 r2,quote,160,700,0,153.04999999999995,700,700,0
E06-s7-initial-7018cf53-40c6-46a0-a182-d70c26e9f552,E06 r2,quote,170,700,0,153.0,700,700,0
E06-s7-initial-7018cf53-40c6-46a0-a182-d70c26e9f552,E06 r2,quote,180,700,0,154.0,700,700,0
E06-s7-initial-7018cf53-40c6-46a0-a182-d70c26e9f552,E06 r2,quote,190,700,0,153.04999999999995,700,699,0
E06-s7-initial-7018cf53-40c6-46a0-a182-d70c26e9f552,E06 r2,quote,200,700,0,153.0,700,700,0
E06-s7-initial-7018cf53-40c6-46a0-a182-d70c26e9f552,E06 r2,quote,210,700,0,155.0,700,699,0
E06-s7-initial-7018cf53-40c6-46a0-a182-d70c26e9f552,E06 r2,quote,220,700,0,153.0,700,700,0
E06-s7-initial-7018cf53-40c6-46a0-a182-d70c26e9f552,E06 r2,quote,230,700,0,152.04999999999995,700,700,0
E06-s7-initial-7018cf53-40c6-46a0-a182-d70c26e9f552,E06 r2,quote,240,700,0,154.0,700,700,0
E06-s7-initial-7018cf53-40c6-46a0-a182-d70c26e9f552,E06 r2,quote,250,700,0,151.0,700,700,0
E06-s7-initial-7018cf53-40c6-46a0-a182-d70c26e9f552,E06 r2,quote,260,700,0,153.0,700,700,0
E06-s7-initial-7018cf53-40c6-46a0-a182-d70c26e9f552,E06 r2,quote,270,700,0,153.0,700,700,0
E06-s7-initial-7018cf53-40c6-46a0-a182-d70c26e9f552,E06 r2,quote,280,700,0,155.0,700,700,0
E06-s7-initial-7018cf53-40c6-46a0-a182-d70c26e9f552,E06 r2,quote,290,699,0,154.0,699,699,0
E06-s7-initial-7018cf53-40c6-46a0-a182-d70c26e9f552,E06 r2,profile,0,300,0,167.0,2,2,300
E06-s7-initial-7018cf53-40c6-46a0-a182-d70c26e9f552,E06 r2,profile,10,300,0,161.0,54,54,300
E06-s7-initial-7018cf53-40c6-46a0-a182-d70c26e9f552,E06 r2,profile,20,300,0,159.05,2,2,300
E06-s7-initial-7018cf53-40c6-46a0-a182-d70c26e9f552,E06 r2,profile,30,300,3,167.05,11,11,291
E06-s7-initial-7018cf53-40c6-46a0-a182-d70c26e9f552,E06 r2,profile,40,300,1,161.05,62,62,290
E06-s7-initial-7018cf53-40c6-46a0-a182-d70c26e9f552,E06 r2,profile,50,300,0,163.0,12,12,290
E06-s7-initial-7018cf53-40c6-46a0-a182-d70c26e9f552,E06 r2,profile,60,300,0,165.0,18,18,283
E06-s7-initial-7018cf53-40c6-46a0-a182-d70c26e9f552,E06 r2,profile,70,300,0,157.0,233,233,93
E06-s7-initial-7018cf53-40c6-46a0-a182-d70c26e9f552,E06 r2,profile,80,300,0,155.0,294,294,7
E06-s7-initial-7018cf53-40c6-46a0-a182-d70c26e9f552,E06 r2,profile,90,300,0,152.0,300,300,0
E06-s7-initial-7018cf53-40c6-46a0-a182-d70c26e9f552,E06 r2,profile,100,300,0,154.05,300,300,0
E06-s7-initial-7018cf53-40c6-46a0-a182-d70c26e9f552,E06 r2,profile,110,300,0,152.05,300,300,0
E06-s7-initial-7018cf53-40c6-46a0-a182-d70c26e9f552,E06 r2,profile,120,300,0,154.0,300,300,0
E06-s7-initial-7018cf53-40c6-46a0-a182-d70c26e9f552,E06 r2,profile,130,300,0,156.0,300,300,0
E06-s7-initial-7018cf53-40c6-46a0-a182-d70c26e9f552,E06 r2,profile,140,300,0,157.0,300,300,0
E06-s7-initial-7018cf53-40c6-46a0-a182-d70c26e9f552,E06 r2,profile,150,300,0,153.0,300,300,0
E06-s7-initial-7018cf53-40c6-46a0-a182-d70c26e9f552,E06 r2,profile,160,300,0,153.0,300,300,0
E06-s7-initial-7018cf53-40c6-46a0-a182-d70c26e9f552,E06 r2,profile,170,300,0,154.05,300,300,0
E06-s7-initial-7018cf53-40c6-46a0-a182-d70c26e9f552,E06 r2,profile,180,300,0,155.0,300,300,0
E06-s7-initial-7018cf53-40c6-46a0-a182-d70c26e9f552,E06 r2,profile,190,300,0,152.0,300,300,0
E06-s7-initial-7018cf53-40c6-46a0-a182-d70c26e9f552,E06 r2,profile,200,300,0,153.05,300,300,0
E06-s7-initial-7018cf53-40c6-46a0-a182-d70c26e9f552,E06 r2,profile,210,300,0,158.0,300,298,0
E06-s7-initial-7018cf53-40c6-46a0-a182-d70c26e9f552,E06 r2,profile,220,300,0,154.0,300,300,0
E06-s7-initial-7018cf53-40c6-46a0-a182-d70c26e9f552,E06 r2,profile,230,300,0,150.0,300,300,0
E06-s7-initial-7018cf53-40c6-46a0-a182-d70c26e9f552,E06 r2,profile,240,300,0,152.05,300,299,0
E06-s7-initial-7018cf53-40c6-46a0-a182-d70c26e9f552,E06 r2,profile,250,300,0,154.0,300,300,0
E06-s7-initial-7018cf53-40c6-46a0-a182-d70c26e9f552,E06 r2,profile,260,300,0,151.05,300,300,0
E06-s7-initial-7018cf53-40c6-46a0-a182-d70c26e9f552,E06 r2,profile,270,300,0,151.0,300,300,0
E06-s7-initial-7018cf53-40c6-46a0-a182-d70c26e9f552,E06 r2,profile,280,300,0,152.05,300,300,0
E06-s7-initial-7018cf53-40c6-46a0-a182-d70c26e9f552,E06 r2,profile,290,299,0,150.09999999999997,299,299,0
E05-s7-initial-365e75c7-46ba-4204-bbae-4ae59d9ef5fa,E05 r1,quote,0,700,0,202.0,468,0,232
E05-s7-initial-365e75c7-46ba-4204-bbae-4ae59d9ef5fa,E05 r1,quote,10,700,1,160.0,2,0,698
E05-s7-initial-365e75c7-46ba-4204-bbae-4ae59d9ef5fa,E05 r1,quote,20,700,3,159.0,0,0,700
E05-s7-initial-365e75c7-46ba-4204-bbae-4ae59d9ef5fa,E05 r1,quote,30,700,0,182.0,46,0,700
E05-s7-initial-365e75c7-46ba-4204-bbae-4ae59d9ef5fa,E05 r1,quote,40,700,0,168.0,11,0,690
E05-s7-initial-365e75c7-46ba-4204-bbae-4ae59d9ef5fa,E05 r1,quote,50,700,0,157.04999999999995,10,0,690
E05-s7-initial-365e75c7-46ba-4204-bbae-4ae59d9ef5fa,E05 r1,quote,60,700,0,183.0,45,0,700
E05-s7-initial-365e75c7-46ba-4204-bbae-4ae59d9ef5fa,E05 r1,quote,70,700,0,161.0,2,0,700
E05-s7-initial-365e75c7-46ba-4204-bbae-4ae59d9ef5fa,E05 r1,quote,80,700,0,157.0,10,0,690
E05-s7-initial-365e75c7-46ba-4204-bbae-4ae59d9ef5fa,E05 r1,quote,90,700,1,182.0,47,0,697
E05-s7-initial-365e75c7-46ba-4204-bbae-4ae59d9ef5fa,E05 r1,quote,100,700,1,168.0,15,0,687
E05-s7-initial-365e75c7-46ba-4204-bbae-4ae59d9ef5fa,E05 r1,quote,110,700,0,158.04999999999995,4,0,696
E05-s7-initial-365e75c7-46ba-4204-bbae-4ae59d9ef5fa,E05 r1,quote,120,700,0,182.04999999999995,44,0,700
E05-s7-initial-365e75c7-46ba-4204-bbae-4ae59d9ef5fa,E05 r1,quote,130,700,0,157.0,3,0,700
E05-s7-initial-365e75c7-46ba-4204-bbae-4ae59d9ef5fa,E05 r1,quote,140,700,0,157.0,1,0,700
E05-s7-initial-365e75c7-46ba-4204-bbae-4ae59d9ef5fa,E05 r1,quote,150,700,0,182.0,44,0,693
E05-s7-initial-365e75c7-46ba-4204-bbae-4ae59d9ef5fa,E05 r1,quote,160,700,0,174.0,20,0,688
E05-s7-initial-365e75c7-46ba-4204-bbae-4ae59d9ef5fa,E05 r1,quote,170,700,0,157.0,3,0,699
E05-s7-initial-365e75c7-46ba-4204-bbae-4ae59d9ef5fa,E05 r1,quote,180,700,0,161.0,13,0,700
E05-s7-initial-365e75c7-46ba-4204-bbae-4ae59d9ef5fa,E05 r1,quote,190,700,0,176.0,32,0,700
E05-s7-initial-365e75c7-46ba-4204-bbae-4ae59d9ef5fa,E05 r1,quote,200,700,0,160.0,4,0,700
E05-s7-initial-365e75c7-46ba-4204-bbae-4ae59d9ef5fa,E05 r1,quote,210,700,0,161.0,15,0,693
E05-s7-initial-365e75c7-46ba-4204-bbae-4ae59d9ef5fa,E05 r1,quote,220,700,0,176.0,39,0,697
E05-s7-initial-365e75c7-46ba-4204-bbae-4ae59d9ef5fa,E05 r1,quote,230,700,0,160.0,3,0,700
E05-s7-initial-365e75c7-46ba-4204-bbae-4ae59d9ef5fa,E05 r1,quote,240,700,0,158.0,7,0,700
E05-s7-initial-365e75c7-46ba-4204-bbae-4ae59d9ef5fa,E05 r1,quote,250,700,0,178.04999999999995,38,0,700
E05-s7-initial-365e75c7-46ba-4204-bbae-4ae59d9ef5fa,E05 r1,quote,260,700,0,155.0,3,0,700
E05-s7-initial-365e75c7-46ba-4204-bbae-4ae59d9ef5fa,E05 r1,quote,270,700,0,157.0,5,0,700
E05-s7-initial-365e75c7-46ba-4204-bbae-4ae59d9ef5fa,E05 r1,quote,280,700,0,180.0,40,0,700
E05-s7-initial-365e75c7-46ba-4204-bbae-4ae59d9ef5fa,E05 r1,quote,290,700,0,156.0,3,0,700
E05-s7-initial-365e75c7-46ba-4204-bbae-4ae59d9ef5fa,E05 r1,profile,0,300,0,199.05,255,0,45
E05-s7-initial-365e75c7-46ba-4204-bbae-4ae59d9ef5fa,E05 r1,profile,10,300,2,162.0,5,0,295
E05-s7-initial-365e75c7-46ba-4204-bbae-4ae59d9ef5fa,E05 r1,profile,20,300,1,183.05,13,0,287
E05-s7-initial-365e75c7-46ba-4204-bbae-4ae59d9ef5fa,E05 r1,profile,30,300,0,177.15000000000003,15,0,294
E05-s7-initial-365e75c7-46ba-4204-bbae-4ae59d9ef5fa,E05 r1,profile,40,300,0,182.05,23,0,294
E05-s7-initial-365e75c7-46ba-4204-bbae-4ae59d9ef5fa,E05 r1,profile,50,300,0,157.0,5,0,296
E05-s7-initial-365e75c7-46ba-4204-bbae-4ae59d9ef5fa,E05 r1,profile,60,300,0,170.30000000000007,14,0,290
E05-s7-initial-365e75c7-46ba-4204-bbae-4ae59d9ef5fa,E05 r1,profile,70,300,0,179.0,21,0,300
E05-s7-initial-365e75c7-46ba-4204-bbae-4ae59d9ef5fa,E05 r1,profile,80,300,0,154.05,1,0,300
E05-s7-initial-365e75c7-46ba-4204-bbae-4ae59d9ef5fa,E05 r1,profile,90,300,0,157.15000000000003,5,0,300
E05-s7-initial-365e75c7-46ba-4204-bbae-4ae59d9ef5fa,E05 r1,profile,100,300,0,181.0,22,0,300
E05-s7-initial-365e75c7-46ba-4204-bbae-4ae59d9ef5fa,E05 r1,profile,110,300,0,153.0,1,0,300
E05-s7-initial-365e75c7-46ba-4204-bbae-4ae59d9ef5fa,E05 r1,profile,120,300,0,160.10000000000002,5,0,300
E05-s7-initial-365e75c7-46ba-4204-bbae-4ae59d9ef5fa,E05 r1,profile,130,300,0,182.0,22,0,300
E05-s7-initial-365e75c7-46ba-4204-bbae-4ae59d9ef5fa,E05 r1,profile,140,300,0,155.0,1,0,300
E05-s7-initial-365e75c7-46ba-4204-bbae-4ae59d9ef5fa,E05 r1,profile,150,300,0,167.0,5,0,300
E05-s7-initial-365e75c7-46ba-4204-bbae-4ae59d9ef5fa,E05 r1,profile,160,300,0,184.05,29,0,292
E05-s7-initial-365e75c7-46ba-4204-bbae-4ae59d9ef5fa,E05 r1,profile,170,300,0,157.0,3,0,298
E05-s7-initial-365e75c7-46ba-4204-bbae-4ae59d9ef5fa,E05 r1,profile,180,300,0,156.0,4,0,300
E05-s7-initial-365e75c7-46ba-4204-bbae-4ae59d9ef5fa,E05 r1,profile,190,300,0,181.0,22,0,300
E05-s7-initial-365e75c7-46ba-4204-bbae-4ae59d9ef5fa,E05 r1,profile,200,300,0,155.10000000000002,2,0,300
E05-s7-initial-365e75c7-46ba-4204-bbae-4ae59d9ef5fa,E05 r1,profile,210,300,0,153.0,3,0,300
E05-s7-initial-365e75c7-46ba-4204-bbae-4ae59d9ef5fa,E05 r1,profile,220,300,0,180.05,23,0,300
E05-s7-initial-365e75c7-46ba-4204-bbae-4ae59d9ef5fa,E05 r1,profile,230,300,0,152.05,2,0,300
E05-s7-initial-365e75c7-46ba-4204-bbae-4ae59d9ef5fa,E05 r1,profile,240,300,0,155.05,2,0,300
E05-s7-initial-365e75c7-46ba-4204-bbae-4ae59d9ef5fa,E05 r1,profile,250,300,0,181.0,24,0,300
E05-s7-initial-365e75c7-46ba-4204-bbae-4ae59d9ef5fa,E05 r1,profile,260,300,0,154.0,2,0,300
E05-s7-initial-365e75c7-46ba-4204-bbae-4ae59d9ef5fa,E05 r1,profile,270,300,0,154.05,2,0,300
E05-s7-initial-365e75c7-46ba-4204-bbae-4ae59d9ef5fa,E05 r1,profile,280,300,0,178.05,24,0,300
E05-s7-initial-365e75c7-46ba-4204-bbae-4ae59d9ef5fa,E05 r1,profile,290,300,0,152.0,1,0,300
E09-s7-initial-3ac5e9c9-a9ae-4929-b535-fb8d4534a036,E09 r1,quote,0,700,0,199.0,700,1,0
E09-s7-initial-3ac5e9c9-a9ae-4929-b535-fb8d4534a036,E09 r1,quote,10,700,0,197.04999999999995,700,0,0
E09-s7-initial-3ac5e9c9-a9ae-4929-b535-fb8d4534a036,E09 r1,quote,20,700,0,202.0,700,0,0
E09-s7-initial-3ac5e9c9-a9ae-4929-b535-fb8d4534a036,E09 r1,quote,30,700,0,201.0,700,0,0
E09-s7-initial-3ac5e9c9-a9ae-4929-b535-fb8d4534a036,E09 r1,quote,40,700,0,197.0,700,0,0
E09-s7-initial-3ac5e9c9-a9ae-4929-b535-fb8d4534a036,E09 r1,quote,50,700,0,197.04999999999995,700,0,0
E09-s7-initial-3ac5e9c9-a9ae-4929-b535-fb8d4534a036,E09 r1,quote,60,700,0,197.0,700,0,0
E09-s7-initial-3ac5e9c9-a9ae-4929-b535-fb8d4534a036,E09 r1,quote,70,700,0,199.0,700,0,0
E09-s7-initial-3ac5e9c9-a9ae-4929-b535-fb8d4534a036,E09 r1,quote,80,700,0,197.04999999999995,700,0,0
E09-s7-initial-3ac5e9c9-a9ae-4929-b535-fb8d4534a036,E09 r1,quote,90,700,0,196.04999999999995,700,0,0
E09-s7-initial-3ac5e9c9-a9ae-4929-b535-fb8d4534a036,E09 r1,quote,100,700,0,198.0,700,0,0
E09-s7-initial-3ac5e9c9-a9ae-4929-b535-fb8d4534a036,E09 r1,quote,110,700,0,199.0,700,0,0
E09-s7-initial-3ac5e9c9-a9ae-4929-b535-fb8d4534a036,E09 r1,quote,120,700,0,197.04999999999995,700,0,0
E09-s7-initial-3ac5e9c9-a9ae-4929-b535-fb8d4534a036,E09 r1,quote,130,700,0,197.0,700,0,0
E09-s7-initial-3ac5e9c9-a9ae-4929-b535-fb8d4534a036,E09 r1,quote,140,700,0,199.04999999999995,700,0,0
E09-s7-initial-3ac5e9c9-a9ae-4929-b535-fb8d4534a036,E09 r1,quote,150,700,0,197.0,700,0,0
E09-s7-initial-3ac5e9c9-a9ae-4929-b535-fb8d4534a036,E09 r1,quote,160,700,0,197.0,700,0,0
E09-s7-initial-3ac5e9c9-a9ae-4929-b535-fb8d4534a036,E09 r1,quote,170,700,0,202.04999999999995,700,0,0
E09-s7-initial-3ac5e9c9-a9ae-4929-b535-fb8d4534a036,E09 r1,quote,180,672,46,2000.0,670,0,0
E09-s7-initial-3ac5e9c9-a9ae-4929-b535-fb8d4534a036,E09 r1,quote,190,665,87,2000.0,659,0,0
E09-s7-initial-3ac5e9c9-a9ae-4929-b535-fb8d4534a036,E09 r1,quote,200,700,0,204.04999999999995,700,0,0
E09-s7-initial-3ac5e9c9-a9ae-4929-b535-fb8d4534a036,E09 r1,quote,210,700,0,201.0,700,0,0
E09-s7-initial-3ac5e9c9-a9ae-4929-b535-fb8d4534a036,E09 r1,quote,220,700,0,201.0,700,0,0
E09-s7-initial-3ac5e9c9-a9ae-4929-b535-fb8d4534a036,E09 r1,quote,230,700,0,206.04999999999995,700,0,0
E09-s7-initial-3ac5e9c9-a9ae-4929-b535-fb8d4534a036,E09 r1,quote,240,700,0,390.2999999999997,700,0,0
E09-s7-initial-3ac5e9c9-a9ae-4929-b535-fb8d4534a036,E09 r1,quote,250,700,29,1496.149999999998,700,0,0
E09-s7-initial-3ac5e9c9-a9ae-4929-b535-fb8d4534a036,E09 r1,quote,260,690,125,2001.0,683,0,0
E09-s7-initial-3ac5e9c9-a9ae-4929-b535-fb8d4534a036,E09 r1,quote,270,700,0,202.04999999999995,700,0,0
E09-s7-initial-3ac5e9c9-a9ae-4929-b535-fb8d4534a036,E09 r1,quote,280,700,0,202.0,700,0,0
E09-s7-initial-3ac5e9c9-a9ae-4929-b535-fb8d4534a036,E09 r1,quote,290,700,0,204.04999999999995,700,0,0
E09-s7-initial-3ac5e9c9-a9ae-4929-b535-fb8d4534a036,E09 r1,profile,0,300,0,200.0,300,0,0
E09-s7-initial-3ac5e9c9-a9ae-4929-b535-fb8d4534a036,E09 r1,profile,10,300,0,197.05,300,0,0
E09-s7-initial-3ac5e9c9-a9ae-4929-b535-fb8d4534a036,E09 r1,profile,20,300,0,193.0,300,0,0
E09-s7-initial-3ac5e9c9-a9ae-4929-b535-fb8d4534a036,E09 r1,profile,30,300,0,195.0,300,0,0
E09-s7-initial-3ac5e9c9-a9ae-4929-b535-fb8d4534a036,E09 r1,profile,40,300,0,194.0,300,0,0
E09-s7-initial-3ac5e9c9-a9ae-4929-b535-fb8d4534a036,E09 r1,profile,50,300,0,192.0,300,0,0
E09-s7-initial-3ac5e9c9-a9ae-4929-b535-fb8d4534a036,E09 r1,profile,60,300,0,192.0,300,0,0
E09-s7-initial-3ac5e9c9-a9ae-4929-b535-fb8d4534a036,E09 r1,profile,70,300,0,194.05,300,0,0
E09-s7-initial-3ac5e9c9-a9ae-4929-b535-fb8d4534a036,E09 r1,profile,80,300,0,194.0,300,0,0
E09-s7-initial-3ac5e9c9-a9ae-4929-b535-fb8d4534a036,E09 r1,profile,90,300,0,195.0,300,0,0
E09-s7-initial-3ac5e9c9-a9ae-4929-b535-fb8d4534a036,E09 r1,profile,100,300,0,194.0,300,0,0
E09-s7-initial-3ac5e9c9-a9ae-4929-b535-fb8d4534a036,E09 r1,profile,110,300,0,195.05,300,0,0
E09-s7-initial-3ac5e9c9-a9ae-4929-b535-fb8d4534a036,E09 r1,profile,120,300,0,192.05,300,0,0
E09-s7-initial-3ac5e9c9-a9ae-4929-b535-fb8d4534a036,E09 r1,profile,130,300,0,191.0,300,0,0
E09-s7-initial-3ac5e9c9-a9ae-4929-b535-fb8d4534a036,E09 r1,profile,140,300,0,196.0,300,0,0
E09-s7-initial-3ac5e9c9-a9ae-4929-b535-fb8d4534a036,E09 r1,profile,150,300,0,192.05,300,0,0
E09-s7-initial-3ac5e9c9-a9ae-4929-b535-fb8d4534a036,E09 r1,profile,160,300,0,196.0,300,0,0
E09-s7-initial-3ac5e9c9-a9ae-4929-b535-fb8d4534a036,E09 r1,profile,170,300,0,193.05,300,0,0
E09-s7-initial-3ac5e9c9-a9ae-4929-b535-fb8d4534a036,E09 r1,profile,180,295,15,1839.7000000000025,295,0,0
E09-s7-initial-3ac5e9c9-a9ae-4929-b535-fb8d4534a036,E09 r1,profile,190,284,32,2000.0,281,0,0
E09-s7-initial-3ac5e9c9-a9ae-4929-b535-fb8d4534a036,E09 r1,profile,200,300,0,198.05,300,0,0
E09-s7-initial-3ac5e9c9-a9ae-4929-b535-fb8d4534a036,E09 r1,profile,210,300,0,202.05,300,0,0
E09-s7-initial-3ac5e9c9-a9ae-4929-b535-fb8d4534a036,E09 r1,profile,220,300,0,199.0,300,0,0
E09-s7-initial-3ac5e9c9-a9ae-4929-b535-fb8d4534a036,E09 r1,profile,230,300,0,204.10000000000002,300,0,0
E09-s7-initial-3ac5e9c9-a9ae-4929-b535-fb8d4534a036,E09 r1,profile,240,300,0,392.3500000000001,300,0,0
E09-s7-initial-3ac5e9c9-a9ae-4929-b535-fb8d4534a036,E09 r1,profile,250,300,11,1231.3500000000013,300,0,0
E09-s7-initial-3ac5e9c9-a9ae-4929-b535-fb8d4534a036,E09 r1,profile,260,298,49,2001.0,297,0,0
E09-s7-initial-3ac5e9c9-a9ae-4929-b535-fb8d4534a036,E09 r1,profile,270,300,0,199.05,300,0,0
E09-s7-initial-3ac5e9c9-a9ae-4929-b535-fb8d4534a036,E09 r1,profile,280,300,0,200.05,300,0,0
E09-s7-initial-3ac5e9c9-a9ae-4929-b535-fb8d4534a036,E09 r1,profile,290,299,0,195.09999999999997,299,0,0
E07-s7-initial-9f441662-e360-44ee-9faf-14a80afac612,E07 ausente r3,quote,0,700,0,191.04999999999995,19,0,700
E07-s7-initial-9f441662-e360-44ee-9faf-14a80afac612,E07 ausente r3,quote,10,700,0,160.0,21,0,700
E07-s7-initial-9f441662-e360-44ee-9faf-14a80afac612,E07 ausente r3,quote,20,700,0,152.04999999999995,8,0,700
E07-s7-initial-9f441662-e360-44ee-9faf-14a80afac612,E07 ausente r3,quote,30,700,0,161.0,17,0,700
E07-s7-initial-9f441662-e360-44ee-9faf-14a80afac612,E07 ausente r3,quote,40,700,0,170.04999999999995,23,0,700
E07-s7-initial-9f441662-e360-44ee-9faf-14a80afac612,E07 ausente r3,quote,50,700,0,152.0,7,0,700
E07-s7-initial-9f441662-e360-44ee-9faf-14a80afac612,E07 ausente r3,quote,60,700,0,159.0,16,0,700
E07-s7-initial-9f441662-e360-44ee-9faf-14a80afac612,E07 ausente r3,quote,70,700,0,156.0999999999999,25,0,700
E07-s7-initial-9f441662-e360-44ee-9faf-14a80afac612,E07 ausente r3,quote,80,700,0,155.04999999999995,6,0,700
E07-s7-initial-9f441662-e360-44ee-9faf-14a80afac612,E07 ausente r3,quote,90,700,0,154.04999999999995,13,0,700
E07-s7-initial-9f441662-e360-44ee-9faf-14a80afac612,E07 ausente r3,quote,100,700,0,162.04999999999995,28,0,700
E07-s7-initial-9f441662-e360-44ee-9faf-14a80afac612,E07 ausente r3,quote,110,700,0,153.0,7,0,700
E07-s7-initial-9f441662-e360-44ee-9faf-14a80afac612,E07 ausente r3,quote,120,700,0,156.0,13,0,700
E07-s7-initial-9f441662-e360-44ee-9faf-14a80afac612,E07 ausente r3,quote,130,700,0,165.24999999999977,28,0,700
E07-s7-initial-9f441662-e360-44ee-9faf-14a80afac612,E07 ausente r3,quote,140,700,0,152.04999999999995,5,0,700
E07-s7-initial-9f441662-e360-44ee-9faf-14a80afac612,E07 ausente r3,quote,150,700,0,153.04999999999995,15,0,700
E07-s7-initial-9f441662-e360-44ee-9faf-14a80afac612,E07 ausente r3,quote,160,700,0,158.04999999999995,24,0,700
E07-s7-initial-9f441662-e360-44ee-9faf-14a80afac612,E07 ausente r3,quote,170,700,0,152.04999999999995,8,0,700
E07-s7-initial-9f441662-e360-44ee-9faf-14a80afac612,E07 ausente r3,quote,180,700,0,153.04999999999995,16,0,700
E07-s7-initial-9f441662-e360-44ee-9faf-14a80afac612,E07 ausente r3,quote,190,700,0,158.0,23,0,700
E07-s7-initial-9f441662-e360-44ee-9faf-14a80afac612,E07 ausente r3,quote,200,700,0,149.0,8,0,700
E07-s7-initial-9f441662-e360-44ee-9faf-14a80afac612,E07 ausente r3,quote,210,700,0,151.0,15,0,700
E07-s7-initial-9f441662-e360-44ee-9faf-14a80afac612,E07 ausente r3,quote,220,700,0,164.0,25,0,700
E07-s7-initial-9f441662-e360-44ee-9faf-14a80afac612,E07 ausente r3,quote,230,700,0,156.0,8,0,700
E07-s7-initial-9f441662-e360-44ee-9faf-14a80afac612,E07 ausente r3,quote,240,700,0,153.0,15,0,700
E07-s7-initial-9f441662-e360-44ee-9faf-14a80afac612,E07 ausente r3,quote,250,700,0,158.0,21,0,700
E07-s7-initial-9f441662-e360-44ee-9faf-14a80afac612,E07 ausente r3,quote,260,700,0,154.0,12,0,700
E07-s7-initial-9f441662-e360-44ee-9faf-14a80afac612,E07 ausente r3,quote,270,700,0,150.0,14,0,700
E07-s7-initial-9f441662-e360-44ee-9faf-14a80afac612,E07 ausente r3,quote,280,700,0,163.0,22,0,700
E07-s7-initial-9f441662-e360-44ee-9faf-14a80afac612,E07 ausente r3,quote,290,700,0,156.04999999999995,12,0,700
E07-s7-initial-9f441662-e360-44ee-9faf-14a80afac612,E07 ausente r3,profile,0,300,0,189.15000000000003,9,0,300
E07-s7-initial-9f441662-e360-44ee-9faf-14a80afac612,E07 ausente r3,profile,10,300,0,165.05,9,0,300
E07-s7-initial-9f441662-e360-44ee-9faf-14a80afac612,E07 ausente r3,profile,20,300,0,161.0,11,0,300
E07-s7-initial-9f441662-e360-44ee-9faf-14a80afac612,E07 ausente r3,profile,30,300,0,164.05,8,0,300
E07-s7-initial-9f441662-e360-44ee-9faf-14a80afac612,E07 ausente r3,profile,40,300,0,161.05,10,0,300
E07-s7-initial-9f441662-e360-44ee-9faf-14a80afac612,E07 ausente r3,profile,50,300,0,158.05,9,0,300
E07-s7-initial-9f441662-e360-44ee-9faf-14a80afac612,E07 ausente r3,profile,60,300,0,168.10000000000002,10,0,300
E07-s7-initial-9f441662-e360-44ee-9faf-14a80afac612,E07 ausente r3,profile,70,300,0,161.05,9,0,300
E07-s7-initial-9f441662-e360-44ee-9faf-14a80afac612,E07 ausente r3,profile,80,300,0,164.05,10,0,300
E07-s7-initial-9f441662-e360-44ee-9faf-14a80afac612,E07 ausente r3,profile,90,300,0,158.0,9,0,300
E07-s7-initial-9f441662-e360-44ee-9faf-14a80afac612,E07 ausente r3,profile,100,300,0,158.15000000000003,8,0,300
E07-s7-initial-9f441662-e360-44ee-9faf-14a80afac612,E07 ausente r3,profile,110,300,0,165.05,10,0,300
E07-s7-initial-9f441662-e360-44ee-9faf-14a80afac612,E07 ausente r3,profile,120,300,0,166.05,9,0,300
E07-s7-initial-9f441662-e360-44ee-9faf-14a80afac612,E07 ausente r3,profile,130,300,0,170.15000000000003,10,0,300
E07-s7-initial-9f441662-e360-44ee-9faf-14a80afac612,E07 ausente r3,profile,140,300,0,181.05,15,0,294
E07-s7-initial-9f441662-e360-44ee-9faf-14a80afac612,E07 ausente r3,profile,150,300,0,174.10000000000002,13,0,296
E07-s7-initial-9f441662-e360-44ee-9faf-14a80afac612,E07 ausente r3,profile,160,300,0,164.10000000000002,9,0,300
E07-s7-initial-9f441662-e360-44ee-9faf-14a80afac612,E07 ausente r3,profile,170,300,0,162.10000000000002,8,0,300
E07-s7-initial-9f441662-e360-44ee-9faf-14a80afac612,E07 ausente r3,profile,180,300,0,161.35000000000008,12,0,300
E07-s7-initial-9f441662-e360-44ee-9faf-14a80afac612,E07 ausente r3,profile,190,300,0,159.25000000000006,9,0,300
E07-s7-initial-9f441662-e360-44ee-9faf-14a80afac612,E07 ausente r3,profile,200,300,0,151.05,7,0,300
E07-s7-initial-9f441662-e360-44ee-9faf-14a80afac612,E07 ausente r3,profile,210,300,0,173.0,13,0,300
E07-s7-initial-9f441662-e360-44ee-9faf-14a80afac612,E07 ausente r3,profile,220,300,0,156.05,7,0,300
E07-s7-initial-9f441662-e360-44ee-9faf-14a80afac612,E07 ausente r3,profile,230,300,0,165.05,8,0,300
E07-s7-initial-9f441662-e360-44ee-9faf-14a80afac612,E07 ausente r3,profile,240,300,0,158.05,12,0,300
E07-s7-initial-9f441662-e360-44ee-9faf-14a80afac612,E07 ausente r3,profile,250,300,0,160.15000000000003,7,0,300
E07-s7-initial-9f441662-e360-44ee-9faf-14a80afac612,E07 ausente r3,profile,260,300,0,156.05,8,0,300
E07-s7-initial-9f441662-e360-44ee-9faf-14a80afac612,E07 ausente r3,profile,270,300,0,155.05,12,0,300
E07-s7-initial-9f441662-e360-44ee-9faf-14a80afac612,E07 ausente r3,profile,280,300,0,156.20000000000005,9,0,300
E07-s7-initial-9f441662-e360-44ee-9faf-14a80afac612,E07 ausente r3,profile,290,300,0,165.05,8,0,300
E05-s7-initial-c12008c7-a879-49da-a571-53d3ab6db05c,E05 r2,quote,0,700,0,231.0,454,0,246
E05-s7-initial-c12008c7-a879-49da-a571-53d3ab6db05c,E05 r2,quote,10,700,0,197.04999999999995,9,0,691
E05-s7-initial-c12008c7-a879-49da-a571-53d3ab6db05c,E05 r2,quote,20,700,0,193.0,1,0,699
E05-s7-initial-c12008c7-a879-49da-a571-53d3ab6db05c,E05 r2,quote,30,700,0,213.0,48,0,698
E05-s7-initial-c12008c7-a879-49da-a571-53d3ab6db05c,E05 r2,quote,40,700,0,195.0,8,0,692
E05-s7-initial-c12008c7-a879-49da-a571-53d3ab6db05c,E05 r2,quote,50,700,0,193.0,1,0,700
E05-s7-initial-c12008c7-a879-49da-a571-53d3ab6db05c,E05 r2,quote,60,700,0,214.0,53,0,691
E05-s7-initial-c12008c7-a879-49da-a571-53d3ab6db05c,E05 r2,quote,70,700,0,203.0,2,0,699
E05-s7-initial-c12008c7-a879-49da-a571-53d3ab6db05c,E05 r2,quote,80,700,0,200.0,1,0,700
E05-s7-initial-c12008c7-a879-49da-a571-53d3ab6db05c,E05 r2,quote,90,700,0,228.0,44,0,700
E05-s7-initial-c12008c7-a879-49da-a571-53d3ab6db05c,E05 r2,quote,100,700,0,218.04999999999995,12,0,690
E05-s7-initial-c12008c7-a879-49da-a571-53d3ab6db05c,E05 r2,quote,110,700,0,205.0,1,0,700
E05-s7-initial-c12008c7-a879-49da-a571-53d3ab6db05c,E05 r2,quote,120,700,0,217.04999999999995,44,0,700
E05-s7-initial-c12008c7-a879-49da-a571-53d3ab6db05c,E05 r2,quote,130,700,0,198.04999999999995,3,0,700
E05-s7-initial-c12008c7-a879-49da-a571-53d3ab6db05c,E05 r2,quote,140,700,0,196.0,1,0,700
E05-s7-initial-c12008c7-a879-49da-a571-53d3ab6db05c,E05 r2,quote,150,700,0,218.0,41,0,700
E05-s7-initial-c12008c7-a879-49da-a571-53d3ab6db05c,E05 r2,quote,160,700,0,206.04999999999995,12,0,694
E05-s7-initial-c12008c7-a879-49da-a571-53d3ab6db05c,E05 r2,quote,170,700,0,221.14999999999986,5,0,696
E05-s7-initial-c12008c7-a879-49da-a571-53d3ab6db05c,E05 r2,quote,180,700,0,271.14999999999986,29,0,700
E05-s7-initial-c12008c7-a879-49da-a571-53d3ab6db05c,E05 r2,quote,190,700,0,278.04999999999995,17,0,700
E05-s7-initial-c12008c7-a879-49da-a571-53d3ab6db05c,E05 r2,quote,200,700,0,276.0,2,0,700
E05-s7-initial-c12008c7-a879-49da-a571-53d3ab6db05c,E05 r2,quote,210,700,0,276.14999999999986,18,0,700
E05-s7-initial-c12008c7-a879-49da-a571-53d3ab6db05c,E05 r2,quote,220,700,0,286.3499999999997,28,0,700
E05-s7-initial-c12008c7-a879-49da-a571-53d3ab6db05c,E05 r2,quote,230,700,0,288.0,2,0,700
E05-s7-initial-c12008c7-a879-49da-a571-53d3ab6db05c,E05 r2,quote,240,700,0,292.0,14,0,700
E05-s7-initial-c12008c7-a879-49da-a571-53d3ab6db05c,E05 r2,quote,250,700,0,340.0999999999999,31,0,700
E05-s7-initial-c12008c7-a879-49da-a571-53d3ab6db05c,E05 r2,quote,260,700,0,367.7999999999929,3,0,700
E05-s7-initial-c12008c7-a879-49da-a571-53d3ab6db05c,E05 r2,quote,270,700,0,554.0999999999999,8,0,700
E05-s7-initial-c12008c7-a879-49da-a571-53d3ab6db05c,E05 r2,quote,280,700,0,424.599999999994,37,0,700
E05-s7-initial-c12008c7-a879-49da-a571-53d3ab6db05c,E05 r2,quote,290,700,0,237.44999999999868,3,0,700
E05-s7-initial-c12008c7-a879-49da-a571-53d3ab6db05c,E05 r2,profile,0,300,0,229.0,248,0,52
E05-s7-initial-c12008c7-a879-49da-a571-53d3ab6db05c,E05 r2,profile,10,300,0,188.05,0,0,300
E05-s7-initial-c12008c7-a879-49da-a571-53d3ab6db05c,E05 r2,profile,20,300,0,186.05,0,0,300
E05-s7-initial-c12008c7-a879-49da-a571-53d3ab6db05c,E05 r2,profile,30,300,0,192.05,7,0,300
E05-s7-initial-c12008c7-a879-49da-a571-53d3ab6db05c,E05 r2,profile,40,300,0,217.05,20,0,298
E05-s7-initial-c12008c7-a879-49da-a571-53d3ab6db05c,E05 r2,profile,50,300,0,195.0,8,0,292
E05-s7-initial-c12008c7-a879-49da-a571-53d3ab6db05c,E05 r2,profile,60,300,0,189.0,5,0,300
E05-s7-initial-c12008c7-a879-49da-a571-53d3ab6db05c,E05 r2,profile,70,300,0,214.15000000000003,19,0,300
E05-s7-initial-c12008c7-a879-49da-a571-53d3ab6db05c,E05 r2,profile,80,300,0,202.05,9,0,292
E05-s7-initial-c12008c7-a879-49da-a571-53d3ab6db05c,E05 r2,profile,90,300,0,208.05,7,0,298
E05-s7-initial-c12008c7-a879-49da-a571-53d3ab6db05c,E05 r2,profile,100,300,0,220.05,19,0,300
E05-s7-initial-c12008c7-a879-49da-a571-53d3ab6db05c,E05 r2,profile,110,300,0,194.0,1,0,300
E05-s7-initial-c12008c7-a879-49da-a571-53d3ab6db05c,E05 r2,profile,120,300,0,193.0,6,0,300
E05-s7-initial-c12008c7-a879-49da-a571-53d3ab6db05c,E05 r2,profile,130,300,0,223.05,19,0,300
E05-s7-initial-c12008c7-a879-49da-a571-53d3ab6db05c,E05 r2,profile,140,300,0,191.05,0,0,300
E05-s7-initial-c12008c7-a879-49da-a571-53d3ab6db05c,E05 r2,profile,150,300,0,212.05,7,0,300
E05-s7-initial-c12008c7-a879-49da-a571-53d3ab6db05c,E05 r2,profile,160,300,0,219.20000000000005,19,0,300
E05-s7-initial-c12008c7-a879-49da-a571-53d3ab6db05c,E05 r2,profile,170,300,0,193.0,0,0,300
E05-s7-initial-c12008c7-a879-49da-a571-53d3ab6db05c,E05 r2,profile,180,300,0,226.10000000000002,7,0,300
E05-s7-initial-c12008c7-a879-49da-a571-53d3ab6db05c,E05 r2,profile,190,300,0,283.1,19,0,300
E05-s7-initial-c12008c7-a879-49da-a571-53d3ab6db05c,E05 r2,profile,200,300,0,281.05,0,0,300
E05-s7-initial-c12008c7-a879-49da-a571-53d3ab6db05c,E05 r2,profile,210,300,0,279.1,7,0,300
E05-s7-initial-c12008c7-a879-49da-a571-53d3ab6db05c,E05 r2,profile,220,300,0,238.05,19,0,300
E05-s7-initial-c12008c7-a879-49da-a571-53d3ab6db05c,E05 r2,profile,230,300,0,281.20000000000005,0,0,300
E05-s7-initial-c12008c7-a879-49da-a571-53d3ab6db05c,E05 r2,profile,240,300,0,286.15000000000003,7,0,300
E05-s7-initial-c12008c7-a879-49da-a571-53d3ab6db05c,E05 r2,profile,250,300,0,318.1,19,0,300
E05-s7-initial-c12008c7-a879-49da-a571-53d3ab6db05c,E05 r2,profile,260,300,0,548.05,0,0,300
E05-s7-initial-c12008c7-a879-49da-a571-53d3ab6db05c,E05 r2,profile,270,300,0,329.1,6,0,300
E05-s7-initial-c12008c7-a879-49da-a571-53d3ab6db05c,E05 r2,profile,280,300,0,293.25000000000006,20,0,300
E05-s7-initial-c12008c7-a879-49da-a571-53d3ab6db05c,E05 r2,profile,290,300,0,239.00000000000023,0,0,300
E09-s7-initial-3d00ce45-ef7c-4201-89ec-7722508474a9,E09 r2,quote,0,700,0,282.0,700,0,0
E09-s7-initial-3d00ce45-ef7c-4201-89ec-7722508474a9,E09 r2,quote,10,700,0,279.0,700,0,0
E09-s7-initial-3d00ce45-ef7c-4201-89ec-7722508474a9,E09 r2,quote,20,700,0,408.8999999999992,700,0,0
E09-s7-initial-3d00ce45-ef7c-4201-89ec-7722508474a9,E09 r2,quote,30,700,0,355.6499999999994,700,0,0
E09-s7-initial-3d00ce45-ef7c-4201-89ec-7722508474a9,E09 r2,quote,40,700,0,342.0,700,0,0
E09-s7-initial-3d00ce45-ef7c-4201-89ec-7722508474a9,E09 r2,quote,50,700,0,290.0,700,0,0
E09-s7-initial-3d00ce45-ef7c-4201-89ec-7722508474a9,E09 r2,quote,60,700,0,281.04999999999995,700,0,0
E09-s7-initial-3d00ce45-ef7c-4201-89ec-7722508474a9,E09 r2,quote,70,700,0,278.0,700,0,0
E09-s7-initial-3d00ce45-ef7c-4201-89ec-7722508474a9,E09 r2,quote,80,700,0,321.04999999999995,700,0,0
E09-s7-initial-3d00ce45-ef7c-4201-89ec-7722508474a9,E09 r2,quote,90,700,0,290.0999999999999,700,0,0
E09-s7-initial-3d00ce45-ef7c-4201-89ec-7722508474a9,E09 r2,quote,100,700,0,323.04999999999995,700,0,0
E09-s7-initial-3d00ce45-ef7c-4201-89ec-7722508474a9,E09 r2,quote,110,700,0,334.0,700,0,0
E09-s7-initial-3d00ce45-ef7c-4201-89ec-7722508474a9,E09 r2,quote,120,700,0,373.04999999999995,700,0,0
E09-s7-initial-3d00ce45-ef7c-4201-89ec-7722508474a9,E09 r2,quote,130,700,0,325.0,700,0,0
E09-s7-initial-3d00ce45-ef7c-4201-89ec-7722508474a9,E09 r2,quote,140,700,0,367.04999999999995,700,0,0
E09-s7-initial-3d00ce45-ef7c-4201-89ec-7722508474a9,E09 r2,quote,150,700,0,617.1499999999999,700,0,0
E09-s7-initial-3d00ce45-ef7c-4201-89ec-7722508474a9,E09 r2,quote,160,700,0,385.04999999999995,700,0,0
E09-s7-initial-3d00ce45-ef7c-4201-89ec-7722508474a9,E09 r2,quote,170,700,0,347.94999999999914,700,0,0
E09-s7-initial-3d00ce45-ef7c-4201-89ec-7722508474a9,E09 r2,quote,180,700,0,371.04999999999995,700,0,0
E09-s7-initial-3d00ce45-ef7c-4201-89ec-7722508474a9,E09 r2,quote,190,700,0,373.04999999999995,700,0,0
E09-s7-initial-3d00ce45-ef7c-4201-89ec-7722508474a9,E09 r2,quote,200,700,0,339.04999999999995,700,0,0
E09-s7-initial-3d00ce45-ef7c-4201-89ec-7722508474a9,E09 r2,quote,210,700,0,336.04999999999995,700,0,0
E09-s7-initial-3d00ce45-ef7c-4201-89ec-7722508474a9,E09 r2,quote,220,700,0,329.04999999999995,700,0,0
E09-s7-initial-3d00ce45-ef7c-4201-89ec-7722508474a9,E09 r2,quote,230,700,0,328.04999999999995,700,0,0
E09-s7-initial-3d00ce45-ef7c-4201-89ec-7722508474a9,E09 r2,quote,240,700,0,327.1999999999998,700,0,0
E09-s7-initial-3d00ce45-ef7c-4201-89ec-7722508474a9,E09 r2,quote,250,700,0,316.0,700,0,0
E09-s7-initial-3d00ce45-ef7c-4201-89ec-7722508474a9,E09 r2,quote,260,700,0,331.0,700,0,0
E09-s7-initial-3d00ce45-ef7c-4201-89ec-7722508474a9,E09 r2,quote,270,700,0,356.0,700,0,0
E09-s7-initial-3d00ce45-ef7c-4201-89ec-7722508474a9,E09 r2,quote,280,646,86,2001.0,635,0,0
E09-s7-initial-3d00ce45-ef7c-4201-89ec-7722508474a9,E09 r2,quote,290,700,0,403.04999999999995,700,0,0
E09-s7-initial-3d00ce45-ef7c-4201-89ec-7722508474a9,E09 r2,profile,0,300,0,274.4000000000001,300,0,0
E09-s7-initial-3d00ce45-ef7c-4201-89ec-7722508474a9,E09 r2,profile,10,300,0,291.15000000000003,300,0,0
E09-s7-initial-3d00ce45-ef7c-4201-89ec-7722508474a9,E09 r2,profile,20,300,0,603.45,300,0,0
E09-s7-initial-3d00ce45-ef7c-4201-89ec-7722508474a9,E09 r2,profile,30,300,0,417.3500000000003,300,0,0
E09-s7-initial-3d00ce45-ef7c-4201-89ec-7722508474a9,E09 r2,profile,40,300,0,324.20000000000005,300,0,0
E09-s7-initial-3d00ce45-ef7c-4201-89ec-7722508474a9,E09 r2,profile,50,300,0,301.4000000000003,300,0,0
E09-s7-initial-3d00ce45-ef7c-4201-89ec-7722508474a9,E09 r2,profile,60,300,0,289.0,300,0,0
E09-s7-initial-3d00ce45-ef7c-4201-89ec-7722508474a9,E09 r2,profile,70,300,0,331.5000000000001,300,0,0
E09-s7-initial-3d00ce45-ef7c-4201-89ec-7722508474a9,E09 r2,profile,80,300,0,329.05,300,0,0
E09-s7-initial-3d00ce45-ef7c-4201-89ec-7722508474a9,E09 r2,profile,90,300,0,324.1,300,0,0
E09-s7-initial-3d00ce45-ef7c-4201-89ec-7722508474a9,E09 r2,profile,100,300,0,326.05,300,0,0
E09-s7-initial-3d00ce45-ef7c-4201-89ec-7722508474a9,E09 r2,profile,110,300,0,317.9500000000002,300,0,0
E09-s7-initial-3d00ce45-ef7c-4201-89ec-7722508474a9,E09 r2,profile,120,300,0,310.1,300,0,0
E09-s7-initial-3d00ce45-ef7c-4201-89ec-7722508474a9,E09 r2,profile,130,300,0,313.4500000000001,300,0,0
E09-s7-initial-3d00ce45-ef7c-4201-89ec-7722508474a9,E09 r2,profile,140,300,0,367.5500000000001,300,0,0
E09-s7-initial-3d00ce45-ef7c-4201-89ec-7722508474a9,E09 r2,profile,150,300,0,627.05,300,0,0
E09-s7-initial-3d00ce45-ef7c-4201-89ec-7722508474a9,E09 r2,profile,160,300,0,401.2000000000003,300,0,0
E09-s7-initial-3d00ce45-ef7c-4201-89ec-7722508474a9,E09 r2,profile,170,300,0,318.25000000000006,300,0,0
E09-s7-initial-3d00ce45-ef7c-4201-89ec-7722508474a9,E09 r2,profile,180,300,0,349.20000000000005,300,0,0
E09-s7-initial-3d00ce45-ef7c-4201-89ec-7722508474a9,E09 r2,profile,190,300,0,332.25000000000006,300,0,0
E09-s7-initial-3d00ce45-ef7c-4201-89ec-7722508474a9,E09 r2,profile,200,300,0,375.15000000000003,300,0,0
E09-s7-initial-3d00ce45-ef7c-4201-89ec-7722508474a9,E09 r2,profile,210,300,0,338.30000000000007,300,0,0
E09-s7-initial-3d00ce45-ef7c-4201-89ec-7722508474a9,E09 r2,profile,220,300,0,341.10000000000025,300,0,0
E09-s7-initial-3d00ce45-ef7c-4201-89ec-7722508474a9,E09 r2,profile,230,300,0,329.20000000000005,300,0,0
E09-s7-initial-3d00ce45-ef7c-4201-89ec-7722508474a9,E09 r2,profile,240,300,0,324.1,300,0,0
E09-s7-initial-3d00ce45-ef7c-4201-89ec-7722508474a9,E09 r2,profile,250,300,0,324.05,300,0,0
E09-s7-initial-3d00ce45-ef7c-4201-89ec-7722508474a9,E09 r2,profile,260,300,0,333.4000000000001,300,0,0
E09-s7-initial-3d00ce45-ef7c-4201-89ec-7722508474a9,E09 r2,profile,270,300,0,280.05,300,0,0
E09-s7-initial-3d00ce45-ef7c-4201-89ec-7722508474a9,E09 r2,profile,280,285,29,2000.0,285,0,0
E09-s7-initial-3d00ce45-ef7c-4201-89ec-7722508474a9,E09 r2,profile,290,300,0,367.0,300,0,0
E05-s7-initial-239f7732-5212-4d43-971d-fd2ba47a7709,E05 r3,quote,0,700,0,237.0,277,0,420
E05-s7-initial-239f7732-5212-4d43-971d-fd2ba47a7709,E05 r3,quote,10,700,0,224.0,51,0,649
E05-s7-initial-239f7732-5212-4d43-971d-fd2ba47a7709,E05 r3,quote,20,700,0,226.0,97,0,603
E05-s7-initial-239f7732-5212-4d43-971d-fd2ba47a7709,E05 r3,quote,30,700,0,227.0,109,0,598
E05-s7-initial-239f7732-5212-4d43-971d-fd2ba47a7709,E05 r3,quote,40,700,0,227.0,96,0,630
E05-s7-initial-239f7732-5212-4d43-971d-fd2ba47a7709,E05 r3,quote,50,700,0,209.0999999999999,32,0,669
E05-s7-initial-239f7732-5212-4d43-971d-fd2ba47a7709,E05 r3,quote,60,700,0,211.0,39,0,682
E05-s7-initial-239f7732-5212-4d43-971d-fd2ba47a7709,E05 r3,quote,70,700,0,219.04999999999995,40,0,693
E05-s7-initial-239f7732-5212-4d43-971d-fd2ba47a7709,E05 r3,quote,80,700,0,195.04999999999995,9,0,700
E05-s7-initial-239f7732-5212-4d43-971d-fd2ba47a7709,E05 r3,quote,90,700,0,203.0,22,0,700
E05-s7-initial-239f7732-5212-4d43-971d-fd2ba47a7709,E05 r3,quote,100,700,0,214.04999999999995,35,0,700
E05-s7-initial-239f7732-5212-4d43-971d-fd2ba47a7709,E05 r3,quote,110,700,0,194.0,9,0,700
E05-s7-initial-239f7732-5212-4d43-971d-fd2ba47a7709,E05 r3,quote,120,700,0,206.04999999999995,21,0,700
E05-s7-initial-239f7732-5212-4d43-971d-fd2ba47a7709,E05 r3,quote,130,700,0,216.04999999999995,41,0,695
E05-s7-initial-239f7732-5212-4d43-971d-fd2ba47a7709,E05 r3,quote,140,700,0,195.0,14,0,695
E05-s7-initial-239f7732-5212-4d43-971d-fd2ba47a7709,E05 r3,quote,150,700,0,199.04999999999995,19,0,700
E05-s7-initial-239f7732-5212-4d43-971d-fd2ba47a7709,E05 r3,quote,160,700,0,215.0,38,0,700
E05-s7-initial-239f7732-5212-4d43-971d-fd2ba47a7709,E05 r3,quote,170,700,0,192.0,10,0,700
E05-s7-initial-239f7732-5212-4d43-971d-fd2ba47a7709,E05 r3,quote,180,700,0,199.0,19,0,700
E05-s7-initial-239f7732-5212-4d43-971d-fd2ba47a7709,E05 r3,quote,190,700,0,211.0,38,0,700
E05-s7-initial-239f7732-5212-4d43-971d-fd2ba47a7709,E05 r3,quote,200,700,0,206.04999999999995,9,0,700
E05-s7-initial-239f7732-5212-4d43-971d-fd2ba47a7709,E05 r3,quote,210,700,0,204.04999999999995,18,0,700
E05-s7-initial-239f7732-5212-4d43-971d-fd2ba47a7709,E05 r3,quote,220,700,0,212.04999999999995,39,0,700
E05-s7-initial-239f7732-5212-4d43-971d-fd2ba47a7709,E05 r3,quote,230,700,0,203.04999999999995,17,0,692
E05-s7-initial-239f7732-5212-4d43-971d-fd2ba47a7709,E05 r3,quote,240,700,0,206.04999999999995,20,0,698
E05-s7-initial-239f7732-5212-4d43-971d-fd2ba47a7709,E05 r3,quote,250,700,0,222.0,46,0,694
E05-s7-initial-239f7732-5212-4d43-971d-fd2ba47a7709,E05 r3,quote,260,700,0,213.0,12,0,696
E05-s7-initial-239f7732-5212-4d43-971d-fd2ba47a7709,E05 r3,quote,270,700,0,207.0,18,0,700
E05-s7-initial-239f7732-5212-4d43-971d-fd2ba47a7709,E05 r3,quote,280,700,0,220.0,41,0,700
E05-s7-initial-239f7732-5212-4d43-971d-fd2ba47a7709,E05 r3,quote,290,700,0,206.0,8,0,700
E05-s7-initial-239f7732-5212-4d43-971d-fd2ba47a7709,E05 r3,profile,0,300,0,246.05,167,0,133
E05-s7-initial-239f7732-5212-4d43-971d-fd2ba47a7709,E05 r3,profile,10,300,0,236.10000000000002,28,0,272
E05-s7-initial-239f7732-5212-4d43-971d-fd2ba47a7709,E05 r3,profile,20,300,0,231.0,50,0,250
E05-s7-initial-239f7732-5212-4d43-971d-fd2ba47a7709,E05 r3,profile,30,300,0,225.0,37,0,267
E05-s7-initial-239f7732-5212-4d43-971d-fd2ba47a7709,E05 r3,profile,40,300,0,230.05,39,0,275
E05-s7-initial-239f7732-5212-4d43-971d-fd2ba47a7709,E05 r3,profile,50,300,1,217.15000000000003,13,0,289
E05-s7-initial-239f7732-5212-4d43-971d-fd2ba47a7709,E05 r3,profile,60,300,0,226.0,17,0,290
E05-s7-initial-239f7732-5212-4d43-971d-fd2ba47a7709,E05 r3,profile,70,300,0,229.0,25,0,294
E05-s7-initial-239f7732-5212-4d43-971d-fd2ba47a7709,E05 r3,profile,80,300,0,210.15000000000003,7,0,296
E05-s7-initial-239f7732-5212-4d43-971d-fd2ba47a7709,E05 r3,profile,90,300,0,216.10000000000002,11,0,298
E05-s7-initial-239f7732-5212-4d43-971d-fd2ba47a7709,E05 r3,profile,100,300,0,220.10000000000002,28,0,291
E05-s7-initial-239f7732-5212-4d43-971d-fd2ba47a7709,E05 r3,profile,110,300,0,205.15000000000003,12,0,291
E05-s7-initial-239f7732-5212-4d43-971d-fd2ba47a7709,E05 r3,profile,120,300,0,208.15000000000003,10,0,300
E05-s7-initial-239f7732-5212-4d43-971d-fd2ba47a7709,E05 r3,profile,130,300,0,217.05,19,0,300
E05-s7-initial-239f7732-5212-4d43-971d-fd2ba47a7709,E05 r3,profile,140,300,0,196.0,3,0,300
E05-s7-initial-239f7732-5212-4d43-971d-fd2ba47a7709,E05 r3,profile,150,300,0,209.10000000000002,11,0,300
E05-s7-initial-239f7732-5212-4d43-971d-fd2ba47a7709,E05 r3,profile,160,300,0,215.0,19,0,300
E05-s7-initial-239f7732-5212-4d43-971d-fd2ba47a7709,E05 r3,profile,170,300,0,198.10000000000002,3,0,300
E05-s7-initial-239f7732-5212-4d43-971d-fd2ba47a7709,E05 r3,profile,180,300,0,211.0,11,0,300
E05-s7-initial-239f7732-5212-4d43-971d-fd2ba47a7709,E05 r3,profile,190,300,0,218.05,19,0,300
E05-s7-initial-239f7732-5212-4d43-971d-fd2ba47a7709,E05 r3,profile,200,300,0,211.05,3,0,300
E05-s7-initial-239f7732-5212-4d43-971d-fd2ba47a7709,E05 r3,profile,210,300,0,212.10000000000002,10,0,300
E05-s7-initial-239f7732-5212-4d43-971d-fd2ba47a7709,E05 r3,profile,220,300,0,221.05,18,0,300
E05-s7-initial-239f7732-5212-4d43-971d-fd2ba47a7709,E05 r3,profile,230,300,0,207.05,5,0,300
E05-s7-initial-239f7732-5212-4d43-971d-fd2ba47a7709,E05 r3,profile,240,300,0,208.15000000000003,10,0,300
E05-s7-initial-239f7732-5212-4d43-971d-fd2ba47a7709,E05 r3,profile,250,300,0,217.15000000000003,18,0,300
E05-s7-initial-239f7732-5212-4d43-971d-fd2ba47a7709,E05 r3,profile,260,300,0,206.4000000000001,5,0,300
E05-s7-initial-239f7732-5212-4d43-971d-fd2ba47a7709,E05 r3,profile,270,300,0,208.05,10,0,300
E05-s7-initial-239f7732-5212-4d43-971d-fd2ba47a7709,E05 r3,profile,280,300,0,214.10000000000002,18,0,300
E05-s7-initial-239f7732-5212-4d43-971d-fd2ba47a7709,E05 r3,profile,290,300,0,202.05,5,0,300
E09-s7-initial-d3741a37-33c6-4315-b958-62057e5c5dc9,E09 r3,quote,0,701,0,244.0,701,1,0
E09-s7-initial-d3741a37-33c6-4315-b958-62057e5c5dc9,E09 r3,quote,10,699,0,245.10000000000002,699,0,0
E09-s7-initial-d3741a37-33c6-4315-b958-62057e5c5dc9,E09 r3,quote,20,701,0,215.0,701,0,0
E09-s7-initial-d3741a37-33c6-4315-b958-62057e5c5dc9,E09 r3,quote,30,700,0,216.0,700,0,0
E09-s7-initial-d3741a37-33c6-4315-b958-62057e5c5dc9,E09 r3,quote,40,700,0,215.0,700,0,0
E09-s7-initial-d3741a37-33c6-4315-b958-62057e5c5dc9,E09 r3,quote,50,700,0,216.0,700,0,0
E09-s7-initial-d3741a37-33c6-4315-b958-62057e5c5dc9,E09 r3,quote,60,700,0,213.0,700,0,0
E09-s7-initial-d3741a37-33c6-4315-b958-62057e5c5dc9,E09 r3,quote,70,700,0,217.0,700,0,0
E09-s7-initial-d3741a37-33c6-4315-b958-62057e5c5dc9,E09 r3,quote,80,700,0,214.0,700,0,0
E09-s7-initial-d3741a37-33c6-4315-b958-62057e5c5dc9,E09 r3,quote,90,700,0,212.0,700,0,0
E09-s7-initial-d3741a37-33c6-4315-b958-62057e5c5dc9,E09 r3,quote,100,700,0,214.0,700,0,0
E09-s7-initial-d3741a37-33c6-4315-b958-62057e5c5dc9,E09 r3,quote,110,700,0,213.0,700,0,0
E09-s7-initial-d3741a37-33c6-4315-b958-62057e5c5dc9,E09 r3,quote,120,700,0,212.0,700,0,0
E09-s7-initial-d3741a37-33c6-4315-b958-62057e5c5dc9,E09 r3,quote,130,700,0,213.0,700,0,0
E09-s7-initial-d3741a37-33c6-4315-b958-62057e5c5dc9,E09 r3,quote,140,700,0,215.0,700,0,0
E09-s7-initial-d3741a37-33c6-4315-b958-62057e5c5dc9,E09 r3,quote,150,700,0,212.0,700,0,0
E09-s7-initial-d3741a37-33c6-4315-b958-62057e5c5dc9,E09 r3,quote,160,700,0,212.0,700,0,0
E09-s7-initial-d3741a37-33c6-4315-b958-62057e5c5dc9,E09 r3,quote,170,700,0,213.0,700,0,0
E09-s7-initial-d3741a37-33c6-4315-b958-62057e5c5dc9,E09 r3,quote,180,700,0,212.0,700,0,0
E09-s7-initial-d3741a37-33c6-4315-b958-62057e5c5dc9,E09 r3,quote,190,700,0,213.0,700,0,0
E09-s7-initial-d3741a37-33c6-4315-b958-62057e5c5dc9,E09 r3,quote,200,700,0,213.04999999999995,700,0,0
E09-s7-initial-d3741a37-33c6-4315-b958-62057e5c5dc9,E09 r3,quote,210,700,0,212.0,700,0,0
E09-s7-initial-d3741a37-33c6-4315-b958-62057e5c5dc9,E09 r3,quote,220,700,0,211.0,700,0,0
E09-s7-initial-d3741a37-33c6-4315-b958-62057e5c5dc9,E09 r3,quote,230,700,0,212.04999999999995,700,0,0
E09-s7-initial-d3741a37-33c6-4315-b958-62057e5c5dc9,E09 r3,quote,240,700,0,212.0,700,0,0
E09-s7-initial-d3741a37-33c6-4315-b958-62057e5c5dc9,E09 r3,quote,250,700,0,214.0,700,0,0
E09-s7-initial-d3741a37-33c6-4315-b958-62057e5c5dc9,E09 r3,quote,260,700,0,216.0,700,0,0
E09-s7-initial-d3741a37-33c6-4315-b958-62057e5c5dc9,E09 r3,quote,270,700,0,225.04999999999995,700,0,0
E09-s7-initial-d3741a37-33c6-4315-b958-62057e5c5dc9,E09 r3,quote,280,700,0,269.0,700,0,0
E09-s7-initial-d3741a37-33c6-4315-b958-62057e5c5dc9,E09 r3,quote,290,699,178,773.0,571,0,0
E09-s7-initial-d3741a37-33c6-4315-b958-62057e5c5dc9,E09 r3,profile,0,301,0,243.0,301,0,0
E09-s7-initial-d3741a37-33c6-4315-b958-62057e5c5dc9,E09 r3,profile,10,299,0,243.0,299,0,0
E09-s7-initial-d3741a37-33c6-4315-b958-62057e5c5dc9,E09 r3,profile,20,301,0,213.0,301,0,0
E09-s7-initial-d3741a37-33c6-4315-b958-62057e5c5dc9,E09 r3,profile,30,300,0,213.05,300,0,0
E09-s7-initial-d3741a37-33c6-4315-b958-62057e5c5dc9,E09 r3,profile,40,300,1,221.05,300,0,0
E09-s7-initial-d3741a37-33c6-4315-b958-62057e5c5dc9,E09 r3,profile,50,300,0,216.0,300,0,0
E09-s7-initial-d3741a37-33c6-4315-b958-62057e5c5dc9,E09 r3,profile,60,300,0,213.0,300,0,0
E09-s7-initial-d3741a37-33c6-4315-b958-62057e5c5dc9,E09 r3,profile,70,300,0,213.0,300,0,0
E09-s7-initial-d3741a37-33c6-4315-b958-62057e5c5dc9,E09 r3,profile,80,300,0,212.05,300,0,0
E09-s7-initial-d3741a37-33c6-4315-b958-62057e5c5dc9,E09 r3,profile,90,300,0,213.05,300,0,0
E09-s7-initial-d3741a37-33c6-4315-b958-62057e5c5dc9,E09 r3,profile,100,300,0,214.0,300,0,0
E09-s7-initial-d3741a37-33c6-4315-b958-62057e5c5dc9,E09 r3,profile,110,300,0,212.0,300,0,0
E09-s7-initial-d3741a37-33c6-4315-b958-62057e5c5dc9,E09 r3,profile,120,300,0,214.0,300,0,0
E09-s7-initial-d3741a37-33c6-4315-b958-62057e5c5dc9,E09 r3,profile,130,300,0,213.0,300,0,0
E09-s7-initial-d3741a37-33c6-4315-b958-62057e5c5dc9,E09 r3,profile,140,300,0,214.0,300,0,0
E09-s7-initial-d3741a37-33c6-4315-b958-62057e5c5dc9,E09 r3,profile,150,300,0,212.05,300,0,0
E09-s7-initial-d3741a37-33c6-4315-b958-62057e5c5dc9,E09 r3,profile,160,300,0,214.0,300,0,0
E09-s7-initial-d3741a37-33c6-4315-b958-62057e5c5dc9,E09 r3,profile,170,300,0,213.20000000000005,300,0,0
E09-s7-initial-d3741a37-33c6-4315-b958-62057e5c5dc9,E09 r3,profile,180,300,0,211.05,300,0,0
E09-s7-initial-d3741a37-33c6-4315-b958-62057e5c5dc9,E09 r3,profile,190,300,0,212.05,300,0,0
E09-s7-initial-d3741a37-33c6-4315-b958-62057e5c5dc9,E09 r3,profile,200,300,0,215.05,300,0,0
E09-s7-initial-d3741a37-33c6-4315-b958-62057e5c5dc9,E09 r3,profile,210,300,0,213.0,300,0,0
E09-s7-initial-d3741a37-33c6-4315-b958-62057e5c5dc9,E09 r3,profile,220,300,0,212.05,300,0,0
E09-s7-initial-d3741a37-33c6-4315-b958-62057e5c5dc9,E09 r3,profile,230,300,0,218.0,300,0,0
E09-s7-initial-d3741a37-33c6-4315-b958-62057e5c5dc9,E09 r3,profile,240,300,0,215.05,300,0,0
E09-s7-initial-d3741a37-33c6-4315-b958-62057e5c5dc9,E09 r3,profile,250,300,0,216.0,300,0,0
E09-s7-initial-d3741a37-33c6-4315-b958-62057e5c5dc9,E09 r3,profile,260,300,0,214.0,300,0,0
E09-s7-initial-d3741a37-33c6-4315-b958-62057e5c5dc9,E09 r3,profile,270,300,0,228.05,300,0,0
E09-s7-initial-d3741a37-33c6-4315-b958-62057e5c5dc9,E09 r3,profile,280,300,0,281.05,300,0,0
E09-s7-initial-d3741a37-33c6-4315-b958-62057e5c5dc9,E09 r3,profile,290,299,68,771.0,246,0,0
